<?xml version="1.0" encoding="UTF-8"?>
<row _id="4575000" _uuid="00063F35-1AD2-4FB9-ACCE-79033A21E39F" _address="http://data.cityofnewyork.us/resource/erm2-nwe9/4575000"><unique_key>24129234</unique_key><created_date year="2012" month="10" day="2">2012-10-02T00:00:00</created_date><closed_date year="2012" month="10" day="2">2012-10-02T00:00:00</closed_date><agency>DEP</agency><agency_name>Department of Environmental Protection</agency_name><complaint_type>Sewer</complaint_type><descriptor>Street Flooding (SJ)</descriptor><incident_zip>11375</incident_zip><intersection_street_1>74 AVENUE</intersection_street_1><intersection_street_2>UNION TURNPIKE</intersection_street_2><address_type>INTERSECTION</address_type><city>FOREST HILLS</city><facility_type>N/A</facility_type><status>Closed</status><resolution_action_updated_date year="2012" month="10" day="2">2012-10-02T00:00:00</resolution_action_updated_date><community_board>06 QUEENS</community_board><borough>QUEENS</borough><x_coordinate_state_plane_>1027037</x_coordinate_state_plane_><y_coordinate_state_plane_>197407</y_coordinate_state_plane_><park_facility_name>Unspecified</park_facility_name><park_borough>QUEENS</park_borough><school_name>Unspecified</school_name><school_number>Unspecified</school_number><school_region>Unspecified</school_region><school_code>Unspecified</school_code><school_phone_number>Unspecified</school_phone_number><school_address>Unspecified</school_address><school_city>Unspecified</school_city><school_state>Unspecified</school_state><school_zip>Unspecified</school_zip><latitude>40.708409916582</latitude><longitude>-73.84567118986877</longitude><location latitude="40.708409916582" longitude="-73.84567118986877"/></row>