<?xml version="1.0" encoding="UTF-8"?>
<row _id="4204020" _uuid="00072ECD-C8F6-4134-BE77-162DA985D8FB" _address="http://data.cityofnewyork.us/resource/erm2-nwe9/4204020"><unique_key>23535214</unique_key><created_date year="2012" month="7" day="2">2012-07-02T00:00:00</created_date><closed_date year="2012" month="8" day="1">2012-08-01T00:00:00</closed_date><agency>DOHMH</agency><agency_name>Department of Health and Mental Hygiene</agency_name><complaint_type>Rodent</complaint_type><descriptor>Rat Sighting</descriptor><location_type>3+ Family Apt. Building</location_type><incident_zip>11211</incident_zip><incident_address>293 NORTH 7 STREET</incident_address><street_name>NORTH 7 STREET</street_name><cross_street_1>HAVEMEYER STREET</cross_street_1><cross_street_2>MEEKER AVENUE</cross_street_2><address_type>ADDRESS</address_type><city>BROOKLYN</city><facility_type>N/A</facility_type><status>Closed</status><due_date>2012-08-01T00:00:00</due_date><resolution_action_updated_date year="2012" month="8" day="1">2012-08-01T00:00:00</resolution_action_updated_date><community_board>01 BROOKLYN</community_board><borough>BROOKLYN</borough><x_coordinate_state_plane_>997246</x_coordinate_state_plane_><y_coordinate_state_plane_>199766</y_coordinate_state_plane_><park_facility_name>Unspecified</park_facility_name><park_borough>BROOKLYN</park_borough><school_name>Unspecified</school_name><school_number>Unspecified</school_number><school_region>Unspecified</school_region><school_code>Unspecified</school_code><school_phone_number>Unspecified</school_phone_number><school_address>Unspecified</school_address><school_city>Unspecified</school_city><school_state>Unspecified</school_state><school_zip>Unspecified</school_zip><school_not_found>N</school_not_found><latitude>40.71497871842691</latitude><longitude>-73.95312001454633</longitude><location latitude="40.71497871842691" longitude="-73.95312001454633"/></row>