<?xml version="1.0" encoding="UTF-8"?>
<row _id="2224368" _uuid="00088DA0-4EFC-4732-99A0-01A8C417C4A0" _address="http://data.cityofnewyork.us/resource/erm2-nwe9/2224368"><unique_key>20441728</unique_key><created_date year="2011" month="5" day="16">2011-05-16T00:00:00</created_date><closed_date year="2011" month="5" day="23">2011-05-23T00:00:00</closed_date><agency>DOT</agency><agency_name>Department of Transportation</agency_name><complaint_type>Street Condition</complaint_type><descriptor>Cave-in</descriptor><location_type>Street</location_type><incident_zip>11216</incident_zip><incident_address>289 NEW YORK AVENUE</incident_address><street_name>NEW YORK AVENUE</street_name><cross_street_1>LINCOLN PLACE</cross_street_1><cross_street_2>EASTERN PARKWAY</cross_street_2><address_type>ADDRESS</address_type><city>BROOKLYN</city><facility_type>N/A</facility_type><status>Closed</status><due_date>2011-05-26T00:00:00</due_date><resolution_action_updated_date year="2011" month="5" day="23">2011-05-23T00:00:00</resolution_action_updated_date><community_board>08 BROOKLYN</community_board><borough>BROOKLYN</borough><x_coordinate_state_plane_>998766</x_coordinate_state_plane_><y_coordinate_state_plane_>183452</y_coordinate_state_plane_><park_facility_name>Unspecified</park_facility_name><park_borough>BROOKLYN</park_borough><school_name>Unspecified</school_name><school_number>Unspecified</school_number><school_region>Unspecified</school_region><school_code>Unspecified</school_code><school_phone_number>Unspecified</school_phone_number><school_address>Unspecified</school_address><school_city>Unspecified</school_city><school_state>Unspecified</school_state><school_zip>Unspecified</school_zip><school_not_found>N</school_not_found><latitude>40.67019820411706</latitude><longitude>-73.94767213104254</longitude><location latitude="40.67019820411706" longitude="-73.94767213104254"/></row>