<?xml version="1.0" encoding="UTF-8"?>
<row _id="498141" _uuid="0010EBA6-F8A6-4150-BCEB-FB4B14764D4F" _address="http://data.cityofnewyork.us/resource/erm2-nwe9/498141"><unique_key>16755745</unique_key><created_date year="2010" month="5" day="28">2010-05-28T00:00:00</created_date><closed_date year="2010" month="6" day="3">2010-06-03T00:00:00</closed_date><agency>HPD</agency><agency_name>Department of Housing Preservation and Development</agency_name><complaint_type>GENERAL CONSTRUCTION</complaint_type><descriptor>WINDOWS</descriptor><location_type>RESIDENTIAL BUILDING</location_type><incident_zip>11226</incident_zip><incident_address>3017 NEWKIRK AVENUE</incident_address><street_name>NEWKIRK AVENUE</street_name><cross_street_1>NOSTRAND AVENUE</cross_street_1><cross_street_2>EAST 31 STREET</cross_street_2><address_type>ADDRESS</address_type><city>BROOKLYN</city><facility_type>N/A</facility_type><status>Closed</status><resolution_action_updated_date year="2010" month="6" day="3">2010-06-03T00:00:00</resolution_action_updated_date><community_board>0 Unspecified</community_board><borough>Unspecified</borough><x_coordinate_state_plane_>998638</x_coordinate_state_plane_><y_coordinate_state_plane_>172454</y_coordinate_state_plane_><park_facility_name>Unspecified</park_facility_name><park_borough>Unspecified</park_borough><school_name>Unspecified</school_name><school_number>Unspecified</school_number><school_region>Unspecified</school_region><school_code>Unspecified</school_code><school_phone_number>Unspecified</school_phone_number><school_address>Unspecified</school_address><school_city>Unspecified</school_city><school_state>Unspecified</school_state><school_zip>Unspecified</school_zip><latitude>40.64001131399201</latitude><longitude>-73.94815701441176</longitude><location latitude="40.64001131399201" longitude="-73.94815701441176"/></row>