<?xml version="1.0" encoding="UTF-8"?>
<row _id="4574735" _uuid="0014735D-609A-44EC-8DFC-CE2E8DEB3CA2" _address="http://data.cityofnewyork.us/resource/erm2-nwe9/4574735"><unique_key>24128322</unique_key><created_date year="2012" month="10" day="2">2012-10-02T00:00:00</created_date><closed_date year="2012" month="10" day="5">2012-10-05T00:00:00</closed_date><agency>DEP</agency><agency_name>Department of Environmental Protection</agency_name><complaint_type>Lead</complaint_type><descriptor>Lead Kit Request (Residential) (L10)</descriptor><incident_zip>10014</incident_zip><incident_address>130 JANE STREET</incident_address><street_name>JANE STREET</street_name><cross_street_1>WASHINGTON STREET</cross_street_1><cross_street_2>JOE DIMAGGIO HIGHWAY</cross_street_2><address_type>ADDRESS</address_type><city>NEW YORK</city><facility_type>N/A</facility_type><status>Closed</status><resolution_action_updated_date year="2012" month="10" day="5">2012-10-05T00:00:00</resolution_action_updated_date><community_board>02 MANHATTAN</community_board><borough>MANHATTAN</borough><x_coordinate_state_plane_>981750</x_coordinate_state_plane_><y_coordinate_state_plane_>208200</y_coordinate_state_plane_><park_facility_name>Unspecified</park_facility_name><park_borough>MANHATTAN</park_borough><school_name>Unspecified</school_name><school_number>Unspecified</school_number><school_region>Unspecified</school_region><school_code>Unspecified</school_code><school_phone_number>Unspecified</school_phone_number><school_address>Unspecified</school_address><school_city>Unspecified</school_city><school_state>Unspecified</school_state><school_zip>Unspecified</school_zip><latitude>40.738137187895425</latitude><longitude>-74.00902129067599</longitude><location latitude="40.738137187895425" longitude="-74.00902129067599"/></row>