<?xml version="1.0" encoding="UTF-8"?>
<row _id="258480" _uuid="001621FD-9851-4904-9539-DA648715390A" _address="http://data.cityofnewyork.us/resource/erm2-nwe9/258480"><unique_key>16116057</unique_key><created_date year="2010" month="3" day="2">2010-03-02T00:00:00</created_date><closed_date year="2010" month="3" day="2">2010-03-02T00:00:00</closed_date><agency>DOT</agency><agency_name>Department of Transportation</agency_name><complaint_type>Street Condition</complaint_type><descriptor>Rough, Pitted or Cracked Roads</descriptor><location_type>Street</location_type><incident_zip>10314</incident_zip><intersection_street_1>DICKIE AVENUE</intersection_street_1><intersection_street_2>COLUMBUS PLACE</intersection_street_2><address_type>INTERSECTION</address_type><city>STATEN ISLAND</city><facility_type>N/A</facility_type><status>Closed</status><due_date>2010-05-31T00:00:00</due_date><resolution_action_updated_date year="2010" month="3" day="2">2010-03-02T00:00:00</resolution_action_updated_date><community_board>01 STATEN ISLAND</community_board><borough>STATEN ISLAND</borough><x_coordinate_state_plane_>945915</x_coordinate_state_plane_><y_coordinate_state_plane_>164011</y_coordinate_state_plane_><park_facility_name>Unspecified</park_facility_name><park_borough>STATEN ISLAND</park_borough><school_name>Unspecified</school_name><school_number>Unspecified</school_number><school_region>Unspecified</school_region><school_code>Unspecified</school_code><school_phone_number>Unspecified</school_phone_number><school_address>Unspecified</school_address><school_city>Unspecified</school_city><school_state>Unspecified</school_state><school_zip>Unspecified</school_zip><school_not_found>N</school_not_found><latitude>40.61676581229178</latitude><longitude>-74.13808100279223</longitude><location latitude="40.61676581229178" longitude="-74.13808100279223"/></row>