<?xml version="1.0" encoding="UTF-8"?>
<row _id="3010646" _uuid="00162D88-9ADA-48D1-9D2A-F57E5FFC7493" _address="http://data.cityofnewyork.us/resource/erm2-nwe9/3010646"><unique_key>21570638</unique_key><created_date year="2011" month="10" day="3">2011-10-03T00:00:00</created_date><agency>HPD</agency><agency_name>Department of Housing Preservation and Development</agency_name><complaint_type>GENERAL CONSTRUCTION</complaint_type><descriptor>WINDOW GUARDS</descriptor><location_type>RESIDENTIAL BUILDING</location_type><incident_zip>11208</incident_zip><incident_address>538 LOGAN STREET</incident_address><street_name>LOGAN STREET</street_name><cross_street_1>BELMONT AVENUE</cross_street_1><cross_street_2>SUTTER AVENUE</cross_street_2><address_type>ADDRESS</address_type><city>BROOKLYN</city><facility_type>N/A</facility_type><status>Open</status><resolution_action_updated_date year="2011" month="10" day="18">2011-10-18T00:00:00</resolution_action_updated_date><community_board>05 BROOKLYN</community_board><borough>BROOKLYN</borough><x_coordinate_state_plane_>1018722</x_coordinate_state_plane_><y_coordinate_state_plane_>184445</y_coordinate_state_plane_><park_facility_name>Unspecified</park_facility_name><park_borough>BROOKLYN</park_borough><school_name>Unspecified</school_name><school_number>Unspecified</school_number><school_region>Unspecified</school_region><school_code>Unspecified</school_code><school_phone_number>Unspecified</school_phone_number><school_address>Unspecified</school_address><school_city>Unspecified</school_city><school_state>Unspecified</school_state><school_zip>Unspecified</school_zip><latitude>40.672868551683706</latitude><longitude>-73.87572891849183</longitude><location latitude="40.672868551683706" longitude="-73.87572891849183"/></row>