<?xml version="1.0" encoding="UTF-8"?>
<row _id="4340838" _uuid="0016F958-2B21-4DAA-B956-1B02FBFC22E6" _address="http://data.cityofnewyork.us/resource/erm2-nwe9/4340838"><unique_key>23730265</unique_key><created_date year="2012" month="8" day="2">2012-08-02T00:00:00</created_date><closed_date year="2012" month="8" day="20">2012-08-20T00:00:00</closed_date><agency>HPD</agency><agency_name>Department of Housing Preservation and Development</agency_name><complaint_type>PAINT - PLASTER</complaint_type><descriptor>WALLS</descriptor><location_type>RESIDENTIAL BUILDING</location_type><incident_zip>11208</incident_zip><incident_address>130 GLEN STREET</incident_address><street_name>GLEN STREET</street_name><cross_street_1>CRESCENT STREET</cross_street_1><cross_street_2>AUTUMN AVENUE</cross_street_2><address_type>ADDRESS</address_type><city>BROOKLYN</city><facility_type>N/A</facility_type><status>Closed</status><resolution_action_updated_date year="2012" month="8" day="20">2012-08-20T00:00:00</resolution_action_updated_date><community_board>05 BROOKLYN</community_board><borough>BROOKLYN</borough><x_coordinate_state_plane_>1020084</x_coordinate_state_plane_><y_coordinate_state_plane_>187397</y_coordinate_state_plane_><park_facility_name>Unspecified</park_facility_name><park_borough>BROOKLYN</park_borough><school_name>Unspecified</school_name><school_number>Unspecified</school_number><school_region>Unspecified</school_region><school_code>Unspecified</school_code><school_phone_number>Unspecified</school_phone_number><school_address>Unspecified</school_address><school_city>Unspecified</school_city><school_state>Unspecified</school_state><school_zip>Unspecified</school_zip><latitude>40.680965708125626</latitude><longitude>-73.87080323867436</longitude><location latitude="40.680965708125626" longitude="-73.87080323867436"/></row>