<?xml version="1.0" encoding="UTF-8"?>
<row _id="257659" _uuid="0017F1C2-00C2-4EB3-A3AD-1E7259A68A12" _address="http://data.cityofnewyork.us/resource/erm2-nwe9/257659"><unique_key>16120563</unique_key><created_date year="2010" month="3" day="2">2010-03-02T00:00:00</created_date><closed_date year="2010" month="3" day="4">2010-03-04T00:00:00</closed_date><agency>HPD</agency><agency_name>Department of Housing Preservation and Development</agency_name><complaint_type>NONCONST</complaint_type><descriptor>CARBON MONOXIDE</descriptor><location_type>RESIDENTIAL BUILDING</location_type><incident_zip>10454</incident_zip><incident_address>454 EAST 144 STREET</incident_address><street_name>EAST 144 STREET</street_name><cross_street_1>WILLIS AVENUE</cross_street_1><cross_street_2>BROOK AVENUE</cross_street_2><address_type>ADDRESS</address_type><city>BRONX</city><facility_type>N/A</facility_type><status>Closed</status><resolution_action_updated_date year="2010" month="3" day="4">2010-03-04T00:00:00</resolution_action_updated_date><community_board>0 Unspecified</community_board><borough>Unspecified</borough><x_coordinate_state_plane_>1006907</x_coordinate_state_plane_><y_coordinate_state_plane_>235153</y_coordinate_state_plane_><park_facility_name>Unspecified</park_facility_name><park_borough>Unspecified</park_borough><school_name>Unspecified</school_name><school_number>Unspecified</school_number><school_region>Unspecified</school_region><school_code>Unspecified</school_code><school_phone_number>Unspecified</school_phone_number><school_address>Unspecified</school_address><school_city>Unspecified</school_city><school_state>Unspecified</school_state><school_zip>Unspecified</school_zip><latitude>40.812087393318805</latitude><longitude>-73.91815099235254</longitude><location latitude="40.812087393318805" longitude="-73.91815099235254"/></row>