<?xml version="1.0" encoding="UTF-8"?>
<row _id="918" _uuid="001C8D0E-5BA9-450E-8C5A-41E1861EAD8A" _address="http://data.cityofnewyork.us/resource/erm2-nwe9/918"><unique_key>15638263</unique_key><created_date year="2010" month="1" day="2">2010-01-02T00:00:00</created_date><closed_date year="2010" month="1" day="15">2010-01-15T00:00:00</closed_date><agency>HPD</agency><agency_name>Department of Housing Preservation and Development</agency_name><complaint_type>PLUMBING</complaint_type><descriptor>SEWER</descriptor><location_type>RESIDENTIAL BUILDING</location_type><incident_zip>10027</incident_zip><incident_address>41 ST NICHOLAS TERRACE</incident_address><street_name>ST NICHOLAS TERRACE</street_name><cross_street_1>WEST 129 STREET</cross_street_1><cross_street_2>WEST 130 STREET</cross_street_2><address_type>ADDRESS</address_type><city>NEW YORK</city><facility_type>N/A</facility_type><status>Closed</status><resolution_action_updated_date year="2010" month="1" day="15">2010-01-15T00:00:00</resolution_action_updated_date><community_board>0 Unspecified</community_board><borough>Unspecified</borough><x_coordinate_state_plane_>997741</x_coordinate_state_plane_><y_coordinate_state_plane_>235720</y_coordinate_state_plane_><park_facility_name>Unspecified</park_facility_name><park_borough>Unspecified</park_borough><school_name>Unspecified</school_name><school_number>Unspecified</school_number><school_region>Unspecified</school_region><school_code>Unspecified</school_code><school_phone_number>Unspecified</school_phone_number><school_address>Unspecified</school_address><school_city>Unspecified</school_city><school_state>Unspecified</school_state><school_zip>Unspecified</school_zip><latitude>40.81366240227156</latitude><longitude>-73.95126225932395</longitude><location latitude="40.81366240227156" longitude="-73.95126225932395"/></row>