<?xml version="1.0" encoding="UTF-8"?>
<row _id="2721832" _uuid="00200E62-2C72-417A-880F-6CDEE4D613FD" _address="http://data.cityofnewyork.us/resource/erm2-nwe9/2721832"><unique_key>20960259</unique_key><created_date year="2011" month="8" day="2">2011-08-02T00:00:00</created_date><closed_date year="2011" month="9" day="22">2011-09-22T00:00:00</closed_date><agency>DEP</agency><agency_name>Department of Environmental Protection</agency_name><complaint_type>Water System</complaint_type><descriptor>Hydrant Knocked Over/Missing (WC)</descriptor><incident_zip>11211</incident_zip><incident_address>602 LORIMER STREET</incident_address><street_name>LORIMER STREET</street_name><cross_street_1>CONSELYEA STREET</cross_street_1><cross_street_2>SKILLMAN AVENUE</cross_street_2><address_type>ADDRESS</address_type><city>BROOKLYN</city><facility_type>N/A</facility_type><status>Closed</status><resolution_action_updated_date year="2011" month="9" day="22">2011-09-22T00:00:00</resolution_action_updated_date><community_board>01 BROOKLYN</community_board><borough>BROOKLYN</borough><x_coordinate_state_plane_>998247</x_coordinate_state_plane_><y_coordinate_state_plane_>199773</y_coordinate_state_plane_><park_facility_name>Unspecified</park_facility_name><park_borough>BROOKLYN</park_borough><school_name>Unspecified</school_name><school_number>Unspecified</school_number><school_region>Unspecified</school_region><school_code>Unspecified</school_code><school_phone_number>Unspecified</school_phone_number><school_address>Unspecified</school_address><school_city>Unspecified</school_city><school_state>Unspecified</school_state><school_zip>Unspecified</school_zip><latitude>40.71499640472199</latitude><longitude>-73.94950913084614</longitude><location latitude="40.71499640472199" longitude="-73.94950913084614"/></row>