<?xml version="1.0" encoding="UTF-8"?>
<row _id="932233" _uuid="0024971F-82DA-44C6-86FC-C7D5AFA6B1A7" _address="http://data.cityofnewyork.us/resource/erm2-nwe9/932233"><unique_key>18401596</unique_key><created_date year="2010" month="8" day="3">2010-08-03T00:00:00</created_date><closed_date year="2010" month="8" day="3">2010-08-03T00:00:00</closed_date><agency>DOT</agency><agency_name>Department of Transportation</agency_name><complaint_type>Sidewalk Condition</complaint_type><descriptor>Dismiss Violation Owner Fixed</descriptor><location_type>Sidewalk</location_type><incident_zip>11219</incident_zip><incident_address>1355 45 STREET</incident_address><street_name>45 STREET</street_name><cross_street_1>13 AVENUE</cross_street_1><cross_street_2>14 AVENUE</cross_street_2><address_type>ADDRESS</address_type><city>BROOKLYN</city><facility_type>N/A</facility_type><status>Closed</status><due_date>2010-09-02T00:00:00</due_date><resolution_action_updated_date year="2010" month="8" day="3">2010-08-03T00:00:00</resolution_action_updated_date><community_board>12 BROOKLYN</community_board><borough>BROOKLYN</borough><x_coordinate_state_plane_>987414</x_coordinate_state_plane_><y_coordinate_state_plane_>171192</y_coordinate_state_plane_><park_facility_name>Unspecified</park_facility_name><park_borough>BROOKLYN</park_borough><school_name>Unspecified</school_name><school_number>Unspecified</school_number><school_region>Unspecified</school_region><school_code>Unspecified</school_code><school_phone_number>Unspecified</school_phone_number><school_address>Unspecified</school_address><school_city>Unspecified</school_city><school_state>Unspecified</school_state><school_zip>Unspecified</school_zip><school_not_found>N</school_not_found><latitude>40.636558514702614</latitude><longitude>-73.98860003405204</longitude><location latitude="40.636558514702614" longitude="-73.98860003405204"/></row>