<?xml version="1.0" encoding="UTF-8"?>
<row _id="4203106" _uuid="0025BF93-F50F-4285-BA7F-5A7B4177391B" _address="http://data.cityofnewyork.us/resource/erm2-nwe9/4203106"><unique_key>23532610</unique_key><created_date year="2012" month="7" day="2">2012-07-02T00:00:00</created_date><closed_date year="2012" month="7" day="9">2012-07-09T00:00:00</closed_date><agency>DOT</agency><agency_name>Department of Transportation</agency_name><complaint_type>Sidewalk Condition</complaint_type><descriptor>Newspaper Box Complaint</descriptor><location_type>Sidewalk</location_type><incident_zip>11219</incident_zip><intersection_street_1>49 STREET</intersection_street_1><intersection_street_2>NEW UTRECHT AVENUE</intersection_street_2><address_type>INTERSECTION</address_type><city>BROOKLYN</city><facility_type>N/A</facility_type><status>Closed</status><due_date>2012-08-31T00:00:00</due_date><resolution_action_updated_date year="2012" month="7" day="9">2012-07-09T00:00:00</resolution_action_updated_date><community_board>12 BROOKLYN</community_board><borough>BROOKLYN</borough><x_coordinate_state_plane_>985712</x_coordinate_state_plane_><y_coordinate_state_plane_>171204</y_coordinate_state_plane_><park_facility_name>Unspecified</park_facility_name><park_borough>BROOKLYN</park_borough><school_name>Unspecified</school_name><school_number>Unspecified</school_number><school_region>Unspecified</school_region><school_code>Unspecified</school_code><school_phone_number>Unspecified</school_phone_number><school_address>Unspecified</school_address><school_city>Unspecified</school_city><school_state>Unspecified</school_state><school_zip>Unspecified</school_zip><school_not_found>N</school_not_found><latitude>40.63659189659396</latitude><longitude>-73.99473237720723</longitude><location latitude="40.63659189659396" longitude="-73.99473237720723"/></row>