<?xml version="1.0" encoding="UTF-8"?>
<row _id="1631018" _uuid="002DC405-9734-4ADB-AC70-B5F720FA9D3F" _address="http://data.cityofnewyork.us/resource/erm2-nwe9/1631018"><unique_key>19512361</unique_key><created_date year="2011" month="1" day="2">2011-01-02T00:00:00</created_date><closed_date year="2011" month="1" day="2">2011-01-02T00:00:00</closed_date><agency>NYPD</agency><agency_name>New York City Police Department</agency_name><complaint_type>Blocked Driveway</complaint_type><descriptor>No Access</descriptor><location_type>Street/Sidewalk</location_type><incident_zip>11369</incident_zip><incident_address>23-19 91 STREET</incident_address><street_name>91 STREET</street_name><cross_street_1>23 AVENUE</cross_street_1><cross_street_2>24 AVENUE</cross_street_2><address_type>ADDRESS</address_type><city>EAST ELMHURST</city><facility_type>Precinct</facility_type><status>Closed</status><due_date>2011-01-02T00:00:00</due_date><resolution_action_updated_date year="2011" month="1" day="2">2011-01-02T00:00:00</resolution_action_updated_date><community_board>03 QUEENS</community_board><borough>QUEENS</borough><x_coordinate_state_plane_>1017780</x_coordinate_state_plane_><y_coordinate_state_plane_>218821</y_coordinate_state_plane_><park_facility_name>Unspecified</park_facility_name><park_borough>QUEENS</park_borough><school_name>Unspecified</school_name><school_number>Unspecified</school_number><school_region>Unspecified</school_region><school_code>Unspecified</school_code><school_phone_number>Unspecified</school_phone_number><school_address>Unspecified</school_address><school_city>Unspecified</school_city><school_state>Unspecified</school_state><school_zip>Unspecified</school_zip><school_not_found>N</school_not_found><latitude>40.76722590790108</latitude><longitude>-73.87895356509617</longitude><location latitude="40.76722590790108" longitude="-73.87895356509617"/></row>