<?xml version="1.0" encoding="UTF-8"?>
<row _id="1632" _uuid="002ECF3F-E2E7-4BC4-9F7D-71159915D5FD" _address="http://data.cityofnewyork.us/resource/erm2-nwe9/1632"><unique_key>15637895</unique_key><created_date year="2010" month="1" day="2">2010-01-02T00:00:00</created_date><closed_date year="2010" month="1" day="2">2010-01-02T00:00:00</closed_date><agency>NYPD</agency><agency_name>New York City Police Department</agency_name><complaint_type>Vending</complaint_type><descriptor>In Prohibited Area</descriptor><location_type>Street/Sidewalk</location_type><incident_zip>10012</incident_zip><incident_address>148 SPRING STREET</incident_address><street_name>SPRING STREET</street_name><cross_street_1>WOOSTER STREET</cross_street_1><cross_street_2>WEST BROADWAY</cross_street_2><address_type>ADDRESS</address_type><city>NEW YORK</city><facility_type>Precinct</facility_type><status>Closed</status><due_date>2010-01-03T00:00:00</due_date><resolution_action_updated_date year="2010" month="1" day="2">2010-01-02T00:00:00</resolution_action_updated_date><community_board>02 MANHATTAN</community_board><borough>MANHATTAN</borough><x_coordinate_state_plane_>983868</x_coordinate_state_plane_><y_coordinate_state_plane_>203150</y_coordinate_state_plane_><park_facility_name>Unspecified</park_facility_name><park_borough>MANHATTAN</park_borough><school_name>Unspecified</school_name><school_number>Unspecified</school_number><school_region>Unspecified</school_region><school_code>Unspecified</school_code><school_phone_number>Unspecified</school_phone_number><school_address>Unspecified</school_address><school_city>Unspecified</school_city><school_state>Unspecified</school_state><school_zip>Unspecified</school_zip><latitude>40.72427652060539</latitude><longitude>-74.00137816651763</longitude><location latitude="40.72427652060539" longitude="-74.00137816651763"/></row>