<?xml version="1.0" encoding="UTF-8"?>
<row _id="932063" _uuid="0035F2D2-D0BE-4F45-B1AE-B7A73B807823" _address="http://data.cityofnewyork.us/resource/erm2-nwe9/932063"><unique_key>18396527</unique_key><created_date year="2010" month="8" day="2">2010-08-02T00:00:00</created_date><closed_date year="2010" month="9" day="13">2010-09-13T00:00:00</closed_date><agency>DSNY</agency><agency_name>Department of Sanitation</agency_name><complaint_type>Graffiti</complaint_type><descriptor>Graffiti</descriptor><location_type>Mixed Use</location_type><incident_zip>11221</incident_zip><incident_address>194 MALCOM X BOULEVARD</incident_address><street_name>MALCOM X BOULEVARD</street_name><cross_street_1>MADISON STREET</cross_street_1><cross_street_2>PUTNAM AVENUE</cross_street_2><address_type>ADDRESS</address_type><city>BROOKLYN</city><facility_type>N/A</facility_type><status>Closed</status><resolution_action_updated_date year="2010" month="9" day="24">2010-09-24T00:00:00</resolution_action_updated_date><community_board>03 BROOKLYN</community_board><borough>BROOKLYN</borough><x_coordinate_state_plane_>1003711</x_coordinate_state_plane_><y_coordinate_state_plane_>189479</y_coordinate_state_plane_><park_facility_name>Unspecified</park_facility_name><park_borough>BROOKLYN</park_borough><school_name>Unspecified</school_name><school_number>Unspecified</school_number><school_region>Unspecified</school_region><school_code>Unspecified</school_code><school_phone_number>Unspecified</school_phone_number><school_address>Unspecified</school_address><school_city>Unspecified</school_city><school_state>Unspecified</school_state><school_zip>Unspecified</school_zip><latitude>40.6867314608869</latitude><longitude>-73.92982879570724</longitude><location latitude="40.6867314608869" longitude="-73.92982879570724"/></row>