<?xml version="1.0" encoding="UTF-8"?>
<row _id="793733" _uuid="003F9A02-7AEE-4B83-A1B8-E51C919E4CE0" _address="http://data.cityofnewyork.us/resource/erm2-nwe9/793733"><unique_key>17565639</unique_key><created_date year="2010" month="7" day="2">2010-07-02T00:00:00</created_date><closed_date year="2010" month="7" day="2">2010-07-02T00:00:00</closed_date><agency>NYPD</agency><agency_name>New York City Police Department</agency_name><complaint_type>Noise - House of Worship</complaint_type><descriptor>Loud Music/Party</descriptor><location_type>House of Worship</location_type><incident_zip>11234</incident_zip><incident_address>4118 AVENUE R</incident_address><street_name>AVENUE R</street_name><cross_street_1>COLEMAN STREET</cross_street_1><cross_street_2>HENDRICKSON STREET</cross_street_2><address_type>ADDRESS</address_type><city>BROOKLYN</city><facility_type>Precinct</facility_type><status>Closed</status><due_date>2010-07-02T00:00:00</due_date><resolution_action_updated_date year="2010" month="7" day="2">2010-07-02T00:00:00</resolution_action_updated_date><community_board>18 BROOKLYN</community_board><borough>BROOKLYN</borough><x_coordinate_state_plane_>1003357</x_coordinate_state_plane_><y_coordinate_state_plane_>163513</y_coordinate_state_plane_><park_facility_name>Unspecified</park_facility_name><park_borough>BROOKLYN</park_borough><school_name>Unspecified</school_name><school_number>Unspecified</school_number><school_region>Unspecified</school_region><school_code>Unspecified</school_code><school_phone_number>Unspecified</school_phone_number><school_address>Unspecified</school_address><school_city>Unspecified</school_city><school_state>Unspecified</school_state><school_zip>Unspecified</school_zip><school_not_found>N</school_not_found><latitude>40.61546123500556</latitude><longitude>-73.93117878341937</longitude><location latitude="40.61546123500556" longitude="-73.93117878341937"/></row>