<?xml version="1.0" encoding="UTF-8"?>
<row _id="3010156" _uuid="00425654-4161-4477-A2C8-6B70B00077A9" _address="http://data.cityofnewyork.us/resource/erm2-nwe9/3010156"><unique_key>21568774</unique_key><created_date year="2011" month="10" day="3">2011-10-03T00:00:00</created_date><closed_date year="2011" month="9" day="30">2011-09-30T00:00:00</closed_date><agency>DOT</agency><agency_name>Department of Transportation</agency_name><complaint_type>Street Light Condition</complaint_type><descriptor>Street Light Out</descriptor><cross_street_1>134 ST E</cross_street_1><cross_street_2>ST ANNS AVE</cross_street_2><intersection_street_1>134 ST E</intersection_street_1><intersection_street_2>ST ANNS AVE</intersection_street_2><address_type>INTERSECTION</address_type><facility_type>N/A</facility_type><status>Pending</status><resolution_action_updated_date year="2011" month="9" day="30">2011-09-30T00:00:00</resolution_action_updated_date><community_board>Unspecified BRONX</community_board><borough>BRONX</borough><park_facility_name>Unspecified</park_facility_name><park_borough>BRONX</park_borough><school_name>Unspecified</school_name><school_number>Unspecified</school_number><school_region>Unspecified</school_region><school_code>Unspecified</school_code><school_phone_number>Unspecified</school_phone_number><school_address>Unspecified</school_address><school_city>Unspecified</school_city><school_state>Unspecified</school_state><school_zip>Unspecified</school_zip></row>