<?xml version="1.0" encoding="UTF-8"?>
<row _id="1199" _uuid="00433F80-694D-4800-A2F4-914341C7A768" _address="http://data.cityofnewyork.us/resource/erm2-nwe9/1199"><unique_key>15639124</unique_key><created_date year="2010" month="1" day="2">2010-01-02T00:00:00</created_date><closed_date year="2010" month="1" day="13">2010-01-13T00:00:00</closed_date><agency>HPD</agency><agency_name>Department of Housing Preservation and Development</agency_name><complaint_type>HEATING</complaint_type><descriptor>HEAT</descriptor><location_type>RESIDENTIAL BUILDING</location_type><incident_zip>11213</incident_zip><incident_address>307 ALBANY AVENUE</incident_address><street_name>ALBANY AVENUE</street_name><cross_street_1>LINCOLN PLACE</cross_street_1><cross_street_2>EASTERN PARKWAY</cross_street_2><address_type>ADDRESS</address_type><city>BROOKLYN</city><facility_type>N/A</facility_type><status>Closed</status><resolution_action_updated_date year="2010" month="1" day="13">2010-01-13T00:00:00</resolution_action_updated_date><community_board>0 Unspecified</community_board><borough>Unspecified</borough><x_coordinate_state_plane_>1001075</x_coordinate_state_plane_><y_coordinate_state_plane_>183369</y_coordinate_state_plane_><park_facility_name>Unspecified</park_facility_name><park_borough>Unspecified</park_borough><school_name>Unspecified</school_name><school_number>Unspecified</school_number><school_region>Unspecified</school_region><school_code>Unspecified</school_code><school_phone_number>Unspecified</school_phone_number><school_address>Unspecified</school_address><school_city>Unspecified</school_city><school_state>Unspecified</school_state><school_zip>Unspecified</school_zip><latitude>40.66996630067769</latitude><longitude>-73.93934876329176</longitude><location latitude="40.66996630067769" longitude="-73.93934876329176"/></row>