<?xml version="1.0" encoding="UTF-8"?>
<row _id="4575045" _uuid="0044F6F6-59A1-4B2C-AC75-A645A0CFB980" _address="http://data.cityofnewyork.us/resource/erm2-nwe9/4575045"><unique_key>24129969</unique_key><created_date year="2012" month="10" day="2">2012-10-02T00:00:00</created_date><closed_date year="2012" month="10" day="4">2012-10-04T00:00:00</closed_date><agency>DEP</agency><agency_name>Department of Environmental Protection</agency_name><complaint_type>Water System</complaint_type><descriptor>Hydrant Leaking (WC1)</descriptor><incident_zip>11208</incident_zip><intersection_street_1>LINDEN BOULEVARD</intersection_street_1><intersection_street_2>RUBY STREET</intersection_street_2><address_type>INTERSECTION</address_type><city>BROOKLYN</city><facility_type>N/A</facility_type><status>Closed</status><resolution_action_updated_date year="2012" month="10" day="4">2012-10-04T00:00:00</resolution_action_updated_date><community_board>05 BROOKLYN</community_board><borough>BROOKLYN</borough><x_coordinate_state_plane_>1023075</x_coordinate_state_plane_><y_coordinate_state_plane_>183355</y_coordinate_state_plane_><park_facility_name>Unspecified</park_facility_name><park_borough>BROOKLYN</park_borough><school_name>Unspecified</school_name><school_number>Unspecified</school_number><school_region>Unspecified</school_region><school_code>Unspecified</school_code><school_phone_number>Unspecified</school_phone_number><school_address>Unspecified</school_address><school_city>Unspecified</school_city><school_state>Unspecified</school_state><school_zip>Unspecified</school_zip><latitude>40.6698587291702</latitude><longitude>-73.86004271731996</longitude><location latitude="40.6698587291702" longitude="-73.86004271731996"/></row>