<?xml version="1.0" encoding="UTF-8"?>
<row _id="4575044" _uuid="00469594-8015-4E4F-9322-3C84766E5BD6" _address="http://data.cityofnewyork.us/resource/erm2-nwe9/4575044"><unique_key>24129970</unique_key><created_date year="2012" month="10" day="2">2012-10-02T00:00:00</created_date><closed_date year="2012" month="10" day="3">2012-10-03T00:00:00</closed_date><agency>DEP</agency><agency_name>Department of Environmental Protection</agency_name><complaint_type>Water System</complaint_type><descriptor>Hydrant Running (WC3)</descriptor><incident_zip>11206</incident_zip><incident_address> HARRISON PLACE</incident_address><street_name>HARRISON PLACE</street_name><cross_street_1>BOGART STREET</cross_street_1><cross_street_2>MORGAN AVENUE</cross_street_2><address_type>BLOCKFACE</address_type><city>BROOKLYN</city><facility_type>N/A</facility_type><status>Closed</status><resolution_action_updated_date year="2012" month="10" day="3">2012-10-03T00:00:00</resolution_action_updated_date><community_board>01 BROOKLYN</community_board><borough>BROOKLYN</borough><x_coordinate_state_plane_>1002908</x_coordinate_state_plane_><y_coordinate_state_plane_>196580</y_coordinate_state_plane_><park_facility_name>Unspecified</park_facility_name><park_borough>BROOKLYN</park_borough><school_name>Unspecified</school_name><school_number>Unspecified</school_number><school_region>Unspecified</school_region><school_code>Unspecified</school_code><school_phone_number>Unspecified</school_phone_number><school_address>Unspecified</school_address><school_city>Unspecified</school_city><school_state>Unspecified</school_state><school_zip>Unspecified</school_zip><latitude>40.706223778676005</latitude><longitude>-73.93270452936643</longitude><location latitude="40.706223778676005" longitude="-73.93270452936643"/></row>