<?xml version="1.0" encoding="UTF-8"?>
<row _id="932134" _uuid="00472BE9-04B3-4C61-A270-D21AEEA1E298" _address="http://data.cityofnewyork.us/resource/erm2-nwe9/932134"><unique_key>18397384</unique_key><created_date year="2010" month="8" day="2">2010-08-02T00:00:00</created_date><closed_date year="2010" month="7" day="30">2010-07-30T00:00:00</closed_date><agency>DOT</agency><agency_name>Department of Transportation</agency_name><complaint_type>Street Light Condition</complaint_type><descriptor>Street Light Out</descriptor><incident_zip>11423</incident_zip><intersection_street_1>JAMAICA AVENUE</intersection_street_1><intersection_street_2>197 STREET</intersection_street_2><address_type>INTERSECTION</address_type><city>HOLLIS</city><facility_type>N/A</facility_type><status>Pending</status><resolution_action_updated_date year="2010" month="7" day="30">2010-07-30T00:00:00</resolution_action_updated_date><community_board>12 QUEENS</community_board><borough>QUEENS</borough><x_coordinate_state_plane_>1049961</x_coordinate_state_plane_><y_coordinate_state_plane_>199267</y_coordinate_state_plane_><park_facility_name>Unspecified</park_facility_name><park_borough>QUEENS</park_borough><school_name>Unspecified</school_name><school_number>Unspecified</school_number><school_region>Unspecified</school_region><school_code>Unspecified</school_code><school_phone_number>Unspecified</school_phone_number><school_address>Unspecified</school_address><school_city>Unspecified</school_city><school_state>Unspecified</school_state><school_zip>Unspecified</school_zip><latitude>40.71337460598351</latitude><longitude>-73.76296859035922</longitude><location latitude="40.71337460598351" longitude="-73.76296859035922"/></row>