<?xml version="1.0" encoding="UTF-8"?>
<row _id="927000" _uuid="004BA778-E1F0-4C19-B7F5-9AA6977EADF4" _address="http://data.cityofnewyork.us/resource/erm2-nwe9/927000"><unique_key>18387981</unique_key><created_date year="2010" month="8" day="2">2010-08-02T00:00:00</created_date><closed_date year="1900" month="1" day="1">1900-01-01T00:00:00</closed_date><agency>DOHMH</agency><agency_name>Department of Health and Mental Hygiene</agency_name><complaint_type>Smoking</complaint_type><descriptor>Smoking Violation</descriptor><location_type>Residential Building</location_type><incident_zip>10025</incident_zip><incident_address>160 WEST 97 STREET</incident_address><street_name>WEST 97 STREET</street_name><cross_street_1>COLUMBUS AVENUE</cross_street_1><cross_street_2>AMSTERDAM AVENUE</cross_street_2><address_type>ADDRESS</address_type><city>NEW YORK</city><facility_type>N/A</facility_type><status>Assigned</status><due_date>2010-09-08T00:00:00</due_date><resolution_action_updated_date year="2010" month="8" day="2">2010-08-02T00:00:00</resolution_action_updated_date><community_board>07 MANHATTAN</community_board><borough>MANHATTAN</borough><x_coordinate_state_plane_>992925</x_coordinate_state_plane_><y_coordinate_state_plane_>228639</y_coordinate_state_plane_><park_facility_name>Unspecified</park_facility_name><park_borough>MANHATTAN</park_borough><school_name>Unspecified</school_name><school_number>Unspecified</school_number><school_region>Unspecified</school_region><school_code>Unspecified</school_code><school_phone_number>Unspecified</school_phone_number><school_address>Unspecified</school_address><school_city>Unspecified</school_city><school_state>Unspecified</school_state><school_zip>Unspecified</school_zip><school_not_found>N</school_not_found><latitude>40.794233046225806</latitude><longitude>-73.96866974336201</longitude><location latitude="40.794233046225806" longitude="-73.96866974336201"/></row>