<?xml version="1.0" encoding="UTF-8"?>
<row _id="4997853" _uuid="004E648C-25E8-41F3-844B-C52BA4B71DC5" _address="http://data.cityofnewyork.us/resource/erm2-nwe9/4997853"><unique_key>24708702</unique_key><created_date year="2013" month="1" day="2">2013-01-02T00:00:00</created_date><agency>HPD</agency><agency_name>Department of Housing Preservation and Development</agency_name><complaint_type>ELECTRIC</complaint_type><descriptor>ELECTRIC-SUPPLY</descriptor><location_type>RESIDENTIAL BUILDING</location_type><incident_zip>11235</incident_zip><incident_address>2448 BRAGG STREET</incident_address><street_name>BRAGG STREET</street_name><cross_street_1>AVENUE X</cross_street_1><cross_street_2>AVENUE Y</cross_street_2><address_type>ADDRESS</address_type><city>BROOKLYN</city><facility_type>N/A</facility_type><status>Open</status><resolution_action_updated_date year="2013" month="1" day="2">2013-01-02T00:00:00</resolution_action_updated_date><community_board>15 BROOKLYN</community_board><borough>BROOKLYN</borough><x_coordinate_state_plane_>1002383</x_coordinate_state_plane_><y_coordinate_state_plane_>155386</y_coordinate_state_plane_><park_facility_name>Unspecified</park_facility_name><park_borough>BROOKLYN</park_borough><school_name>Unspecified</school_name><school_number>Unspecified</school_number><school_region>Unspecified</school_region><school_code>Unspecified</school_code><school_phone_number>Unspecified</school_phone_number><school_address>Unspecified</school_address><school_city>Unspecified</school_city><school_state>Unspecified</school_state><school_zip>Unspecified</school_zip><latitude>40.59315632940691</latitude><longitude>-73.9347088365269</longitude><location latitude="40.59315632940691" longitude="-73.9347088365269"/></row>