<?xml version="1.0" encoding="UTF-8"?>
<row _id="1907820" _uuid="00509966-CE8C-42B2-98C1-67EC4C56E5DF" _address="http://data.cityofnewyork.us/resource/erm2-nwe9/1907820"><unique_key>20043996</unique_key><created_date year="2011" month="3" day="16">2011-03-16T00:00:00</created_date><closed_date year="2011" month="3" day="18">2011-03-18T00:00:00</closed_date><agency>DOT</agency><agency_name>Department of Transportation</agency_name><complaint_type>Bridge Condition</complaint_type><descriptor>Pothole</descriptor><location_type>Bridge</location_type><incident_zip>11201</incident_zip><city>BROOKLYN</city><facility_type>N/A</facility_type><status>Closed</status><due_date>2011-09-03T00:00:00</due_date><resolution_action_updated_date year="2011" month="3" day="18">2011-03-18T00:00:00</resolution_action_updated_date><community_board>02 BROOKLYN</community_board><borough>BROOKLYN</borough><x_coordinate_state_plane_>985758</x_coordinate_state_plane_><y_coordinate_state_plane_>195854</y_coordinate_state_plane_><park_facility_name>Unspecified</park_facility_name><park_borough>BROOKLYN</park_borough><school_name>Unspecified</school_name><school_number>Unspecified</school_number><school_region>Unspecified</school_region><school_code>Unspecified</school_code><school_phone_number>Unspecified</school_phone_number><school_address>Unspecified</school_address><school_city>Unspecified</school_city><school_state>Unspecified</school_state><school_zip>Unspecified</school_zip><school_not_found>N</school_not_found><bridge_highway_name>Brooklyn Br</bridge_highway_name><bridge_highway_direction>Manhattan Bound</bridge_highway_direction><road_ramp>Ramp</road_ramp><bridge_highway_segment>Ramp</bridge_highway_segment><latitude>40.70425062258877</latitude><longitude>-73.99456112358945</longitude><location latitude="40.70425062258877" longitude="-73.99456112358945"/></row>