<?xml version="1.0" encoding="UTF-8"?>
<row _id="2229844" _uuid="00538343-CCE1-47BA-BE4C-8A70D1149068" _address="http://data.cityofnewyork.us/resource/erm2-nwe9/2229844"><unique_key>20456876</unique_key><created_date year="2011" month="5" day="18">2011-05-18T00:00:00</created_date><closed_date year="2011" month="5" day="22">2011-05-22T00:00:00</closed_date><agency>DOHMH</agency><agency_name>Department of Health and Mental Hygiene</agency_name><complaint_type>Rodent</complaint_type><descriptor>Condition Attracting Rodents</descriptor><location_type>Vacant Lot</location_type><incident_zip>11413</incident_zip><incident_address>134-21 232 STREET</incident_address><street_name>232 STREET</street_name><cross_street_1>MERRICK BOULEVARD</cross_street_1><cross_street_2>135 AVENUE</cross_street_2><address_type>ADDRESS</address_type><city>SPRINGFIELD GARDENS</city><facility_type>N/A</facility_type><status>Closed</status><due_date>2011-06-17T00:00:00</due_date><resolution_action_updated_date year="2011" month="7" day="6">2011-07-06T00:00:00</resolution_action_updated_date><community_board>13 QUEENS</community_board><borough>QUEENS</borough><x_coordinate_state_plane_>1056901</x_coordinate_state_plane_><y_coordinate_state_plane_>185197</y_coordinate_state_plane_><park_facility_name>Unspecified</park_facility_name><park_borough>QUEENS</park_borough><school_name>Unspecified</school_name><school_number>Unspecified</school_number><school_region>Unspecified</school_region><school_code>Unspecified</school_code><school_phone_number>Unspecified</school_phone_number><school_address>Unspecified</school_address><school_city>Unspecified</school_city><school_state>Unspecified</school_state><school_zip>Unspecified</school_zip><latitude>40.67470162175104</latitude><longitude>-73.73808665253794</longitude><location latitude="40.67470162175104" longitude="-73.73808665253794"/></row>