<?xml version="1.0" encoding="UTF-8"?>
<row _id="2587137" _uuid="0059F665-BEC0-4B7D-89FA-AA4E12EF047B" _address="http://data.cityofnewyork.us/resource/erm2-nwe9/2587137"><unique_key>20757881</unique_key><created_date year="2011" month="7" day="2">2011-07-02T00:00:00</created_date><agency>HPD</agency><agency_name>Department of Housing Preservation and Development</agency_name><complaint_type>PLUMBING</complaint_type><descriptor>SEWER</descriptor><location_type>RESIDENTIAL BUILDING</location_type><incident_zip>11208</incident_zip><incident_address>71 WELDON STREET</incident_address><street_name>WELDON STREET</street_name><cross_street_1>EUCLID AVENUE</cross_street_1><cross_street_2>CRESCENT STREET</cross_street_2><address_type>ADDRESS</address_type><city>BROOKLYN</city><facility_type>N/A</facility_type><status>Open</status><resolution_action_updated_date year="2011" month="7" day="18">2011-07-18T00:00:00</resolution_action_updated_date><community_board>05 BROOKLYN</community_board><borough>BROOKLYN</borough><x_coordinate_state_plane_>1019667</x_coordinate_state_plane_><y_coordinate_state_plane_>187070</y_coordinate_state_plane_><park_facility_name>Unspecified</park_facility_name><park_borough>BROOKLYN</park_borough><school_name>Unspecified</school_name><school_number>Unspecified</school_number><school_region>Unspecified</school_region><school_code>Unspecified</school_code><school_phone_number>Unspecified</school_phone_number><school_address>Unspecified</school_address><school_city>Unspecified</school_city><school_state>Unspecified</school_state><school_zip>Unspecified</school_zip><latitude>40.68006984659703</latitude><longitude>-73.87230841691677</longitude><location latitude="40.68006984659703" longitude="-73.87230841691677"/></row>