<?xml version="1.0" encoding="UTF-8"?>
<row _id="4574643" _uuid="005B0A64-9783-483B-9803-3368BA8B9B5D" _address="http://data.cityofnewyork.us/resource/erm2-nwe9/4574643"><unique_key>24127468</unique_key><created_date year="2012" month="10" day="3">2012-10-03T00:00:00</created_date><closed_date year="2012" month="10" day="3">2012-10-03T00:00:00</closed_date><agency>NYPD</agency><agency_name>New York City Police Department</agency_name><complaint_type>Noise - Street/Sidewalk</complaint_type><descriptor>Loud Music/Party</descriptor><location_type>Street/Sidewalk</location_type><incident_zip>11101</incident_zip><incident_address> 27 STREET</incident_address><street_name>27 STREET</street_name><cross_street_1>41 AVENUE</cross_street_1><cross_street_2>QUEENS PLAZA</cross_street_2><address_type>BLOCKFACE</address_type><city>LONG ISLAND CITY</city><facility_type>Precinct</facility_type><status>Closed</status><due_date>2012-10-03T00:00:00</due_date><resolution_action_updated_date year="2012" month="10" day="3">2012-10-03T00:00:00</resolution_action_updated_date><community_board>01 QUEENS</community_board><borough>QUEENS</borough><x_coordinate_state_plane_>1001182</x_coordinate_state_plane_><y_coordinate_state_plane_>212969</y_coordinate_state_plane_><park_facility_name>Unspecified</park_facility_name><park_borough>QUEENS</park_borough><school_name>Unspecified</school_name><school_number>Unspecified</school_number><school_region>Unspecified</school_region><school_code>Unspecified</school_code><school_phone_number>Unspecified</school_phone_number><school_address>Unspecified</school_address><school_city>Unspecified</school_city><school_state>Unspecified</school_state><school_zip>Unspecified</school_zip><school_not_found>N</school_not_found><latitude>40.751211041723344</latitude><longitude>-73.93888860649727</longitude><location latitude="40.751211041723344" longitude="-73.93888860649727"/></row>