<?xml version="1.0" encoding="UTF-8"?>
<row _id="508436" _uuid="005CC7C6-75DA-46AB-9E80-DC5FCF0C1A75" _address="http://data.cityofnewyork.us/resource/erm2-nwe9/508436"><unique_key>16761982</unique_key><created_date year="2010" month="5" day="30">2010-05-30T00:00:00</created_date><closed_date year="2010" month="6" day="9">2010-06-09T00:00:00</closed_date><agency>DPR</agency><agency_name>Department of Parks and Recreation</agency_name><complaint_type>Maintenance or Facility</complaint_type><descriptor>Garbage or Litter</descriptor><location_type>Park</location_type><incident_zip>10033</incident_zip><city>NEW YORK</city><facility_type>N/A</facility_type><status>Closed</status><due_date>2010-06-02T00:00:00</due_date><resolution_action_updated_date year="2010" month="6" day="9">2010-06-09T00:00:00</resolution_action_updated_date><community_board>Unspecified MANHATTAN</community_board><borough>MANHATTAN</borough><park_facility_name>Saint Nicholas Park - Arlington Ollie Edinboro Playground</park_facility_name><park_borough>MANHATTAN</park_borough><school_name>Saint Nicholas Park - Arlington Ollie Edinboro Playground</school_name><school_number>M077-03</school_number><school_phone_number>NA 0/0</school_phone_number><school_address>Saint Nicholas Avenue and West 128 Street</school_address><school_city>NEW YORK</school_city><school_state>NY</school_state><school_zip>10033</school_zip><school_not_found>N</school_not_found></row>