<?xml version="1.0" encoding="UTF-8"?>
<row _id="3010589" _uuid="005EBE43-3D3C-45E4-96DD-1E024E5512E3" _address="http://data.cityofnewyork.us/resource/erm2-nwe9/3010589"><unique_key>21570779</unique_key><created_date year="2011" month="10" day="3">2011-10-03T00:00:00</created_date><closed_date year="2011" month="10" day="6">2011-10-06T00:00:00</closed_date><agency>HPD</agency><agency_name>Department of Housing Preservation and Development</agency_name><complaint_type>HEATING</complaint_type><descriptor>HEAT</descriptor><location_type>RESIDENTIAL BUILDING</location_type><incident_zip>10470</incident_zip><incident_address>4539 BRONX BOULEVARD</incident_address><street_name>BRONX BOULEVARD</street_name><cross_street_1>EAST 239 STREET</cross_street_1><cross_street_2>EAST 240 STREET</cross_street_2><address_type>ADDRESS</address_type><city>BRONX</city><facility_type>N/A</facility_type><status>Closed</status><resolution_action_updated_date year="2011" month="10" day="6">2011-10-06T00:00:00</resolution_action_updated_date><community_board>12 BRONX</community_board><borough>BRONX</borough><x_coordinate_state_plane_>1024124</x_coordinate_state_plane_><y_coordinate_state_plane_>268080</y_coordinate_state_plane_><park_facility_name>Unspecified</park_facility_name><park_borough>BRONX</park_borough><school_name>Unspecified</school_name><school_number>Unspecified</school_number><school_region>Unspecified</school_region><school_code>Unspecified</school_code><school_phone_number>Unspecified</school_phone_number><school_address>Unspecified</school_address><school_city>Unspecified</school_city><school_state>Unspecified</school_state><school_zip>Unspecified</school_zip><latitude>40.90240108879084</latitude><longitude>-73.85575834781358</longitude><location latitude="40.90240108879084" longitude="-73.85575834781358"/></row>