<?xml version="1.0" encoding="UTF-8"?>
<row _id="3010241" _uuid="005E824E-2E18-45DA-AD68-1D2A22698EE5" _address="http://data.cityofnewyork.us/resource/erm2-nwe9/3010241"><unique_key>21568889</unique_key><created_date year="2011" month="10" day="3">2011-10-03T00:00:00</created_date><closed_date year="2011" month="10" day="4">2011-10-04T00:00:00</closed_date><agency>DEP</agency><agency_name>Department of Environmental Protection</agency_name><complaint_type>Water System</complaint_type><descriptor>Leak (Use Comments) (WA2)</descriptor><incident_zip>11211</incident_zip><incident_address>117 SOUTH 4 STREET</incident_address><street_name>SOUTH 4 STREET</street_name><cross_street_1>BERRY STREET</cross_street_1><cross_street_2>BEDFORD AVENUE</cross_street_2><address_type>ADDRESS</address_type><city>BROOKLYN</city><facility_type>N/A</facility_type><status>Closed</status><resolution_action_updated_date year="2011" month="10" day="4">2011-10-04T00:00:00</resolution_action_updated_date><community_board>01 BROOKLYN</community_board><borough>BROOKLYN</borough><x_coordinate_state_plane_>994369</x_coordinate_state_plane_><y_coordinate_state_plane_>198723</y_coordinate_state_plane_><park_facility_name>Unspecified</park_facility_name><park_borough>BROOKLYN</park_borough><school_name>Unspecified</school_name><school_number>Unspecified</school_number><school_region>Unspecified</school_region><school_code>Unspecified</school_code><school_phone_number>Unspecified</school_phone_number><school_address>Unspecified</school_address><school_city>Unspecified</school_city><school_state>Unspecified</school_state><school_zip>Unspecified</school_zip><latitude>40.71211969078851</latitude><longitude>-73.96349967554994</longitude><location latitude="40.71211969078851" longitude="-73.96349967554994"/></row>