<?xml version="1.0" encoding="UTF-8"?>
<row _id="1095694" _uuid="006090A4-32C4-4B9C-969A-FCB3B7C68EE8" _address="http://data.cityofnewyork.us/resource/erm2-nwe9/1095694"><unique_key>18863644</unique_key><created_date year="2010" month="10" day="9">2010-10-09T00:00:00</created_date><closed_date year="2010" month="10" day="18">2010-10-18T00:00:00</closed_date><agency>DOB</agency><agency_name>Department of Buildings</agency_name><complaint_type>Building/Use</complaint_type><descriptor>No Certificate Of Occupancy/Illegal/Contrary To CO</descriptor><incident_zip>11216</incident_zip><incident_address>249 PUTNAM AVENUE</incident_address><street_name>PUTNAM AVENUE</street_name><cross_street_1>BEDFORD AVENUE</cross_street_1><cross_street_2>NOSTRAND AVENUE</cross_street_2><address_type>ADDRESS</address_type><city>BROOKLYN</city><facility_type>N/A</facility_type><status>Closed</status><resolution_action_updated_date year="2010" month="10" day="18">2010-10-18T00:00:00</resolution_action_updated_date><community_board>03 BROOKLYN</community_board><borough>BROOKLYN</borough><x_coordinate_state_plane_>997535</x_coordinate_state_plane_><y_coordinate_state_plane_>188408</y_coordinate_state_plane_><park_facility_name>Unspecified</park_facility_name><park_borough>BROOKLYN</park_borough><school_name>Unspecified</school_name><school_number>Unspecified</school_number><school_region>Unspecified</school_region><school_code>Unspecified</school_code><school_phone_number>Unspecified</school_phone_number><school_address>Unspecified</school_address><school_city>Unspecified</school_city><school_state>Unspecified</school_state><school_zip>Unspecified</school_zip><latitude>40.683803235838106</latitude><longitude>-73.95209991983918</longitude><location latitude="40.683803235838106" longitude="-73.95209991983918"/></row>