<?xml version="1.0" encoding="UTF-8"?>
<row _id="542669" _uuid="00626C52-1C22-420D-A913-2DBB5496E86E" _address="http://data.cityofnewyork.us/resource/erm2-nwe9/542669"><unique_key>16569376</unique_key><created_date year="2010" month="5" day="3">2010-05-03T00:00:00</created_date><closed_date year="2010" month="5" day="21">2010-05-21T00:00:00</closed_date><agency>DPR</agency><agency_name>Department of Parks and Recreation</agency_name><complaint_type>Overgrown Tree/Branches</complaint_type><descriptor>Traffic Sign or Signal Blocked</descriptor><location_type>Street</location_type><incident_zip>11369</incident_zip><intersection_street_1>31 AVENUE</intersection_street_1><intersection_street_2>99 STREET</intersection_street_2><address_type>INTERSECTION</address_type><city>EAST ELMHURST</city><facility_type>N/A</facility_type><status>Closed</status><due_date>2010-05-15T00:00:00</due_date><resolution_action_updated_date year="2010" month="5" day="21">2010-05-21T00:00:00</resolution_action_updated_date><community_board>03 QUEENS</community_board><borough>QUEENS</borough><x_coordinate_state_plane_>1020217</x_coordinate_state_plane_><y_coordinate_state_plane_>216520</y_coordinate_state_plane_><park_facility_name>Unspecified</park_facility_name><park_borough>QUEENS</park_borough><school_name>Unspecified</school_name><school_number>Unspecified</school_number><school_region>Unspecified</school_region><school_code>Unspecified</school_code><school_phone_number>Unspecified</school_phone_number><school_address>Unspecified</school_address><school_city>Unspecified</school_city><school_state>Unspecified</school_state><school_zip>Unspecified</school_zip><school_not_found>N</school_not_found><latitude>40.76090068434545</latitude><longitude>-73.87016809161766</longitude><location latitude="40.76090068434545" longitude="-73.87016809161766"/></row>