<?xml version="1.0" encoding="UTF-8"?>
<row _id="4574842" _uuid="0067CF5E-F25F-49EF-98D8-1CDEC93E28D2" _address="http://data.cityofnewyork.us/resource/erm2-nwe9/4574842"><unique_key>24128429</unique_key><created_date year="2012" month="10" day="2">2012-10-02T00:00:00</created_date><closed_date year="2012" month="10" day="2">2012-10-02T00:00:00</closed_date><agency>DPR</agency><agency_name>Department of Parks and Recreation</agency_name><complaint_type>Overgrown Tree/Branches</complaint_type><descriptor>Clear Street Light</descriptor><location_type>Street</location_type><incident_zip>11105</incident_zip><incident_address>21-21 36 STREET</incident_address><street_name>36 STREET</street_name><cross_street_1>21 AVENUE</cross_street_1><cross_street_2>DITMARS BOULEVARD</cross_street_2><address_type>ADDRESS</address_type><city>ASTORIA</city><facility_type>N/A</facility_type><status>Closed</status><due_date>2012-10-10T00:00:00</due_date><resolution_action_updated_date year="2012" month="10" day="2">2012-10-02T00:00:00</resolution_action_updated_date><community_board>01 QUEENS</community_board><borough>QUEENS</borough><x_coordinate_state_plane_>1010118</x_coordinate_state_plane_><y_coordinate_state_plane_>221879</y_coordinate_state_plane_><park_facility_name>Unspecified</park_facility_name><park_borough>QUEENS</park_borough><school_name>Unspecified</school_name><school_number>Unspecified</school_number><school_region>Unspecified</school_region><school_code>Unspecified</school_code><school_phone_number>Unspecified</school_phone_number><school_address>Unspecified</school_address><school_city>Unspecified</school_city><school_state>Unspecified</school_state><school_zip>Unspecified</school_zip><school_not_found>N</school_not_found><latitude>40.77564505539464</latitude><longitude>-73.90660230671396</longitude><location latitude="40.77564505539464" longitude="-73.90660230671396"/></row>