<?xml version="1.0" encoding="UTF-8"?>
<row _id="1906" _uuid="0072821F-D62D-4D70-B6A6-4F8423441455" _address="http://data.cityofnewyork.us/resource/erm2-nwe9/1906"><unique_key>15638406</unique_key><created_date year="2010" month="1" day="2">2010-01-02T00:00:00</created_date><closed_date year="2010" month="1" day="8">2010-01-08T00:00:00</closed_date><agency>HPD</agency><agency_name>Department of Housing Preservation and Development</agency_name><complaint_type>NONCONST</complaint_type><descriptor>RUBBISH</descriptor><location_type>RESIDENTIAL BUILDING</location_type><incident_zip>10458</incident_zip><incident_address>2828 VALENTINE AVENUE</incident_address><street_name>VALENTINE AVENUE</street_name><cross_street_1>EAST 197 STREET</cross_street_1><cross_street_2>EAST 198 STREET</cross_street_2><address_type>ADDRESS</address_type><city>BRONX</city><facility_type>N/A</facility_type><status>Closed</status><resolution_action_updated_date year="2010" month="1" day="8">2010-01-08T00:00:00</resolution_action_updated_date><community_board>0 Unspecified</community_board><borough>Unspecified</borough><x_coordinate_state_plane_>1014588</x_coordinate_state_plane_><y_coordinate_state_plane_>255916</y_coordinate_state_plane_><park_facility_name>Unspecified</park_facility_name><park_borough>Unspecified</park_borough><school_name>Unspecified</school_name><school_number>Unspecified</school_number><school_region>Unspecified</school_region><school_code>Unspecified</school_code><school_phone_number>Unspecified</school_phone_number><school_address>Unspecified</school_address><school_city>Unspecified</school_city><school_state>Unspecified</school_state><school_zip>Unspecified</school_zip><latitude>40.869052693048516</latitude><longitude>-73.89030927857496</longitude><location latitude="40.869052693048516" longitude="-73.89030927857496"/></row>