<?xml version="1.0" encoding="UTF-8"?>
<row _id="2723367" _uuid="007BFE5D-0BB7-4090-A960-226775E7F7A2" _address="http://data.cityofnewyork.us/resource/erm2-nwe9/2723367"><unique_key>20957655</unique_key><created_date year="2011" month="8" day="2">2011-08-02T00:00:00</created_date><closed_date year="2011" month="8" day="4">2011-08-04T00:00:00</closed_date><agency>DPR</agency><agency_name>Department of Parks and Recreation</agency_name><complaint_type>Dead Tree</complaint_type><descriptor>Dead/Dying Tree</descriptor><location_type>Street</location_type><incident_zip>11365</incident_zip><incident_address>175-55 UNDERHILL AVENUE</incident_address><street_name>UNDERHILL AVENUE</street_name><cross_street_1>FRESH MEADOW LANE</cross_street_1><cross_street_2>UTOPIA PARKWAY</cross_street_2><address_type>ADDRESS</address_type><city>FRESH MEADOWS</city><facility_type>N/A</facility_type><status>Closed</status><due_date>2011-08-09T00:00:00</due_date><resolution_action_updated_date year="2011" month="8" day="4">2011-08-04T00:00:00</resolution_action_updated_date><community_board>11 QUEENS</community_board><borough>QUEENS</borough><x_coordinate_state_plane_>1041466</x_coordinate_state_plane_><y_coordinate_state_plane_>211494</y_coordinate_state_plane_><park_facility_name>Unspecified</park_facility_name><park_borough>QUEENS</park_borough><school_name>Unspecified</school_name><school_number>Unspecified</school_number><school_region>Unspecified</school_region><school_code>Unspecified</school_code><school_phone_number>Unspecified</school_phone_number><school_address>Unspecified</school_address><school_city>Unspecified</school_city><school_state>Unspecified</school_state><school_zip>Unspecified</school_zip><school_not_found>N</school_not_found><latitude>40.74699365046749</latitude><longitude>-73.79350749489957</longitude><location latitude="40.74699365046749" longitude="-73.79350749489957"/></row>