<?xml version="1.0" encoding="UTF-8"?>
<row _id="2723273" _uuid="007C29C5-5C8E-434D-AFC2-465B9D5257E5" _address="http://data.cityofnewyork.us/resource/erm2-nwe9/2723273"><unique_key>20961824</unique_key><created_date year="2011" month="8" day="2">2011-08-02T00:00:00</created_date><closed_date year="2011" month="8" day="5">2011-08-05T00:00:00</closed_date><agency>DSNY</agency><agency_name>BCC - Brooklyn South</agency_name><complaint_type>Sanitation Condition</complaint_type><descriptor>12 Dead Animals</descriptor><location_type>Sidewalk</location_type><incident_zip>11235</incident_zip><incident_address>2444 EAST 14 STREET</incident_address><street_name>EAST 14 STREET</street_name><cross_street_1>AVENUE X</cross_street_1><cross_street_2>AVENUE Y</cross_street_2><address_type>ADDRESS</address_type><city>BROOKLYN</city><facility_type>DSNY Garage</facility_type><status>Closed</status><resolution_action_updated_date year="2011" month="8" day="5">2011-08-05T00:00:00</resolution_action_updated_date><community_board>15 BROOKLYN</community_board><borough>BROOKLYN</borough><x_coordinate_state_plane_>996498</x_coordinate_state_plane_><y_coordinate_state_plane_>154640</y_coordinate_state_plane_><park_facility_name>Unspecified</park_facility_name><park_borough>BROOKLYN</park_borough><school_name>Unspecified</school_name><school_number>Unspecified</school_number><school_region>Unspecified</school_region><school_code>Unspecified</school_code><school_phone_number>Unspecified</school_phone_number><school_address>Unspecified</school_address><school_city>Unspecified</school_city><school_state>Unspecified</school_state><school_zip>Unspecified</school_zip><latitude>40.591118795372246</latitude><longitude>-73.95590019689689</longitude><location latitude="40.591118795372246" longitude="-73.95590019689689"/></row>