<?xml version="1.0" encoding="UTF-8"?>
<row _id="4863979" _uuid="0080CCD5-AE3E-432F-994D-07BE6DEF28F4" _address="http://data.cityofnewyork.us/resource/erm2-nwe9/4863979"><unique_key>24520688</unique_key><created_date year="2012" month="12" day="2">2012-12-02T00:00:00</created_date><closed_date year="2012" month="12" day="10">2012-12-10T00:00:00</closed_date><agency>HPD</agency><agency_name>Department of Housing Preservation and Development</agency_name><complaint_type>ELECTRIC</complaint_type><descriptor>ELECTRIC-SUPPLY</descriptor><location_type>RESIDENTIAL BUILDING</location_type><incident_zip>11374</incident_zip><incident_address>98-10 64 AVENUE</incident_address><street_name>64 AVENUE</street_name><cross_street_1>98 STREET</cross_street_1><cross_street_2>99 STREET</cross_street_2><address_type>ADDRESS</address_type><city>Rego Park</city><facility_type>N/A</facility_type><status>Closed</status><resolution_action_updated_date year="2012" month="12" day="10">2012-12-10T00:00:00</resolution_action_updated_date><community_board>06 QUEENS</community_board><borough>QUEENS</borough><x_coordinate_state_plane_>1023603</x_coordinate_state_plane_><y_coordinate_state_plane_>205423</y_coordinate_state_plane_><park_facility_name>Unspecified</park_facility_name><park_borough>QUEENS</park_borough><school_name>Unspecified</school_name><school_number>Unspecified</school_number><school_region>Unspecified</school_region><school_code>Unspecified</school_code><school_phone_number>Unspecified</school_phone_number><school_address>Unspecified</school_address><school_city>Unspecified</school_city><school_state>Unspecified</school_state><school_zip>Unspecified</school_zip><latitude>40.73042781783843</latitude><longitude>-73.85801042624362</longitude><location latitude="40.73042781783843" longitude="-73.85801042624362"/></row>