<?xml version="1.0" encoding="UTF-8"?>
<row _id="259326" _uuid="00802EDC-64B7-46C2-9F49-75F1388E87A2" _address="http://data.cityofnewyork.us/resource/erm2-nwe9/259326"><unique_key>16119920</unique_key><created_date year="2010" month="3" day="2">2010-03-02T00:00:00</created_date><closed_date year="2010" month="3" day="19">2010-03-19T00:00:00</closed_date><agency>HPD</agency><agency_name>Department of Housing Preservation and Development</agency_name><complaint_type>PLUMBING</complaint_type><descriptor>WATER-LEAKS</descriptor><location_type>RESIDENTIAL BUILDING</location_type><incident_zip>10466</incident_zip><incident_address>4130 BARNES AVENUE</incident_address><street_name>BARNES AVENUE</street_name><cross_street_1>EAST 230 STREET</cross_street_1><cross_street_2>EAST 231 STREET</cross_street_2><address_type>ADDRESS</address_type><city>BRONX</city><facility_type>N/A</facility_type><status>Closed</status><resolution_action_updated_date year="2010" month="3" day="19">2010-03-19T00:00:00</resolution_action_updated_date><community_board>0 Unspecified</community_board><borough>Unspecified</borough><x_coordinate_state_plane_>1024204</x_coordinate_state_plane_><y_coordinate_state_plane_>263808</y_coordinate_state_plane_><park_facility_name>Unspecified</park_facility_name><park_borough>Unspecified</park_borough><school_name>Unspecified</school_name><school_number>Unspecified</school_number><school_region>Unspecified</school_region><school_code>Unspecified</school_code><school_phone_number>Unspecified</school_phone_number><school_address>Unspecified</school_address><school_city>Unspecified</school_city><school_state>Unspecified</school_state><school_zip>Unspecified</school_zip><latitude>40.8906754655774</latitude><longitude>-73.85549444673048</longitude><location latitude="40.8906754655774" longitude="-73.85549444673048"/></row>