<?xml version="1.0" encoding="UTF-8"?>
<row _id="542252" _uuid="008116E4-4F32-46C7-8CBD-D3D08787365D" _address="http://data.cityofnewyork.us/resource/erm2-nwe9/542252"><unique_key>16566175</unique_key><created_date year="2010" month="5" day="2">2010-05-02T00:00:00</created_date><closed_date year="2010" month="5" day="5">2010-05-05T00:00:00</closed_date><agency>HPD</agency><agency_name>Department of Housing Preservation and Development</agency_name><complaint_type>PLUMBING</complaint_type><descriptor>BATHTUB</descriptor><location_type>RESIDENTIAL BUILDING</location_type><incident_zip>11225</incident_zip><incident_address>240 WINTHROP STREET</incident_address><street_name>WINTHROP STREET</street_name><cross_street_1>ROGERS AVENUE</cross_street_1><cross_street_2>NOSTRAND AVENUE</cross_street_2><address_type>ADDRESS</address_type><city>BROOKLYN</city><facility_type>N/A</facility_type><status>Closed</status><resolution_action_updated_date year="2010" month="5" day="5">2010-05-05T00:00:00</resolution_action_updated_date><community_board>0 Unspecified</community_board><borough>Unspecified</borough><x_coordinate_state_plane_>997555</x_coordinate_state_plane_><y_coordinate_state_plane_>178634</y_coordinate_state_plane_><park_facility_name>Unspecified</park_facility_name><park_borough>Unspecified</park_borough><school_name>Unspecified</school_name><school_number>Unspecified</school_number><school_region>Unspecified</school_region><school_code>Unspecified</school_code><school_phone_number>Unspecified</school_phone_number><school_address>Unspecified</school_address><school_city>Unspecified</school_city><school_state>Unspecified</school_state><school_zip>Unspecified</school_zip><latitude>40.6569757656281</latitude><longitude>-73.95204710007238</longitude><location latitude="40.6569757656281" longitude="-73.95204710007238"/></row>