<?xml version="1.0" encoding="UTF-8"?>
<row _id="3209894" _uuid="00842CED-55E2-49C1-A401-EA5187FC741C" _address="http://data.cityofnewyork.us/resource/erm2-nwe9/3209894"><unique_key>22245689</unique_key><created_date year="2011" month="12" day="2">2011-12-02T00:00:00</created_date><closed_date year="2011" month="12" day="5">2011-12-05T00:00:00</closed_date><agency>HPD</agency><agency_name>Department of Housing Preservation and Development</agency_name><complaint_type>HEATING</complaint_type><descriptor>HEAT</descriptor><location_type>RESIDENTIAL BUILDING</location_type><incident_zip>10463</incident_zip><incident_address>3018 HEATH AVENUE</incident_address><street_name>HEATH AVENUE</street_name><cross_street_1>WEST 230 STREET</cross_street_1><cross_street_2>ALBANY CRESCENT</cross_street_2><address_type>ADDRESS</address_type><city>BRONX</city><facility_type>N/A</facility_type><status>Closed</status><resolution_action_updated_date year="2011" month="12" day="5">2011-12-05T00:00:00</resolution_action_updated_date><community_board>08 BRONX</community_board><borough>BRONX</borough><x_coordinate_state_plane_>1011122</x_coordinate_state_plane_><y_coordinate_state_plane_>258546</y_coordinate_state_plane_><park_facility_name>Unspecified</park_facility_name><park_borough>BRONX</park_borough><school_name>Unspecified</school_name><school_number>Unspecified</school_number><school_region>Unspecified</school_region><school_code>Unspecified</school_code><school_phone_number>Unspecified</school_phone_number><school_address>Unspecified</school_address><school_city>Unspecified</school_city><school_state>Unspecified</school_state><school_zip>Unspecified</school_zip><latitude>40.87628246342609</latitude><longitude>-73.9028304631379</longitude><location latitude="40.87628246342609" longitude="-73.9028304631379"/></row>