<?xml version="1.0" encoding="UTF-8"?>
<row _id="1482233" _uuid="008C7489-059C-4191-9530-BE9E466CC885" _address="http://data.cityofnewyork.us/resource/erm2-nwe9/1482233"><unique_key>19248641</unique_key><created_date year="2010" month="12" day="2">2010-12-02T00:00:00</created_date><closed_date year="2010" month="12" day="10">2010-12-10T00:00:00</closed_date><agency>HPD</agency><agency_name>Department of Housing Preservation and Development</agency_name><complaint_type>HEATING</complaint_type><descriptor>HEAT</descriptor><location_type>RESIDENTIAL BUILDING</location_type><incident_address>339 ELDERTS LANE</incident_address><street_name>ELDERTS LANE</street_name><address_type>ADDRESS</address_type><facility_type>N/A</facility_type><status>Closed</status><resolution_action_updated_date year="2010" month="12" day="10">2010-12-10T00:00:00</resolution_action_updated_date><community_board>0 Unspecified</community_board><borough>Unspecified</borough><park_facility_name>Unspecified</park_facility_name><park_borough>Unspecified</park_borough><school_name>Unspecified</school_name><school_number>Unspecified</school_number><school_region>Unspecified</school_region><school_code>Unspecified</school_code><school_phone_number>Unspecified</school_phone_number><school_address>Unspecified</school_address><school_city>Unspecified</school_city><school_state>Unspecified</school_state><school_zip>Unspecified</school_zip></row>