<?xml version="1.0" encoding="UTF-8"?>
<row _id="3701726" _uuid="008FBE2D-9AD7-4FC1-BFD2-8F1110027A9D" _address="http://data.cityofnewyork.us/resource/erm2-nwe9/3701726"><unique_key>22824879</unique_key><created_date year="2012" month="3" day="5">2012-03-05T00:00:00</created_date><closed_date year="2012" month="3" day="6">2012-03-06T00:00:00</closed_date><agency>DOT</agency><agency_name>Department of Transportation</agency_name><complaint_type>Highway Condition</complaint_type><descriptor>Pothole - Highway</descriptor><incident_zip>11367</incident_zip><city>FLUSHING</city><facility_type>N/A</facility_type><status>Closed</status><due_date>2012-03-15T00:00:00</due_date><resolution_action_updated_date year="2012" month="3" day="6">2012-03-06T00:00:00</resolution_action_updated_date><community_board>08 QUEENS</community_board><borough>QUEENS</borough><x_coordinate_state_plane_>1032036</x_coordinate_state_plane_><y_coordinate_state_plane_>202712</y_coordinate_state_plane_><park_facility_name>Unspecified</park_facility_name><park_borough>QUEENS</park_borough><school_name>Unspecified</school_name><school_number>Unspecified</school_number><school_region>Unspecified</school_region><school_code>Unspecified</school_code><school_phone_number>Unspecified</school_phone_number><school_address>Unspecified</school_address><school_city>Unspecified</school_city><school_state>Unspecified</school_state><school_zip>Unspecified</school_zip><school_not_found>N</school_not_found><bridge_highway_name>Van Wyck Expwy</bridge_highway_name><bridge_highway_direction>North/Bronx Bound</bridge_highway_direction><road_ramp>Ramp</road_ramp><bridge_highway_segment>69th Rd-Jewel Ave (Exit 11)</bridge_highway_segment><latitude>40.72294525798233</latitude><longitude>-73.82760263824662</longitude><location latitude="40.72294525798233" longitude="-73.82760263824662"/></row>