<?xml version="1.0" encoding="UTF-8"?>
<row _id="142" _uuid="00935477-DA4E-49FA-9CCE-402EC16B6960" _address="http://data.cityofnewyork.us/resource/erm2-nwe9/142"><unique_key>18859342</unique_key><created_date year="2010" month="10" day="8">2010-10-08T00:00:00</created_date><closed_date year="2011" month="7" day="11">2011-07-11T00:00:00</closed_date><agency>DOB</agency><agency_name>Department of Buildings</agency_name><complaint_type>Building/Use</complaint_type><descriptor>Illegal Conversion Of Residential Building/Space</descriptor><incident_zip>10462</incident_zip><incident_address>1741 BARNES AVENUE</incident_address><street_name>BARNES AVENUE</street_name><cross_street_1>VAN NEST AVENUE</cross_street_1><cross_street_2>MORRIS PARK AVENUE</cross_street_2><address_type>ADDRESS</address_type><city>BRONX</city><facility_type>N/A</facility_type><status>Closed</status><resolution_action_updated_date year="2011" month="7" day="11">2011-07-11T00:00:00</resolution_action_updated_date><community_board>11 BRONX</community_board><borough>BRONX</borough><x_coordinate_state_plane_>1022350</x_coordinate_state_plane_><y_coordinate_state_plane_>247213</y_coordinate_state_plane_><park_facility_name>Unspecified</park_facility_name><park_borough>BRONX</park_borough><school_name>Unspecified</school_name><school_number>Unspecified</school_number><school_region>Unspecified</school_region><school_code>Unspecified</school_code><school_phone_number>Unspecified</school_phone_number><school_address>Unspecified</school_address><school_city>Unspecified</school_city><school_state>Unspecified</school_state><school_zip>Unspecified</school_zip><latitude>40.84513550197371</latitude><longitude>-73.86229433367357</longitude><location latitude="40.84513550197371" longitude="-73.86229433367357"/></row>