<?xml version="1.0" encoding="UTF-8"?>
<row _id="2587131" _uuid="0093ABB7-BD8C-4D08-BB5E-DEC27F645D8E" _address="http://data.cityofnewyork.us/resource/erm2-nwe9/2587131"><unique_key>20757875</unique_key><created_date year="2011" month="7" day="2">2011-07-02T00:00:00</created_date><agency>HPD</agency><agency_name>Department of Housing Preservation and Development</agency_name><complaint_type>GENERAL CONSTRUCTION</complaint_type><descriptor>WINDOWS</descriptor><location_type>RESIDENTIAL BUILDING</location_type><incident_zip>11226</incident_zip><incident_address>40 EAST 17 STREET</incident_address><street_name>EAST 17 STREET</street_name><cross_street_1>CATON AVENUE</cross_street_1><cross_street_2>CHURCH AVENUE</cross_street_2><address_type>ADDRESS</address_type><city>BROOKLYN</city><facility_type>N/A</facility_type><status>Open</status><resolution_action_updated_date year="2011" month="7" day="14">2011-07-14T00:00:00</resolution_action_updated_date><community_board>14 BROOKLYN</community_board><borough>BROOKLYN</borough><x_coordinate_state_plane_>994191</x_coordinate_state_plane_><y_coordinate_state_plane_>176093</y_coordinate_state_plane_><park_facility_name>Unspecified</park_facility_name><park_borough>BROOKLYN</park_borough><school_name>Unspecified</school_name><school_number>Unspecified</school_number><school_region>Unspecified</school_region><school_code>Unspecified</school_code><school_phone_number>Unspecified</school_phone_number><school_address>Unspecified</school_address><school_city>Unspecified</school_city><school_state>Unspecified</school_state><school_zip>Unspecified</school_zip><latitude>40.65000569127014</latitude><longitude>-73.9641751246463</longitude><location latitude="40.65000569127014" longitude="-73.9641751246463"/></row>