<?xml version="1.0" encoding="UTF-8"?>
<row _id="4574830" _uuid="0093A52C-BD04-458C-BCC4-1DFE27CB2B98" _address="http://data.cityofnewyork.us/resource/erm2-nwe9/4574830"><unique_key>24127999</unique_key><created_date year="2012" month="10" day="2">2012-10-02T00:00:00</created_date><closed_date year="2012" month="10" day="2">2012-10-02T00:00:00</closed_date><agency>DPR</agency><agency_name>Department of Parks and Recreation</agency_name><complaint_type>Overgrown Tree/Branches</complaint_type><descriptor>Dead Branches in Tree</descriptor><location_type>Street</location_type><incident_zip>11366</incident_zip><incident_address>175-12 73 AVENUE</incident_address><street_name>73 AVENUE</street_name><cross_street_1>175 STREET</cross_street_1><cross_street_2>UTOPIA PARKWAY</cross_street_2><address_type>ADDRESS</address_type><city>FRESH MEADOWS</city><facility_type>N/A</facility_type><status>Closed</status><due_date>2012-10-10T00:00:00</due_date><resolution_action_updated_date year="2012" month="10" day="2">2012-10-02T00:00:00</resolution_action_updated_date><community_board>08 QUEENS</community_board><borough>QUEENS</borough><x_coordinate_state_plane_>1041175</x_coordinate_state_plane_><y_coordinate_state_plane_>205221</y_coordinate_state_plane_><park_facility_name>Unspecified</park_facility_name><park_borough>QUEENS</park_borough><school_name>Unspecified</school_name><school_number>Unspecified</school_number><school_region>Unspecified</school_region><school_code>Unspecified</school_code><school_phone_number>Unspecified</school_phone_number><school_address>Unspecified</school_address><school_city>Unspecified</school_city><school_state>Unspecified</school_state><school_zip>Unspecified</school_zip><school_not_found>N</school_not_found><latitude>40.72977774537353</latitude><longitude>-73.7946107919958</longitude><location latitude="40.72977774537353" longitude="-73.7946107919958"/></row>