<?xml version="1.0" encoding="UTF-8"?>
<row _id="3701741" _uuid="009D0B47-6ECB-48EC-A6CC-9F383075CDD9" _address="http://data.cityofnewyork.us/resource/erm2-nwe9/3701741"><unique_key>22816819</unique_key><created_date year="2012" month="3" day="4">2012-03-04T00:00:00</created_date><closed_date year="2012" month="3" day="21">2012-03-21T00:00:00</closed_date><agency>DOT</agency><agency_name>Department of Transportation</agency_name><complaint_type>Sidewalk Condition</complaint_type><descriptor>Curb Painted</descriptor><location_type>Sidewalk</location_type><incident_zip>11222</incident_zip><incident_address>627 MORGAN AVENUE</incident_address><street_name>MORGAN AVENUE</street_name><cross_street_1>DRIGGS AVENUE</cross_street_1><cross_street_2>NASSAU AVENUE</cross_street_2><address_type>ADDRESS</address_type><city>BROOKLYN</city><facility_type>N/A</facility_type><status>Closed</status><due_date>2012-03-14T00:00:00</due_date><resolution_action_updated_date year="2012" month="3" day="21">2012-03-21T00:00:00</resolution_action_updated_date><community_board>01 BROOKLYN</community_board><borough>BROOKLYN</borough><x_coordinate_state_plane_>1000955</x_coordinate_state_plane_><y_coordinate_state_plane_>203610</y_coordinate_state_plane_><park_facility_name>Unspecified</park_facility_name><park_borough>BROOKLYN</park_borough><school_name>Unspecified</school_name><school_number>Unspecified</school_number><school_region>Unspecified</school_region><school_code>Unspecified</school_code><school_phone_number>Unspecified</school_phone_number><school_address>Unspecified</school_address><school_city>Unspecified</school_city><school_state>Unspecified</school_state><school_zip>Unspecified</school_zip><school_not_found>N</school_not_found><latitude>40.72552334389473</latitude><longitude>-73.9397311407789</longitude><location latitude="40.72552334389473" longitude="-73.9397311407789"/></row>