<?xml version="1.0" encoding="UTF-8"?>
<row _id="1482043" _uuid="009F1A18-1A1C-43BC-8C5E-D90ECCBD6C11" _address="http://data.cityofnewyork.us/resource/erm2-nwe9/1482043"><unique_key>19251604</unique_key><created_date year="2010" month="12" day="2">2010-12-02T00:00:00</created_date><closed_date year="2010" month="12" day="26">2010-12-26T00:00:00</closed_date><agency>DEP</agency><agency_name>Department of Environmental Protection</agency_name><complaint_type>Sewer</complaint_type><descriptor>Catch Basin Clogged/Flooding (Use Comments) (SC)</descriptor><incident_zip>11363</incident_zip><cross_street_1>DOUGLASTON PKWY</cross_street_1><cross_street_2>43 AVE</cross_street_2><intersection_street_1>DOUGLASTON PARKWAY</intersection_street_1><intersection_street_2>43 AVENUE</intersection_street_2><address_type>INTERSECTION</address_type><city>LITTLE NECK</city><facility_type>N/A</facility_type><status>Closed</status><resolution_action_updated_date year="2010" month="12" day="26">2010-12-26T00:00:00</resolution_action_updated_date><community_board>Unspecified QUEENS</community_board><borough>QUEENS</borough><x_coordinate_state_plane_>1054356</x_coordinate_state_plane_><y_coordinate_state_plane_>218972</y_coordinate_state_plane_><park_facility_name>Unspecified</park_facility_name><park_borough>QUEENS</park_borough><school_name>Unspecified</school_name><school_number>Unspecified</school_number><school_region>Unspecified</school_region><school_code>Unspecified</school_code><school_phone_number>Unspecified</school_phone_number><school_address>Unspecified</school_address><school_city>Unspecified</school_city><school_state>Unspecified</school_state><school_zip>Unspecified</school_zip><latitude>40.76742597157908</latitude><longitude>-73.74690975355549</longitude><location latitude="40.76742597157908" longitude="-73.74690975355549"/></row>