<?xml version="1.0" encoding="UTF-8"?>
<row _id="4863824" _uuid="00A0376C-A670-41DB-B1B9-397566B48019" _address="http://data.cityofnewyork.us/resource/erm2-nwe9/4863824"><unique_key>24519010</unique_key><created_date year="2012" month="12" day="2">2012-12-02T00:00:00</created_date><closed_date year="2012" month="12" day="3">2012-12-03T00:00:00</closed_date><agency>HPD</agency><agency_name>Department of Housing Preservation and Development</agency_name><complaint_type>PLUMBING</complaint_type><descriptor>BASIN/SINK</descriptor><location_type>RESIDENTIAL BUILDING</location_type><incident_zip>10128</incident_zip><incident_address>1720 SECOND AVENUE</incident_address><street_name>SECOND AVENUE</street_name><cross_street_1>EAST 89 STREET</cross_street_1><cross_street_2>EAST 90 STREET</cross_street_2><address_type>ADDRESS</address_type><city>NEW YORK</city><facility_type>N/A</facility_type><status>Closed</status><resolution_action_updated_date year="2012" month="12" day="3">2012-12-03T00:00:00</resolution_action_updated_date><community_board>08 MANHATTAN</community_board><borough>MANHATTAN</borough><x_coordinate_state_plane_>998051</x_coordinate_state_plane_><y_coordinate_state_plane_>223466</y_coordinate_state_plane_><park_facility_name>Unspecified</park_facility_name><park_borough>MANHATTAN</park_borough><school_name>Unspecified</school_name><school_number>Unspecified</school_number><school_region>Unspecified</school_region><school_code>Unspecified</school_code><school_phone_number>Unspecified</school_phone_number><school_address>Unspecified</school_address><school_city>Unspecified</school_city><school_state>Unspecified</school_state><school_zip>Unspecified</school_zip><latitude>40.7800280285702</latitude><longitude>-73.9501675338124</longitude><location latitude="40.7800280285702" longitude="-73.9501675338124"/></row>