<?xml version="1.0" encoding="UTF-8"?>
<row _id="4997062" _uuid="00A97081-CC72-4211-BCAF-6FF953BEE18B" _address="http://data.cityofnewyork.us/resource/erm2-nwe9/4997062"><unique_key>24709794</unique_key><created_date year="2013" month="1" day="2">2013-01-02T00:00:00</created_date><closed_date year="2013" month="1" day="2">2013-01-02T00:00:00</closed_date><agency>DSNY</agency><agency_name>A - Illegal Posting Manhattan and Bronx</agency_name><complaint_type>Dirty Conditions</complaint_type><descriptor>E15 Illegal Postering</descriptor><location_type>Sidewalk</location_type><incident_zip>10466</incident_zip><incident_address>703 EAST 233 STREET</incident_address><street_name>EAST 233 STREET</street_name><cross_street_1>WHITE PLAINS ROAD</cross_street_1><cross_street_2>BYRON AVENUE</cross_street_2><address_type>ADDRESS</address_type><city>BRONX</city><facility_type>N/A</facility_type><status>Closed</status><resolution_action_updated_date year="2013" month="1" day="2">2013-01-02T00:00:00</resolution_action_updated_date><community_board>12 BRONX</community_board><borough>BRONX</borough><x_coordinate_state_plane_>1023773</x_coordinate_state_plane_><y_coordinate_state_plane_>264770</y_coordinate_state_plane_><park_facility_name>Unspecified</park_facility_name><park_borough>BRONX</park_borough><school_name>Unspecified</school_name><school_number>Unspecified</school_number><school_region>Unspecified</school_region><school_code>Unspecified</school_code><school_phone_number>Unspecified</school_phone_number><school_address>Unspecified</school_address><school_city>Unspecified</school_city><school_state>Unspecified</school_state><school_zip>Unspecified</school_zip><latitude>40.89331778838975</latitude><longitude>-73.8570476058898</longitude><location latitude="40.89331778838975" longitude="-73.8570476058898"/></row>