<?xml version="1.0" encoding="UTF-8"?>
<row _id="1927072" _uuid="00B4E4E1-5D5B-4EF6-91AE-6615C4E14D22" _address="http://data.cityofnewyork.us/resource/erm2-nwe9/1927072"><unique_key>19943650</unique_key><created_date year="2011" month="3" day="2">2011-03-02T00:00:00</created_date><closed_date year="2011" month="3" day="2">2011-03-02T00:00:00</closed_date><agency>DSNY</agency><agency_name>BCC - Manhattan</agency_name><complaint_type>Derelict Vehicles</complaint_type><descriptor>14 Derelict Vehicles</descriptor><location_type>Street</location_type><incident_zip>10075</incident_zip><incident_address>505 EAST 79 STREET</incident_address><street_name>EAST 79 STREET</street_name><cross_street_1>YORK AVENUE</cross_street_1><cross_street_2>EAST END AVENUE</cross_street_2><address_type>ADDRESS</address_type><city>NEW YORK</city><facility_type>DSNY Garage</facility_type><status>Pending</status><resolution_action_updated_date year="2011" month="3" day="2">2011-03-02T00:00:00</resolution_action_updated_date><community_board>08 MANHATTAN</community_board><borough>MANHATTAN</borough><x_coordinate_state_plane_>998097</x_coordinate_state_plane_><y_coordinate_state_plane_>220257</y_coordinate_state_plane_><park_facility_name>Unspecified</park_facility_name><park_borough>MANHATTAN</park_borough><school_name>Unspecified</school_name><school_number>Unspecified</school_number><school_region>Unspecified</school_region><school_code>Unspecified</school_code><school_phone_number>Unspecified</school_phone_number><school_address>Unspecified</school_address><school_city>Unspecified</school_city><school_state>Unspecified</school_state><school_zip>Unspecified</school_zip><latitude>40.77122009602522</latitude><longitude>-73.95000805039992</longitude><location latitude="40.77122009602522" longitude="-73.95000805039992"/></row>