<?xml version="1.0" encoding="UTF-8"?>
<row _id="932293" _uuid="00B53D22-FFD7-48F1-980E-DCFA2A0626C5" _address="http://data.cityofnewyork.us/resource/erm2-nwe9/932293"><unique_key>18403733</unique_key><created_date year="2010" month="8" day="3">2010-08-03T00:00:00</created_date><closed_date year="2010" month="8" day="16">2010-08-16T00:00:00</closed_date><agency>HPD</agency><agency_name>Department of Housing Preservation and Development</agency_name><complaint_type>NONCONST</complaint_type><descriptor>VERMIN</descriptor><location_type>RESIDENTIAL BUILDING</location_type><incident_zip>11206</incident_zip><incident_address>231 BOERUM STREET</incident_address><street_name>BOERUM STREET</street_name><cross_street_1>BUSHWICK PLACE</cross_street_1><cross_street_2>WHITE STREET</cross_street_2><address_type>ADDRESS</address_type><city>BROOKLYN</city><facility_type>N/A</facility_type><status>Closed</status><resolution_action_updated_date year="2010" month="8" day="16">2010-08-16T00:00:00</resolution_action_updated_date><community_board>0 Unspecified</community_board><borough>Unspecified</borough><x_coordinate_state_plane_>1001371</x_coordinate_state_plane_><y_coordinate_state_plane_>196625</y_coordinate_state_plane_><park_facility_name>Unspecified</park_facility_name><park_borough>Unspecified</park_borough><school_name>Unspecified</school_name><school_number>Unspecified</school_number><school_region>Unspecified</school_region><school_code>Unspecified</school_code><school_phone_number>Unspecified</school_phone_number><school_address>Unspecified</school_address><school_city>Unspecified</school_city><school_state>Unspecified</school_state><school_zip>Unspecified</school_zip><latitude>40.70635040050324</latitude><longitude>-73.9382480478438</longitude><location latitude="40.70635040050324" longitude="-73.9382480478438"/></row>