<?xml version="1.0" encoding="UTF-8"?>
<row _id="2587430" _uuid="00B927C2-1851-4937-9731-40574CCB0B4A" _address="http://data.cityofnewyork.us/resource/erm2-nwe9/2587430"><unique_key>20755343</unique_key><created_date year="2011" month="7" day="2">2011-07-02T00:00:00</created_date><closed_date year="2011" month="8" day="12">2011-08-12T00:00:00</closed_date><agency>DPR</agency><agency_name>Department of Parks and Recreation</agency_name><complaint_type>Damaged Tree</complaint_type><descriptor>Branch or Limb Has Fallen Down</descriptor><location_type>Street</location_type><incident_zip>11379</incident_zip><incident_address>79-38 67 ROAD</incident_address><street_name>67 ROAD</street_name><cross_street_1>79 STREET</cross_street_1><cross_street_2>80 STREET</cross_street_2><address_type>ADDRESS</address_type><city>MIDDLE VILLAGE</city><facility_type>N/A</facility_type><status>Closed</status><due_date>2011-07-12T00:00:00</due_date><resolution_action_updated_date year="2011" month="8" day="12">2011-08-12T00:00:00</resolution_action_updated_date><community_board>05 QUEENS</community_board><borough>QUEENS</borough><x_coordinate_state_plane_>1019541</x_coordinate_state_plane_><y_coordinate_state_plane_>198899</y_coordinate_state_plane_><park_facility_name>Unspecified</park_facility_name><park_borough>QUEENS</park_borough><school_name>Unspecified</school_name><school_number>Unspecified</school_number><school_region>Unspecified</school_region><school_code>Unspecified</school_code><school_phone_number>Unspecified</school_phone_number><school_address>Unspecified</school_address><school_city>Unspecified</school_city><school_state>Unspecified</school_state><school_zip>Unspecified</school_zip><school_not_found>N</school_not_found><latitude>40.71253817136322</latitude><longitude>-73.87270071612025</longitude><location latitude="40.71253817136322" longitude="-73.87270071612025"/></row>