<?xml version="1.0" encoding="UTF-8"?>
<row _id="798120" _uuid="00C3EF52-7342-4D51-8331-5882990CFC6B" _address="http://data.cityofnewyork.us/resource/erm2-nwe9/798120"><unique_key>17566769</unique_key><created_date year="2010" month="7" day="2">2010-07-02T00:00:00</created_date><closed_date year="2010" month="7" day="27">2010-07-27T00:00:00</closed_date><agency>TLC</agency><agency_name>Taxi and Limousine Commission</agency_name><complaint_type>Taxi Complaint</complaint_type><descriptor>Driver Complaint</descriptor><location_type>Street</location_type><incident_zip>10024</incident_zip><incident_address>154 WEST 84 STREET</incident_address><street_name>WEST 84 STREET</street_name><cross_street_1>COLUMBUS AVENUE</cross_street_1><cross_street_2>AMSTERDAM AVENUE</cross_street_2><address_type>ADDRESS</address_type><city>NEW YORK</city><facility_type>N/A</facility_type><status>Closed</status><due_date>2010-07-27T00:00:00</due_date><resolution_action_updated_date year="2010" month="7" day="27">2010-07-27T00:00:00</resolution_action_updated_date><community_board>07 MANHATTAN</community_board><borough>MANHATTAN</borough><x_coordinate_state_plane_>991267</x_coordinate_state_plane_><y_coordinate_state_plane_>225568</y_coordinate_state_plane_><park_facility_name>Unspecified</park_facility_name><park_borough>MANHATTAN</park_borough><school_name>Unspecified</school_name><school_number>Unspecified</school_number><school_region>Unspecified</school_region><school_code>Unspecified</school_code><school_phone_number>Unspecified</school_phone_number><school_address>Unspecified</school_address><school_city>Unspecified</school_city><school_state>Unspecified</school_state><school_zip>Unspecified</school_zip><school_not_found>N</school_not_found><taxi_pick_up_location>Other</taxi_pick_up_location><latitude>40.78580544901138</latitude><longitude>-73.97466091272929</longitude><location latitude="40.78580544901138" longitude="-73.97466091272929"/></row>