<?xml version="1.0" encoding="UTF-8"?>
<row _id="3422672" _uuid="00C71898-276D-454C-8B24-7AA9C1B3DDAC" _address="http://data.cityofnewyork.us/resource/erm2-nwe9/3422672"><unique_key>22513554</unique_key><created_date year="2012" month="1" day="13">2012-01-13T00:00:00</created_date><closed_date year="2012" month="1" day="23">2012-01-23T00:00:00</closed_date><agency>DOHMH</agency><agency_name>Department of Health and Mental Hygiene</agency_name><complaint_type>Rodent</complaint_type><descriptor>Rat Sighting</descriptor><location_type>1-2 Family Dwelling</location_type><incident_zip>11208</incident_zip><incident_address>246 BERRIMAN STREET</incident_address><street_name>BERRIMAN STREET</street_name><cross_street_1>BELMONT AVENUE</cross_street_1><cross_street_2>SUTTER AVENUE</cross_street_2><address_type>ADDRESS</address_type><city>BROOKLYN</city><facility_type>N/A</facility_type><status>Closed</status><due_date>2012-02-12T00:00:00</due_date><resolution_action_updated_date year="2012" month="1" day="23">2012-01-23T00:00:00</resolution_action_updated_date><community_board>05 BROOKLYN</community_board><borough>BROOKLYN</borough><x_coordinate_state_plane_>1017686</x_coordinate_state_plane_><y_coordinate_state_plane_>184320</y_coordinate_state_plane_><park_facility_name>Unspecified</park_facility_name><park_borough>BROOKLYN</park_borough><school_name>Unspecified</school_name><school_number>Unspecified</school_number><school_region>Unspecified</school_region><school_code>Unspecified</school_code><school_phone_number>Unspecified</school_phone_number><school_address>Unspecified</school_address><school_city>Unspecified</school_city><school_state>Unspecified</school_state><school_zip>Unspecified</school_zip><school_not_found>N</school_not_found><latitude>40.67252942853101</latitude><longitude>-73.87946429939116</longitude><location latitude="40.67252942853101" longitude="-73.87946429939116"/></row>