<?xml version="1.0" encoding="UTF-8"?>
<row _id="4574761" _uuid="00C9210E-FC32-4CD8-9127-08F39717999A" _address="http://data.cityofnewyork.us/resource/erm2-nwe9/4574761"><unique_key>24125292</unique_key><created_date year="2012" month="10" day="2">2012-10-02T00:00:00</created_date><agency>DPR</agency><agency_name>Department of Parks and Recreation</agency_name><complaint_type>Root/Sewer/Sidewalk Condition</complaint_type><descriptor>Trees and Sidewalks Program</descriptor><location_type>Street</location_type><incident_zip>10314</incident_zip><incident_address>172 GRAHAM AVENUE</incident_address><street_name>GRAHAM AVENUE</street_name><cross_street_1>MERRILL AVENUE</cross_street_1><cross_street_2>PAULDING AVENUE</cross_street_2><address_type>ADDRESS</address_type><city>STATEN ISLAND</city><facility_type>N/A</facility_type><status>Open</status><due_date>2012-11-01T00:00:00</due_date><community_board>02 STATEN ISLAND</community_board><borough>STATEN ISLAND</borough><x_coordinate_state_plane_>937092</x_coordinate_state_plane_><y_coordinate_state_plane_>161552</y_coordinate_state_plane_><park_facility_name>Unspecified</park_facility_name><park_borough>STATEN ISLAND</park_borough><school_name>Unspecified</school_name><school_number>Unspecified</school_number><school_region>Unspecified</school_region><school_code>Unspecified</school_code><school_phone_number>Unspecified</school_phone_number><school_address>Unspecified</school_address><school_city>Unspecified</school_city><school_state>Unspecified</school_state><school_zip>Unspecified</school_zip><school_not_found>N</school_not_found><latitude>40.60997381013252</latitude><longitude>-74.16984381948835</longitude><location latitude="40.60997381013252" longitude="-74.16984381948835"/></row>