<?xml version="1.0" encoding="UTF-8"?>
<row _id="1636509" _uuid="00C9DE05-61C7-44E9-9D65-54AACB730932" _address="http://data.cityofnewyork.us/resource/erm2-nwe9/1636509"><unique_key>19514111</unique_key><created_date year="2011" month="1" day="2">2011-01-02T00:00:00</created_date><closed_date year="2011" month="1" day="10">2011-01-10T00:00:00</closed_date><agency>HPD</agency><agency_name>Department of Housing Preservation and Development</agency_name><complaint_type>PLUMBING</complaint_type><descriptor>WATER-LEAKS</descriptor><location_type>RESIDENTIAL BUILDING</location_type><incident_zip>11207</incident_zip><incident_address>509 HINSDALE STREET</incident_address><street_name>HINSDALE STREET</street_name><cross_street_1>RIVERDALE AVENUE</cross_street_1><cross_street_2>NEWPORT STREET</cross_street_2><address_type>ADDRESS</address_type><city>BROOKLYN</city><facility_type>N/A</facility_type><status>Closed</status><resolution_action_updated_date year="2011" month="1" day="10">2011-01-10T00:00:00</resolution_action_updated_date><community_board>0 Unspecified</community_board><borough>Unspecified</borough><x_coordinate_state_plane_>1012493</x_coordinate_state_plane_><y_coordinate_state_plane_>180562</y_coordinate_state_plane_><park_facility_name>Unspecified</park_facility_name><park_borough>Unspecified</park_borough><school_name>Unspecified</school_name><school_number>Unspecified</school_number><school_region>Unspecified</school_region><school_code>Unspecified</school_code><school_phone_number>Unspecified</school_phone_number><school_address>Unspecified</school_address><school_city>Unspecified</school_city><school_state>Unspecified</school_state><school_zip>Unspecified</school_zip><latitude>40.66223265236396</latitude><longitude>-73.8982006222554</longitude><location latitude="40.66223265236396" longitude="-73.8982006222554"/></row>