<?xml version="1.0" encoding="UTF-8"?>
<row _id="4575142" _uuid="00CCF9E5-6E14-447E-BF11-A7D3282FF166" _address="http://data.cityofnewyork.us/resource/erm2-nwe9/4575142"><unique_key>24128402</unique_key><created_date year="2012" month="10" day="2">2012-10-02T00:00:00</created_date><closed_date year="2012" month="10" day="2">2012-10-02T00:00:00</closed_date><agency>DEP</agency><agency_name>Department of Environmental Protection</agency_name><complaint_type>Water System</complaint_type><descriptor>Possible Water Main Break (Use Comments) (WA1)</descriptor><incident_zip>10310</incident_zip><incident_address>355 BARD AVENUE</incident_address><street_name>BARD AVENUE</street_name><cross_street_1>ST AUSTINS PLACE SOUTH</cross_street_1><cross_street_2>CASTLETON AVENUE</cross_street_2><address_type>ADDRESS</address_type><city>STATEN ISLAND</city><facility_type>N/A</facility_type><status>Closed</status><resolution_action_updated_date year="2012" month="10" day="2">2012-10-02T00:00:00</resolution_action_updated_date><community_board>01 STATEN ISLAND</community_board><borough>STATEN ISLAND</borough><x_coordinate_state_plane_>954645</x_coordinate_state_plane_><y_coordinate_state_plane_>170787</y_coordinate_state_plane_><park_facility_name>Unspecified</park_facility_name><park_borough>STATEN ISLAND</park_borough><school_name>Unspecified</school_name><school_number>Unspecified</school_number><school_region>Unspecified</school_region><school_code>Unspecified</school_code><school_phone_number>Unspecified</school_phone_number><school_address>Unspecified</school_address><school_city>Unspecified</school_city><school_state>Unspecified</school_state><school_zip>Unspecified</school_zip><latitude>40.63539796687988</latitude><longitude>-74.1066656779268</longitude><location latitude="40.63539796687988" longitude="-74.1066656779268"/></row>