<?xml version="1.0" encoding="UTF-8"?>
<row _id="3010247" _uuid="00D0B1CA-A2E6-4068-9324-55F173811E02" _address="http://data.cityofnewyork.us/resource/erm2-nwe9/3010247"><unique_key>21569160</unique_key><created_date year="2011" month="10" day="3">2011-10-03T00:00:00</created_date><closed_date year="2011" month="10" day="3">2011-10-03T00:00:00</closed_date><agency>DOT</agency><agency_name>Department of Transportation</agency_name><complaint_type>Highway Condition</complaint_type><descriptor>Cave-in</descriptor><location_type>Highway</location_type><incident_zip>11373</incident_zip><city>FOREST HILLS</city><facility_type>N/A</facility_type><status>Closed</status><due_date>2011-10-13T00:00:00</due_date><resolution_action_updated_date year="2011" month="10" day="3">2011-10-03T00:00:00</resolution_action_updated_date><community_board>06 QUEENS</community_board><borough>QUEENS</borough><x_coordinate_state_plane_>1020132</x_coordinate_state_plane_><y_coordinate_state_plane_>205979</y_coordinate_state_plane_><park_facility_name>Unspecified</park_facility_name><park_borough>QUEENS</park_borough><school_name>Unspecified</school_name><school_number>Unspecified</school_number><school_region>Unspecified</school_region><school_code>Unspecified</school_code><school_phone_number>Unspecified</school_phone_number><school_address>Unspecified</school_address><school_city>Unspecified</school_city><school_state>Unspecified</school_state><school_zip>Unspecified</school_zip><school_not_found>N</school_not_found><bridge_highway_name>Long Island Expwy</bridge_highway_name><bridge_highway_direction>East/Long Island Bound</bridge_highway_direction><road_ramp>Roadway</road_ramp><bridge_highway_segment>Queens Blvd (NY 25) / Woodhaven Blvd (Exit 19) - 108th St (Exit 21)</bridge_highway_segment><latitude>40.73196866161097</latitude><longitude>-73.87053115847604</longitude><location latitude="40.73196866161097" longitude="-73.87053115847604"/></row>