<?xml version="1.0" encoding="UTF-8"?>
<row _id="4340605" _uuid="00D6166A-8166-46AC-B69F-F6211780F704" _address="http://data.cityofnewyork.us/resource/erm2-nwe9/4340605"><unique_key>23734672</unique_key><created_date year="2012" month="8" day="2">2012-08-02T00:00:00</created_date><closed_date year="2012" month="8" day="5">2012-08-05T00:00:00</closed_date><agency>HPD</agency><agency_name>Department of Housing Preservation and Development</agency_name><complaint_type>GENERAL CONSTRUCTION</complaint_type><descriptor>MOLD</descriptor><location_type>RESIDENTIAL BUILDING</location_type><incident_zip>11210</incident_zip><incident_address>2400 NOSTRAND AVENUE</incident_address><street_name>NOSTRAND AVENUE</street_name><cross_street_1>AVENUE J</cross_street_1><cross_street_2>AVENUE K</cross_street_2><address_type>ADDRESS</address_type><city>BROOKLYN</city><facility_type>N/A</facility_type><status>Closed</status><resolution_action_updated_date year="2012" month="8" day="5">2012-08-05T00:00:00</resolution_action_updated_date><community_board>14 BROOKLYN</community_board><borough>BROOKLYN</borough><x_coordinate_state_plane_>999034</x_coordinate_state_plane_><y_coordinate_state_plane_>167358</y_coordinate_state_plane_><park_facility_name>Unspecified</park_facility_name><park_borough>BROOKLYN</park_borough><school_name>Unspecified</school_name><school_number>Unspecified</school_number><school_region>Unspecified</school_region><school_code>Unspecified</school_code><school_phone_number>Unspecified</school_phone_number><school_address>Unspecified</school_address><school_city>Unspecified</school_city><school_state>Unspecified</school_state><school_zip>Unspecified</school_zip><latitude>40.62602322459271</latitude><longitude>-73.9467413075762</longitude><location latitude="40.62602322459271" longitude="-73.9467413075762"/></row>