<?xml version="1.0" encoding="UTF-8"?>
<row _id="2334" _uuid="00D85F41-F213-4266-9F5A-1BCAABD701AE" _address="http://data.cityofnewyork.us/resource/erm2-nwe9/2334"><unique_key>15637528</unique_key><created_date year="2010" month="1" day="2">2010-01-02T00:00:00</created_date><agency>DOHMH</agency><agency_name>Department of Health and Mental Hygiene</agency_name><complaint_type>Rodent</complaint_type><descriptor>Mouse Sighting</descriptor><location_type>3+ Family Apt. Building</location_type><incident_zip>10452</incident_zip><incident_address>81 FEATHER BED LANE</incident_address><street_name>FEATHER BED LANE</street_name><cross_street_1>MACOMBS ROAD</cross_street_1><cross_street_2>JESUP AVENUE</cross_street_2><address_type>ADDRESS</address_type><city>BRONX</city><facility_type>N/A</facility_type><status>Pending</status><due_date>2010-02-01T00:00:00</due_date><resolution_action_updated_date year="2010" month="1" day="24">2010-01-24T00:00:00</resolution_action_updated_date><community_board>05 BRONX</community_board><borough>BRONX</borough><x_coordinate_state_plane_>1007005</x_coordinate_state_plane_><y_coordinate_state_plane_>247620</y_coordinate_state_plane_><park_facility_name>Unspecified</park_facility_name><park_borough>BRONX</park_borough><school_name>Unspecified</school_name><school_number>Unspecified</school_number><school_region>Unspecified</school_region><school_code>Unspecified</school_code><school_phone_number>Unspecified</school_phone_number><school_address>Unspecified</school_address><school_city>Unspecified</school_city><school_state>Unspecified</school_state><school_zip>Unspecified</school_zip><latitude>40.846305473726375</latitude><longitude>-73.91775467927161</longitude><location latitude="40.846305473726375" longitude="-73.91775467927161"/></row>