<?xml version="1.0" encoding="UTF-8"?>
<row _id="1632734" _uuid="00D89A28-13F7-4635-A148-81EDE70B197F" _address="http://data.cityofnewyork.us/resource/erm2-nwe9/1632734"><unique_key>19511836</unique_key><created_date year="2011" month="1" day="2">2011-01-02T00:00:00</created_date><closed_date year="2011" month="1" day="2">2011-01-02T00:00:00</closed_date><agency>NYPD</agency><agency_name>New York City Police Department</agency_name><complaint_type>Blocked Driveway</complaint_type><descriptor>No Access</descriptor><location_type>Street/Sidewalk</location_type><incident_zip>11421</incident_zip><incident_address>86-12 WOODHAVEN BOULEVARD</incident_address><street_name>WOODHAVEN BOULEVARD</street_name><cross_street_1>86 AVENUE</cross_street_1><cross_street_2>86 ROAD</cross_street_2><address_type>ADDRESS</address_type><city>WOODHAVEN</city><facility_type>Precinct</facility_type><status>Closed</status><due_date>2011-01-02T00:00:00</due_date><resolution_action_updated_date year="2011" month="1" day="2">2011-01-02T00:00:00</resolution_action_updated_date><community_board>09 QUEENS</community_board><borough>QUEENS</borough><x_coordinate_state_plane_>1025112</x_coordinate_state_plane_><y_coordinate_state_plane_>192561</y_coordinate_state_plane_><park_facility_name>Unspecified</park_facility_name><park_borough>QUEENS</park_borough><school_name>Unspecified</school_name><school_number>Unspecified</school_number><school_region>Unspecified</school_region><school_code>Unspecified</school_code><school_phone_number>Unspecified</school_phone_number><school_address>Unspecified</school_address><school_city>Unspecified</school_city><school_state>Unspecified</school_state><school_zip>Unspecified</school_zip><school_not_found>N</school_not_found><latitude>40.695117900194646</latitude><longitude>-73.85264387934083</longitude><location latitude="40.695117900194646" longitude="-73.85264387934083"/></row>