<?xml version="1.0" encoding="UTF-8"?>
<row _id="795232" _uuid="00DA4E71-5538-4507-9568-20515592A9E2" _address="http://data.cityofnewyork.us/resource/erm2-nwe9/795232"><unique_key>17559753</unique_key><created_date year="2010" month="7" day="2">2010-07-02T00:00:00</created_date><closed_date year="2010" month="7" day="2">2010-07-02T00:00:00</closed_date><agency>NYPD</agency><agency_name>New York City Police Department</agency_name><complaint_type>Noise - Park</complaint_type><descriptor>Loud Talking</descriptor><location_type>Park/Playground</location_type><incident_zip>10128</incident_zip><incident_address> EAST 92 STREET</incident_address><street_name>EAST 92 STREET</street_name><cross_street_1>3 AVENUE</cross_street_1><cross_street_2>2 AVENUE</cross_street_2><address_type>BLOCKFACE</address_type><city>NEW YORK</city><facility_type>Precinct</facility_type><status>Closed</status><due_date>2010-07-02T00:00:00</due_date><resolution_action_updated_date year="2010" month="7" day="2">2010-07-02T00:00:00</resolution_action_updated_date><community_board>08 MANHATTAN</community_board><borough>MANHATTAN</borough><x_coordinate_state_plane_>998074</x_coordinate_state_plane_><y_coordinate_state_plane_>224243</y_coordinate_state_plane_><park_facility_name>Unspecified</park_facility_name><park_borough>MANHATTAN</park_borough><school_name>Unspecified</school_name><school_number>Unspecified</school_number><school_region>Unspecified</school_region><school_code>Unspecified</school_code><school_phone_number>Unspecified</school_phone_number><school_address>Unspecified</school_address><school_city>Unspecified</school_city><school_state>Unspecified</school_state><school_zip>Unspecified</school_zip><school_not_found>N</school_not_found><latitude>40.78216065140001</latitude><longitude>-73.95008288698317</longitude><location latitude="40.78216065140001" longitude="-73.95008288698317"/></row>