<?xml version="1.0" encoding="UTF-8"?>
<row _id="1633201" _uuid="00E115A9-D102-4F29-8131-2CDA943FA1CB" _address="http://data.cityofnewyork.us/resource/erm2-nwe9/1633201"><unique_key>19512579</unique_key><created_date year="2011" month="1" day="2">2011-01-02T00:00:00</created_date><closed_date year="2011" month="1" day="11">2011-01-11T00:00:00</closed_date><agency>DOT</agency><agency_name>Department of Transportation</agency_name><complaint_type>Highway Condition</complaint_type><descriptor>Loose Plate</descriptor><location_type>Highway</location_type><incident_zip>11222</incident_zip><city>BROOKLYN</city><facility_type>N/A</facility_type><status>Closed</status><due_date>2011-01-12T00:00:00</due_date><resolution_action_updated_date year="2011" month="1" day="11">2011-01-11T00:00:00</resolution_action_updated_date><community_board>01 BROOKLYN</community_board><borough>BROOKLYN</borough><x_coordinate_state_plane_>1003321</x_coordinate_state_plane_><y_coordinate_state_plane_>203866</y_coordinate_state_plane_><park_facility_name>Unspecified</park_facility_name><park_borough>BROOKLYN</park_borough><school_name>Unspecified</school_name><school_number>Unspecified</school_number><school_region>Unspecified</school_region><school_code>Unspecified</school_code><school_phone_number>Unspecified</school_phone_number><school_address>Unspecified</school_address><school_city>Unspecified</school_city><school_state>Unspecified</school_state><school_zip>Unspecified</school_zip><school_not_found>N</school_not_found><bridge_highway_name>BQE/Gowanus Expwy</bridge_highway_name><bridge_highway_direction>West/Staten Island Bound</bridge_highway_direction><road_ramp>Roadway</road_ramp><bridge_highway_segment>Kosciuszko Br (from Queens) - Meeker Ave / Morgan Ave (Exit 34)</bridge_highway_segment><latitude>40.72622121695516</latitude><longitude>-73.93119428445387</longitude><location latitude="40.72622121695516" longitude="-73.93119428445387"/></row>