<?xml version="1.0" encoding="UTF-8"?>
<row _id="4204361" _uuid="00E8370D-250B-40EA-907B-2B102E84FE19" _address="http://data.cityofnewyork.us/resource/erm2-nwe9/4204361"><unique_key>23541202</unique_key><created_date year="2012" month="7" day="2">2012-07-02T00:00:00</created_date><closed_date year="2012" month="7" day="5">2012-07-05T00:00:00</closed_date><agency>HPD</agency><agency_name>Department of Housing Preservation and Development</agency_name><complaint_type>NONCONST</complaint_type><descriptor>VERMIN</descriptor><location_type>RESIDENTIAL BUILDING</location_type><incident_zip>11237</incident_zip><incident_address>1514 JEFFERSON AVENUE</incident_address><street_name>JEFFERSON AVENUE</street_name><cross_street_1>IRVING AVENUE</cross_street_1><cross_street_2>WYCKOFF AVENUE</cross_street_2><address_type>ADDRESS</address_type><city>BROOKLYN</city><facility_type>N/A</facility_type><status>Closed</status><resolution_action_updated_date year="2012" month="7" day="5">2012-07-05T00:00:00</resolution_action_updated_date><community_board>04 BROOKLYN</community_board><borough>BROOKLYN</borough><x_coordinate_state_plane_>1009900</x_coordinate_state_plane_><y_coordinate_state_plane_>193284</y_coordinate_state_plane_><park_facility_name>Unspecified</park_facility_name><park_borough>BROOKLYN</park_borough><school_name>Unspecified</school_name><school_number>Unspecified</school_number><school_region>Unspecified</school_region><school_code>Unspecified</school_code><school_phone_number>Unspecified</school_phone_number><school_address>Unspecified</school_address><school_city>Unspecified</school_city><school_state>Unspecified</school_state><school_zip>Unspecified</school_zip><latitude>40.69715952979002</latitude><longitude>-73.90749842987051</longitude><location latitude="40.69715952979002" longitude="-73.90749842987051"/></row>