<?xml version="1.0" encoding="UTF-8"?>
<row _id="258792" _uuid="00E952F5-4AE2-44F4-B8D0-7FA0885BE95F" _address="http://data.cityofnewyork.us/resource/erm2-nwe9/258792"><unique_key>16116496</unique_key><created_date year="2010" month="3" day="2">2010-03-02T00:00:00</created_date><closed_date year="2010" month="3" day="2">2010-03-02T00:00:00</closed_date><agency>NYPD</agency><agency_name>New York City Police Department</agency_name><complaint_type>Noise - Street/Sidewalk</complaint_type><descriptor>Loud Music/Party</descriptor><location_type>Street/Sidewalk</location_type><incident_zip>10014</incident_zip><intersection_street_1>HUDSON STREET</intersection_street_1><intersection_street_2>CHARLTON STREET</intersection_street_2><address_type>INTERSECTION</address_type><city>NEW YORK</city><facility_type>Precinct</facility_type><status>Closed</status><due_date>2010-03-03T00:00:00</due_date><resolution_action_updated_date year="2010" month="3" day="2">2010-03-02T00:00:00</resolution_action_updated_date><community_board>02 MANHATTAN</community_board><borough>MANHATTAN</borough><x_coordinate_state_plane_>982221</x_coordinate_state_plane_><y_coordinate_state_plane_>204262</y_coordinate_state_plane_><park_facility_name>Unspecified</park_facility_name><park_borough>MANHATTAN</park_borough><school_name>Unspecified</school_name><school_number>Unspecified</school_number><school_region>Unspecified</school_region><school_code>Unspecified</school_code><school_phone_number>Unspecified</school_phone_number><school_address>Unspecified</school_address><school_city>Unspecified</school_city><school_state>Unspecified</school_state><school_zip>Unspecified</school_zip><school_not_found>N</school_not_found><latitude>40.72732846589319</latitude><longitude>-74.00732049196499</longitude><location latitude="40.72732846589319" longitude="-74.00732049196499"/></row>