<?xml version="1.0" encoding="UTF-8"?>
<row _id="932282" _uuid="00F09822-1A04-401A-B262-3ECC662E3534" _address="http://data.cityofnewyork.us/resource/erm2-nwe9/932282"><unique_key>18403721</unique_key><created_date year="2010" month="8" day="3">2010-08-03T00:00:00</created_date><closed_date year="2010" month="8" day="5">2010-08-05T00:00:00</closed_date><agency>HPD</agency><agency_name>Department of Housing Preservation and Development</agency_name><complaint_type>PLUMBING</complaint_type><descriptor>WATER-SUPPLY</descriptor><location_type>RESIDENTIAL BUILDING</location_type><incident_zip>10462</incident_zip><incident_address>2084 BRONX PARK EAST</incident_address><street_name>BRONX PARK EAST</street_name><cross_street_1>BRADY AVENUE</cross_street_1><cross_street_2>MARAN PLACE</cross_street_2><address_type>ADDRESS</address_type><city>BRONX</city><facility_type>N/A</facility_type><status>Closed</status><resolution_action_updated_date year="2010" month="8" day="5">2010-08-05T00:00:00</resolution_action_updated_date><community_board>0 Unspecified</community_board><borough>Unspecified</borough><x_coordinate_state_plane_>1020503</x_coordinate_state_plane_><y_coordinate_state_plane_>250117</y_coordinate_state_plane_><park_facility_name>Unspecified</park_facility_name><park_borough>Unspecified</park_borough><school_name>Unspecified</school_name><school_number>Unspecified</school_number><school_region>Unspecified</school_region><school_code>Unspecified</school_code><school_phone_number>Unspecified</school_phone_number><school_address>Unspecified</school_address><school_city>Unspecified</school_city><school_state>Unspecified</school_state><school_zip>Unspecified</school_zip><latitude>40.85311389123886</latitude><longitude>-73.86895427408103</longitude><location latitude="40.85311389123886" longitude="-73.86895427408103"/></row>