<?xml version="1.0" encoding="UTF-8"?>
<row _id="3948330" _uuid="00F105D5-4A0E-4E6B-995F-CC7CC8EBC05A" _address="http://data.cityofnewyork.us/resource/erm2-nwe9/3948330"><unique_key>23155326</unique_key><created_date year="2012" month="5" day="2">2012-05-02T00:00:00</created_date><closed_date year="2012" month="5" day="2">2012-05-02T00:00:00</closed_date><agency>NYPD</agency><agency_name>New York City Police Department</agency_name><complaint_type>Noise - Commercial</complaint_type><descriptor>Loud Music/Party</descriptor><location_type>Club/Bar/Restaurant</location_type><incident_zip>11378</incident_zip><incident_address>69-38 GRAND AVENUE</incident_address><street_name>GRAND AVENUE</street_name><cross_street_1>69 PLACE</cross_street_1><cross_street_2>69 LANE</cross_street_2><address_type>ADDRESS</address_type><city>MASPETH</city><facility_type>Precinct</facility_type><status>Closed</status><due_date>2012-05-02T00:00:00</due_date><resolution_action_updated_date year="2012" month="5" day="2">2012-05-02T00:00:00</resolution_action_updated_date><community_board>05 QUEENS</community_board><borough>QUEENS</borough><x_coordinate_state_plane_>1013588</x_coordinate_state_plane_><y_coordinate_state_plane_>204023</y_coordinate_state_plane_><park_facility_name>Unspecified</park_facility_name><park_borough>QUEENS</park_borough><school_name>Unspecified</school_name><school_number>Unspecified</school_number><school_region>Unspecified</school_region><school_code>Unspecified</school_code><school_phone_number>Unspecified</school_phone_number><school_address>Unspecified</school_address><school_city>Unspecified</school_city><school_state>Unspecified</school_state><school_zip>Unspecified</school_zip><school_not_found>N</school_not_found><latitude>40.72662405006236</latitude><longitude>-73.89415161404234</longitude><location latitude="40.72662405006236" longitude="-73.89415161404234"/></row>