<?xml version="1.0" encoding="UTF-8"?>
<row _id="4575208" _uuid="00FBD30C-BCE1-4466-AF38-A7EC46ECC22D" _address="http://data.cityofnewyork.us/resource/erm2-nwe9/4575208"><unique_key>24126363</unique_key><created_date year="2012" month="10" day="2">2012-10-02T00:00:00</created_date><closed_date year="2012" month="10" day="3">2012-10-03T00:00:00</closed_date><agency>DCA</agency><agency_name>Department of Consumer Affairs</agency_name><complaint_type>DCA / DOH New License Application Request</complaint_type><descriptor>Full Term Mobile Food Vendor License</descriptor><facility_type>N/A</facility_type><status>Closed</status><due_date>2012-10-10T00:00:00</due_date><resolution_action_updated_date year="2012" month="10" day="3">2012-10-03T00:00:00</resolution_action_updated_date><community_board>0 Unspecified</community_board><borough>Unspecified</borough><park_facility_name>Unspecified</park_facility_name><park_borough>Unspecified</park_borough><school_name>Unspecified</school_name><school_number>Unspecified</school_number><school_region>Unspecified</school_region><school_code>Unspecified</school_code><school_phone_number>Unspecified</school_phone_number><school_address>Unspecified</school_address><school_city>Unspecified</school_city><school_state>Unspecified</school_state><school_zip>Unspecified</school_zip><school_not_found>N</school_not_found></row>