<?xml version="1.0" encoding="UTF-8"?>
<row _id="4204190" _uuid="00FF9035-84AA-4435-9E8A-FA8386A77224" _address="http://data.cityofnewyork.us/resource/erm2-nwe9/4204190"><unique_key>23539431</unique_key><created_date year="2012" month="7" day="2">2012-07-02T00:00:00</created_date><closed_date year="2012" month="7" day="2">2012-07-02T00:00:00</closed_date><agency>DSNY</agency><agency_name>BCC - Queens East</agency_name><complaint_type>Missed Collection (All Materials)</complaint_type><descriptor>1 Missed Collection</descriptor><location_type>Sidewalk</location_type><incident_zip>11426</incident_zip><incident_address>244-36 88 DRIVE</incident_address><street_name>88 DRIVE</street_name><cross_street_1>CROSS ISLAND PARKWAY</cross_street_1><cross_street_2>247 STREET</cross_street_2><address_type>ADDRESS</address_type><city>BELLEROSE</city><facility_type>DSNY Garage</facility_type><status>Closed</status><resolution_action_updated_date year="2012" month="7" day="2">2012-07-02T00:00:00</resolution_action_updated_date><community_board>13 QUEENS</community_board><borough>QUEENS</borough><x_coordinate_state_plane_>1061014</x_coordinate_state_plane_><y_coordinate_state_plane_>204712</y_coordinate_state_plane_><park_facility_name>Unspecified</park_facility_name><park_borough>QUEENS</park_borough><school_name>Unspecified</school_name><school_number>Unspecified</school_number><school_region>Unspecified</school_region><school_code>Unspecified</school_code><school_phone_number>Unspecified</school_phone_number><school_address>Unspecified</school_address><school_city>Unspecified</school_city><school_state>Unspecified</school_state><school_zip>Unspecified</school_zip><latitude>40.728230747216394</latitude><longitude>-73.72303657489455</longitude><location latitude="40.728230747216394" longitude="-73.72303657489455"/></row>