<?xml version="1.0" encoding="UTF-8"?>
<row _id="4864552" _uuid="00FF9614-5744-4AF7-A541-5A1E919E108F" _address="http://data.cityofnewyork.us/resource/erm2-nwe9/4864552"><unique_key>24521701</unique_key><created_date year="2012" month="12" day="2">2012-12-02T00:00:00</created_date><closed_date year="2012" month="12" day="6">2012-12-06T00:00:00</closed_date><agency>HPD</agency><agency_name>Department of Housing Preservation and Development</agency_name><complaint_type>HEATING</complaint_type><descriptor>HEAT</descriptor><location_type>RESIDENTIAL BUILDING</location_type><incident_zip>11238</incident_zip><incident_address>552 LINCOLN PLACE</incident_address><street_name>LINCOLN PLACE</street_name><cross_street_1>CLASSON AVENUE</cross_street_1><cross_street_2>FRANKLIN AVENUE</cross_street_2><address_type>ADDRESS</address_type><city>BROOKLYN</city><facility_type>N/A</facility_type><status>Closed</status><resolution_action_updated_date year="2012" month="12" day="6">2012-12-06T00:00:00</resolution_action_updated_date><community_board>08 BROOKLYN</community_board><borough>BROOKLYN</borough><x_coordinate_state_plane_>995857</x_coordinate_state_plane_><y_coordinate_state_plane_>183973</y_coordinate_state_plane_><park_facility_name>Unspecified</park_facility_name><park_borough>BROOKLYN</park_borough><school_name>Unspecified</school_name><school_number>Unspecified</school_number><school_region>Unspecified</school_region><school_code>Unspecified</school_code><school_phone_number>Unspecified</school_phone_number><school_address>Unspecified</school_address><school_city>Unspecified</school_city><school_state>Unspecified</school_state><school_zip>Unspecified</school_zip><latitude>40.671632524162725</latitude><longitude>-73.95815771399926</longitude><location latitude="40.671632524162725" longitude="-73.95815771399926"/></row>