<?xml version="1.0" encoding="UTF-8"?>
<row _id="3011126" _uuid="0106CEB2-989A-44CA-80FE-304E24F1CE13" _address="http://data.cityofnewyork.us/resource/erm2-nwe9/3011126"><unique_key>21563157</unique_key><created_date year="2011" month="10" day="2">2011-10-02T00:00:00</created_date><closed_date year="1900" month="1" day="1">1900-01-01T00:00:00</closed_date><agency>DOHMH</agency><agency_name>Department of Health and Mental Hygiene</agency_name><complaint_type>Smoking</complaint_type><descriptor>Smoking Violation</descriptor><location_type>Residential Building</location_type><incident_zip>10470</incident_zip><incident_address>707 EAST 242 STREET</incident_address><street_name>EAST 242 STREET</street_name><cross_street_1>WHITE PLAINS ROAD</cross_street_1><cross_street_2>BARNES AVENUE</cross_street_2><address_type>ADDRESS</address_type><city>BRONX</city><facility_type>N/A</facility_type><status>Assigned</status><due_date>2011-11-08T00:00:00</due_date><resolution_action_updated_date year="2011" month="10" day="3">2011-10-03T00:00:00</resolution_action_updated_date><community_board>12 BRONX</community_board><borough>BRONX</borough><x_coordinate_state_plane_>1025983</x_coordinate_state_plane_><y_coordinate_state_plane_>269265</y_coordinate_state_plane_><park_facility_name>Unspecified</park_facility_name><park_borough>BRONX</park_borough><school_name>Unspecified</school_name><school_number>Unspecified</school_number><school_region>Unspecified</school_region><school_code>Unspecified</school_code><school_phone_number>Unspecified</school_phone_number><school_address>Unspecified</school_address><school_city>Unspecified</school_city><school_state>Unspecified</school_state><school_zip>Unspecified</school_zip><school_not_found>N</school_not_found><latitude>40.905644928726716</latitude><longitude>-73.84902615882892</longitude><location latitude="40.905644928726716" longitude="-73.84902615882892"/></row>