<?xml version="1.0" encoding="UTF-8"?>
<row _id="4997647" _uuid="01086E8F-0D09-4CFF-B537-CF7D923285C1" _address="http://data.cityofnewyork.us/resource/erm2-nwe9/4997647"><unique_key>24702599</unique_key><created_date year="2013" month="1" day="2">2013-01-02T00:00:00</created_date><closed_date year="2013" month="1" day="8">2013-01-08T00:00:00</closed_date><agency>HPD</agency><agency_name>Department of Housing Preservation and Development</agency_name><complaint_type>PLUMBING</complaint_type><descriptor>WATER-LEAKS</descriptor><location_type>RESIDENTIAL BUILDING</location_type><incident_zip>10457</incident_zip><incident_address>1930 GRAND CONCOURSE</incident_address><street_name>GRAND CONCOURSE</street_name><cross_street_1>ECHO PLACE</cross_street_1><cross_street_2>EAST 178 STREET</cross_street_2><address_type>ADDRESS</address_type><city>BRONX</city><facility_type>N/A</facility_type><status>Closed</status><resolution_action_updated_date year="2013" month="1" day="8">2013-01-08T00:00:00</resolution_action_updated_date><community_board>05 BRONX</community_board><borough>BRONX</borough><x_coordinate_state_plane_>1010405</x_coordinate_state_plane_><y_coordinate_state_plane_>249008</y_coordinate_state_plane_><park_facility_name>Unspecified</park_facility_name><park_borough>BRONX</park_borough><school_name>Unspecified</school_name><school_number>Unspecified</school_number><school_region>Unspecified</school_region><school_code>Unspecified</school_code><school_phone_number>Unspecified</school_phone_number><school_address>Unspecified</school_address><school_city>Unspecified</school_city><school_state>Unspecified</school_state><school_zip>Unspecified</school_zip><latitude>40.85010570559272</latitude><longitude>-73.90546036631885</longitude><location latitude="40.85010570559272" longitude="-73.90546036631885"/></row>