<?xml version="1.0" encoding="UTF-8"?>
<row _id="798152" _uuid="01080310-994B-4504-8976-AB198EDD0057" _address="http://data.cityofnewyork.us/resource/erm2-nwe9/798152"><unique_key>17567213</unique_key><created_date year="2010" month="7" day="3">2010-07-03T00:00:00</created_date><closed_date year="2010" month="7" day="3">2010-07-03T00:00:00</closed_date><agency>NYPD</agency><agency_name>New York City Police Department</agency_name><complaint_type>Noise - Commercial</complaint_type><descriptor>Loud Music/Party</descriptor><location_type>Club/Bar/Restaurant</location_type><incident_zip>11203</incident_zip><incident_address>578 ALBANY AVENUE</incident_address><street_name>ALBANY AVENUE</street_name><cross_street_1>MIDWOOD STREET</cross_street_1><cross_street_2>RUTLAND ROAD</cross_street_2><address_type>ADDRESS</address_type><city>BROOKLYN</city><facility_type>Precinct</facility_type><status>Closed</status><due_date>2010-07-03T00:00:00</due_date><resolution_action_updated_date year="2010" month="7" day="3">2010-07-03T00:00:00</resolution_action_updated_date><community_board>09 BROOKLYN</community_board><borough>BROOKLYN</borough><x_coordinate_state_plane_>1000955</x_coordinate_state_plane_><y_coordinate_state_plane_>179919</y_coordinate_state_plane_><park_facility_name>Unspecified</park_facility_name><park_borough>BROOKLYN</park_borough><school_name>Unspecified</school_name><school_number>Unspecified</school_number><school_region>Unspecified</school_region><school_code>Unspecified</school_code><school_phone_number>Unspecified</school_phone_number><school_address>Unspecified</school_address><school_city>Unspecified</school_city><school_state>Unspecified</school_state><school_zip>Unspecified</school_zip><school_not_found>N</school_not_found><latitude>40.660497045832614</latitude><longitude>-73.93978989091207</longitude><location latitude="40.660497045832614" longitude="-73.93978989091207"/></row>