<?xml version="1.0" encoding="UTF-8"?>
<row _id="579163" _uuid="0109B5BD-9E0B-4A56-9F59-B83A1C971B2F" _address="http://data.cityofnewyork.us/resource/erm2-nwe9/579163"><unique_key>20418066</unique_key><created_date year="2011" month="5" day="12">2011-05-12T00:00:00</created_date><closed_date year="2011" month="5" day="16">2011-05-16T00:00:00</closed_date><agency>DOB</agency><agency_name>Department of Buildings</agency_name><complaint_type>BEST/Site Safety</complaint_type><descriptor>Safety Netting/Guard Rails - Damaged/Inadequate/None (Over 6 Stories/75 Feet)</descriptor><incident_zip>10075</incident_zip><incident_address>1489 1 AVENUE</incident_address><street_name>1 AVENUE</street_name><cross_street_1>EAST 77 STREET</cross_street_1><cross_street_2>EAST 78 STREET</cross_street_2><address_type>ADDRESS</address_type><city>NEW YORK</city><facility_type>N/A</facility_type><status>Closed</status><resolution_action_updated_date year="2011" month="5" day="16">2011-05-16T00:00:00</resolution_action_updated_date><community_board>Unspecified MANHATTAN</community_board><borough>MANHATTAN</borough><x_coordinate_state_plane_>997169</x_coordinate_state_plane_><y_coordinate_state_plane_>220337</y_coordinate_state_plane_><park_facility_name>Unspecified</park_facility_name><park_borough>MANHATTAN</park_borough><school_name>Unspecified</school_name><school_number>Unspecified</school_number><school_region>Unspecified</school_region><school_code>Unspecified</school_code><school_phone_number>Unspecified</school_phone_number><school_address>Unspecified</school_address><school_city>Unspecified</school_city><school_state>Unspecified</school_state><school_zip>Unspecified</school_zip><latitude>40.77144108005716</latitude><longitude>-73.95335826276803</longitude><location latitude="40.77144108005716" longitude="-73.95335826276803"/></row>