<?xml version="1.0" encoding="UTF-8"?>
<row _id="3209967" _uuid="010A7AE8-C0DC-4515-9F3C-72C86716BEC5" _address="http://data.cityofnewyork.us/resource/erm2-nwe9/3209967"><unique_key>22245624</unique_key><created_date year="2011" month="12" day="2">2011-12-02T00:00:00</created_date><agency>HPD</agency><agency_name>Department of Housing Preservation and Development</agency_name><complaint_type>GENERAL CONSTRUCTION</complaint_type><descriptor>FLOOR</descriptor><location_type>RESIDENTIAL BUILDING</location_type><incident_zip>10461</incident_zip><incident_address>3555 BRUCKNER BOULEVARD</incident_address><street_name>BRUCKNER BOULEVARD</street_name><cross_street_1>ROBERTS AVENUE</cross_street_1><cross_street_2>BRUCKNER EXPWY WB EN BUHRE AVE</cross_street_2><address_type>ADDRESS</address_type><city>BRONX</city><facility_type>N/A</facility_type><status>Open</status><resolution_action_updated_date year="2011" month="12" day="27">2011-12-27T00:00:00</resolution_action_updated_date><community_board>10 BRONX</community_board><borough>BRONX</borough><x_coordinate_state_plane_>1031980</x_coordinate_state_plane_><y_coordinate_state_plane_>248204</y_coordinate_state_plane_><park_facility_name>Unspecified</park_facility_name><park_borough>BRONX</park_borough><school_name>Unspecified</school_name><school_number>Unspecified</school_number><school_region>Unspecified</school_region><school_code>Unspecified</school_code><school_phone_number>Unspecified</school_phone_number><school_address>Unspecified</school_address><school_city>Unspecified</school_city><school_state>Unspecified</school_state><school_zip>Unspecified</school_zip><latitude>40.84780869783529</latitude><longitude>-73.82748144004533</longitude><location latitude="40.84780869783529" longitude="-73.82748144004533"/></row>