<?xml version="1.0" encoding="UTF-8"?>
<row _id="1482194" _uuid="010EF671-BE0E-4F8E-B103-CA87AE44A129" _address="http://data.cityofnewyork.us/resource/erm2-nwe9/1482194"><unique_key>19248480</unique_key><created_date year="2010" month="12" day="2">2010-12-02T00:00:00</created_date><closed_date year="2010" month="12" day="28">2010-12-28T00:00:00</closed_date><agency>HPD</agency><agency_name>Department of Housing Preservation and Development</agency_name><complaint_type>PLUMBING</complaint_type><descriptor>RADIATOR</descriptor><location_type>RESIDENTIAL BUILDING</location_type><incident_zip>11211</incident_zip><incident_address>334 SOUTH 3 STREET</incident_address><street_name>SOUTH 3 STREET</street_name><cross_street_1>KEAP STREET</cross_street_1><cross_street_2>HOOPER STREET</cross_street_2><address_type>ADDRESS</address_type><city>BROOKLYN</city><facility_type>N/A</facility_type><status>Closed</status><resolution_action_updated_date year="2010" month="12" day="28">2010-12-28T00:00:00</resolution_action_updated_date><community_board>0 Unspecified</community_board><borough>Unspecified</borough><x_coordinate_state_plane_>997050</x_coordinate_state_plane_><y_coordinate_state_plane_>197708</y_coordinate_state_plane_><park_facility_name>Unspecified</park_facility_name><park_borough>Unspecified</park_borough><school_name>Unspecified</school_name><school_number>Unspecified</school_number><school_region>Unspecified</school_region><school_code>Unspecified</school_code><school_phone_number>Unspecified</school_phone_number><school_address>Unspecified</school_address><school_city>Unspecified</school_city><school_state>Unspecified</school_state><school_zip>Unspecified</school_zip><latitude>40.70933028478438</latitude><longitude>-73.9538309506586</longitude><location latitude="40.70933028478438" longitude="-73.9538309506586"/></row>