<?xml version="1.0" encoding="UTF-8"?>
<row _id="2587106" _uuid="011246AC-0C6F-45BC-AE73-02B2F3B646EE" _address="http://data.cityofnewyork.us/resource/erm2-nwe9/2587106"><unique_key>20757850</unique_key><created_date year="2011" month="7" day="2">2011-07-02T00:00:00</created_date><agency>HPD</agency><agency_name>Department of Housing Preservation and Development</agency_name><complaint_type>PLUMBING</complaint_type><descriptor>WATER-LEAKS</descriptor><location_type>RESIDENTIAL BUILDING</location_type><incident_zip>11374</incident_zip><incident_address>63-45 SAUNDERS STREET</incident_address><street_name>SAUNDERS STREET</street_name><cross_street_1>63 AVENUE</cross_street_1><cross_street_2>63 DRIVE</cross_street_2><address_type>ADDRESS</address_type><city>REGO PARK</city><facility_type>N/A</facility_type><status>Open</status><resolution_action_updated_date year="2011" month="8" day="4">2011-08-04T00:00:00</resolution_action_updated_date><community_board>06 QUEENS</community_board><borough>QUEENS</borough><x_coordinate_state_plane_>1022091</x_coordinate_state_plane_><y_coordinate_state_plane_>205096</y_coordinate_state_plane_><park_facility_name>Unspecified</park_facility_name><park_borough>QUEENS</park_borough><school_name>Unspecified</school_name><school_number>Unspecified</school_number><school_region>Unspecified</school_region><school_code>Unspecified</school_code><school_phone_number>Unspecified</school_phone_number><school_address>Unspecified</school_address><school_city>Unspecified</school_city><school_state>Unspecified</school_state><school_zip>Unspecified</school_zip><latitude>40.729536881682385</latitude><longitude>-73.86346770394167</longitude><location latitude="40.729536881682385" longitude="-73.86346770394167"/></row>