<?xml version="1.0" encoding="UTF-8"?>
<row _id="1152459" _uuid="0113EFB8-46A3-4647-A3BD-3A38DDEAC7A4" _address="http://data.cityofnewyork.us/resource/erm2-nwe9/1152459"><unique_key>18858231</unique_key><created_date year="2010" month="10" day="8">2010-10-08T00:00:00</created_date><closed_date year="2010" month="10" day="8">2010-10-08T00:00:00</closed_date><agency>DOT</agency><agency_name>Department of Transportation</agency_name><complaint_type>Street Light Condition</complaint_type><descriptor>Time Clock Maladjusted</descriptor><incident_address> RED HOOK RECREATION AREA</incident_address><street_name>RED HOOK RECREATION AREA</street_name><cross_street_1>CLINTON ST</cross_street_1><cross_street_2>COLUMBIA ST</cross_street_2><address_type>BLOCKFACE</address_type><facility_type>N/A</facility_type><status>Closed</status><resolution_action_updated_date year="2010" month="10" day="7">2010-10-07T00:00:00</resolution_action_updated_date><community_board>Unspecified BROOKLYN</community_board><borough>BROOKLYN</borough><park_facility_name>Unspecified</park_facility_name><park_borough>BROOKLYN</park_borough><school_name>Unspecified</school_name><school_number>Unspecified</school_number><school_region>Unspecified</school_region><school_code>Unspecified</school_code><school_phone_number>Unspecified</school_phone_number><school_address>Unspecified</school_address><school_city>Unspecified</school_city><school_state>Unspecified</school_state><school_zip>Unspecified</school_zip></row>