<?xml version="1.0" encoding="UTF-8"?>
<row _id="3074849" _uuid="01158291-B99B-4AD8-8DB1-A2EFE1AF2D9C" _address="http://data.cityofnewyork.us/resource/erm2-nwe9/3074849"><unique_key>22602135</unique_key><created_date year="2012" month="1" day="26">2012-01-26T00:00:00</created_date><closed_date year="2012" month="1" day="27">2012-01-27T00:00:00</closed_date><agency>DOE</agency><agency_name>School - Bushwick School for Social Justice</agency_name><complaint_type>School Maintenance</complaint_type><descriptor>Unclean Condition</descriptor><location_type>School</location_type><incident_zip>11237</incident_zip><incident_address>400 IRVING AVENUE</incident_address><street_name>IRVING AVENUE</street_name><cross_street_1>PUTNAM AVENUE</cross_street_1><cross_street_2>MADISON STREET</cross_street_2><city>BROOKLYN</city><facility_type>School</facility_type><status>Closed</status><due_date>2012-02-02T00:00:00</due_date><resolution_action_updated_date year="2012" month="1" day="27">2012-01-27T00:00:00</resolution_action_updated_date><community_board>04 BROOKLYN</community_board><borough>BROOKLYN</borough><x_coordinate_state_plane_>1008987</x_coordinate_state_plane_><y_coordinate_state_plane_>193214</y_coordinate_state_plane_><park_facility_name>School - Bushwick School for Social Justice</park_facility_name><park_borough>BROOKLYN</park_borough><school_name>School - Bushwick School for Social Justice</school_name><school_number>549</school_number><school_region>Region 4</school_region><school_code>32K549</school_code><school_phone_number>7183817100</school_phone_number><school_address>400 Irving Avenue</school_address><school_city>BROOKLYN</school_city><school_state>NY</school_state><school_zip>11237</school_zip><school_not_found>N</school_not_found><latitude>40.696969995353115</latitude><longitude>-73.91079123565171</longitude><location latitude="40.696969995353115" longitude="-73.91079123565171"/></row>