<?xml version="1.0" encoding="UTF-8"?>
<row _id="3702168" _uuid="01153B0A-AE25-4068-A923-122C270D8327" _address="http://data.cityofnewyork.us/resource/erm2-nwe9/3702168"><unique_key>22820464</unique_key><created_date year="2012" month="3" day="5">2012-03-05T00:00:00</created_date><closed_date year="2012" month="3" day="6">2012-03-06T00:00:00</closed_date><agency>DOF</agency><agency_name>Department of Finance</agency_name><complaint_type>DOF Literature Request</complaint_type><descriptor>SCRIE - Application for Seniors Not Enrolled - English</descriptor><facility_type>N/A</facility_type><status>Closed</status><due_date>2012-03-13T00:00:00</due_date><resolution_action_updated_date year="2012" month="3" day="6">2012-03-06T00:00:00</resolution_action_updated_date><community_board>0 Unspecified</community_board><borough>Unspecified</borough><park_facility_name>Unspecified</park_facility_name><park_borough>Unspecified</park_borough><school_name>Unspecified</school_name><school_number>Unspecified</school_number><school_region>Unspecified</school_region><school_code>Unspecified</school_code><school_phone_number>Unspecified</school_phone_number><school_address>Unspecified</school_address><school_city>Unspecified</school_city><school_state>Unspecified</school_state><school_zip>Unspecified</school_zip><school_not_found>N</school_not_found></row>