<?xml version="1.0" encoding="UTF-8"?>
<row _id="932405" _uuid="0116A731-6438-4D64-9F4A-69EC2CB596D3" _address="http://data.cityofnewyork.us/resource/erm2-nwe9/932405"><unique_key>18391374</unique_key><created_date year="2010" month="8" day="2">2010-08-02T00:00:00</created_date><closed_date year="2010" month="8" day="3">2010-08-03T00:00:00</closed_date><agency>DPR</agency><agency_name>Department of Parks and Recreation</agency_name><complaint_type>Root/Sewer/Sidewalk Condition</complaint_type><descriptor>Trees and Sidewalks Program</descriptor><location_type>Street</location_type><incident_zip>11362</incident_zip><incident_address>50-65 245 STREET</incident_address><street_name>245 STREET</street_name><cross_street_1>VAN ZANDT AVENUE</cross_street_1><cross_street_2>THORNHILL AVENUE</cross_street_2><address_type>ADDRESS</address_type><city>LITTLE NECK</city><facility_type>N/A</facility_type><status>Closed</status><due_date>2010-09-01T00:00:00</due_date><resolution_action_updated_date year="2010" month="8" day="3">2010-08-03T00:00:00</resolution_action_updated_date><community_board>11 QUEENS</community_board><borough>QUEENS</borough><x_coordinate_state_plane_>1056599</x_coordinate_state_plane_><y_coordinate_state_plane_>216793</y_coordinate_state_plane_><park_facility_name>Unspecified</park_facility_name><park_borough>QUEENS</park_borough><school_name>Unspecified</school_name><school_number>Unspecified</school_number><school_region>Unspecified</school_region><school_code>Unspecified</school_code><school_phone_number>Unspecified</school_phone_number><school_address>Unspecified</school_address><school_city>Unspecified</school_city><school_state>Unspecified</school_state><school_zip>Unspecified</school_zip><school_not_found>N</school_not_found><latitude>40.76142713347972</latitude><longitude>-73.73883578113427</longitude><location latitude="40.76142713347972" longitude="-73.73883578113427"/></row>