<?xml version="1.0" encoding="UTF-8"?>
<row _id="3422563" _uuid="011C9AEA-654B-436A-90E7-5D94B6B5F0BB" _address="http://data.cityofnewyork.us/resource/erm2-nwe9/3422563"><unique_key>22514269</unique_key><created_date year="2012" month="1" day="13">2012-01-13T00:00:00</created_date><closed_date year="2012" month="1" day="19">2012-01-19T00:00:00</closed_date><agency>HPD</agency><agency_name>Department of Housing Preservation and Development</agency_name><complaint_type>HEATING</complaint_type><descriptor>HEAT</descriptor><location_type>RESIDENTIAL BUILDING</location_type><incident_zip>11372</incident_zip><incident_address>70-01 34 AVENUE</incident_address><street_name>34 AVENUE</street_name><cross_street_1>70 STREET</cross_street_1><cross_street_2>71 STREET</cross_street_2><address_type>ADDRESS</address_type><city>JACKSON HEIGHTS</city><facility_type>N/A</facility_type><status>Closed</status><resolution_action_updated_date year="2012" month="1" day="19">2012-01-19T00:00:00</resolution_action_updated_date><community_board>03 QUEENS</community_board><borough>QUEENS</borough><x_coordinate_state_plane_>1013049</x_coordinate_state_plane_><y_coordinate_state_plane_>213480</y_coordinate_state_plane_><park_facility_name>Unspecified</park_facility_name><park_borough>QUEENS</park_borough><school_name>Unspecified</school_name><school_number>Unspecified</school_number><school_region>Unspecified</school_region><school_code>Unspecified</school_code><school_phone_number>Unspecified</school_phone_number><school_address>Unspecified</school_address><school_city>Unspecified</school_city><school_state>Unspecified</school_state><school_zip>Unspecified</school_zip><latitude>40.75258291991676</latitude><longitude>-73.89605577979492</longitude><location latitude="40.75258291991676" longitude="-73.89605577979492"/></row>