<?xml version="1.0" encoding="UTF-8"?>
<row _id="3701557" _uuid="011C5249-4A9C-47D5-9DFC-91F0C08681CA" _address="http://data.cityofnewyork.us/resource/erm2-nwe9/3701557"><unique_key>22816900</unique_key><created_date year="2012" month="3" day="4">2012-03-04T00:00:00</created_date><closed_date year="2012" month="3" day="5">2012-03-05T00:00:00</closed_date><agency>DOHMH</agency><agency_name>Department of Health and Mental Hygiene</agency_name><complaint_type>Rodent</complaint_type><descriptor>Rat Sighting</descriptor><location_type>3+ Family Mixed Use Building</location_type><incident_zip>10456</incident_zip><incident_address>1259 COLLEGE AVENUE</incident_address><street_name>COLLEGE AVENUE</street_name><cross_street_1>EAST 168 STREET</cross_street_1><cross_street_2>EAST 169 STREET</cross_street_2><address_type>ADDRESS</address_type><city>BRONX</city><facility_type>N/A</facility_type><status>Closed</status><due_date>2012-04-03T00:00:00</due_date><resolution_action_updated_date year="2012" month="3" day="5">2012-03-05T00:00:00</resolution_action_updated_date><community_board>04 BRONX</community_board><borough>BRONX</borough><x_coordinate_state_plane_>1008458</x_coordinate_state_plane_><y_coordinate_state_plane_>243229</y_coordinate_state_plane_><park_facility_name>Unspecified</park_facility_name><park_borough>BRONX</park_borough><school_name>Unspecified</school_name><school_number>Unspecified</school_number><school_region>Unspecified</school_region><school_code>Unspecified</school_code><school_phone_number>Unspecified</school_phone_number><school_address>Unspecified</school_address><school_city>Unspecified</school_city><school_state>Unspecified</school_state><school_zip>Unspecified</school_zip><school_not_found>N</school_not_found><latitude>40.834249599792024</latitude><longitude>-73.91251883161884</longitude><location latitude="40.834249599792024" longitude="-73.91251883161884"/></row>