<?xml version="1.0" encoding="UTF-8"?>
<row _id="4575260" _uuid="011E3D47-D0A4-4E59-8DE6-F830C592B89D" _address="http://data.cityofnewyork.us/resource/erm2-nwe9/4575260"><unique_key>24127008</unique_key><created_date year="2012" month="10" day="2">2012-10-02T00:00:00</created_date><closed_date year="2012" month="10" day="18">2012-10-18T00:00:00</closed_date><agency>DCA</agency><agency_name>Department of Consumer Affairs</agency_name><complaint_type>Consumer Complaint</complaint_type><descriptor>Non-Delivery Goods/Services</descriptor><incident_zip>N/A</incident_zip><incident_address>N/A N/A</incident_address><street_name>N/A</street_name><city>N/A</city><facility_type>N/A</facility_type><status>Closed</status><due_date>2012-10-18T00:00:00</due_date><resolution_action_updated_date year="2012" month="10" day="18">2012-10-18T00:00:00</resolution_action_updated_date><community_board>Unspecified BRONX</community_board><borough>BRONX</borough><park_facility_name>Unspecified</park_facility_name><park_borough>BRONX</park_borough><school_name>Unspecified</school_name><school_number>Unspecified</school_number><school_region>Unspecified</school_region><school_code>Unspecified</school_code><school_phone_number>Unspecified</school_phone_number><school_address>Unspecified</school_address><school_city>Unspecified</school_city><school_state>Unspecified</school_state><school_zip>Unspecified</school_zip><school_not_found>N</school_not_found></row>