<?xml version="1.0" encoding="UTF-8"?>
<row _id="3074507" _uuid="0120E8FB-442A-40CC-9078-CFF9C565F7C8" _address="http://data.cityofnewyork.us/resource/erm2-nwe9/3074507"><unique_key>22353605</unique_key><created_date year="2011" month="12" day="18">2011-12-18T00:00:00</created_date><closed_date year="2011" month="12" day="20">2011-12-20T00:00:00</closed_date><agency>DPR</agency><agency_name>Department of Parks and Recreation</agency_name><complaint_type>Maintenance or Facility</complaint_type><descriptor>Structure - Outdoors</descriptor><location_type>Park</location_type><incident_zip>11235</incident_zip><city>BROOKLYN</city><facility_type>N/A</facility_type><status>Closed</status><due_date>2012-01-01T00:00:00</due_date><resolution_action_updated_date year="2011" month="12" day="20">2011-12-20T00:00:00</resolution_action_updated_date><community_board>Unspecified BROOKLYN</community_board><borough>BROOKLYN</borough><park_facility_name>Homecrest Playground</park_facility_name><park_borough>BROOKLYN</park_borough><school_name>Homecrest Playground</school_name><school_number>B166B</school_number><school_phone_number>NA 0/0</school_phone_number><school_address>Homecrest Avenue and Williams Court</school_address><school_city>BROOKLYN</school_city><school_state>NY</school_state><school_zip>11235</school_zip><school_not_found>N</school_not_found></row>