<?xml version="1.0" encoding="UTF-8"?>
<row _id="3951615" _uuid="012B55C0-7776-4E63-BC56-283A79D20C33" _address="http://data.cityofnewyork.us/resource/erm2-nwe9/3951615"><unique_key>23160788</unique_key><created_date year="2012" month="5" day="2">2012-05-02T00:00:00</created_date><closed_date year="2012" month="5" day="2">2012-05-02T00:00:00</closed_date><agency>NYPD</agency><agency_name>New York City Police Department</agency_name><complaint_type>Illegal Parking</complaint_type><descriptor>Double Parked Blocking Traffic</descriptor><location_type>Street/Sidewalk</location_type><incident_zip>11435</incident_zip><incident_address>141-30 PERSHING CRESCENT</incident_address><street_name>PERSHING CRESCENT</street_name><cross_street_1>BEND</cross_street_1><cross_street_2>LANDER STREET</cross_street_2><address_type>ADDRESS</address_type><city>JAMAICA</city><facility_type>Precinct</facility_type><status>Closed</status><due_date>2012-05-02T00:00:00</due_date><resolution_action_updated_date year="2012" month="5" day="2">2012-05-02T00:00:00</resolution_action_updated_date><community_board>08 QUEENS</community_board><borough>QUEENS</borough><x_coordinate_state_plane_>1035261</x_coordinate_state_plane_><y_coordinate_state_plane_>198748</y_coordinate_state_plane_><park_facility_name>Unspecified</park_facility_name><park_borough>QUEENS</park_borough><school_name>Unspecified</school_name><school_number>Unspecified</school_number><school_region>Unspecified</school_region><school_code>Unspecified</school_code><school_phone_number>Unspecified</school_phone_number><school_address>Unspecified</school_address><school_city>Unspecified</school_city><school_state>Unspecified</school_state><school_zip>Unspecified</school_zip><school_not_found>N</school_not_found><latitude>40.71204704431175</latitude><longitude>-73.81599789143193</longitude><location latitude="40.71204704431175" longitude="-73.81599789143193"/></row>