<?xml version="1.0" encoding="UTF-8"?>
<row _id="2723258" _uuid="012C30AE-FB4D-4854-9573-1E570E934FF0" _address="http://data.cityofnewyork.us/resource/erm2-nwe9/2723258"><unique_key>20961809</unique_key><created_date year="2011" month="8" day="2">2011-08-02T00:00:00</created_date><closed_date year="2011" month="8" day="2">2011-08-02T00:00:00</closed_date><agency>DSNY</agency><agency_name>BCC - Manhattan</agency_name><complaint_type>Sanitation Condition</complaint_type><descriptor>12 Dead Animals</descriptor><location_type>Sidewalk</location_type><incident_zip>10022</incident_zip><incident_address>110 EAST 58 STREET</incident_address><street_name>EAST 58 STREET</street_name><cross_street_1>PARK AVENUE</cross_street_1><cross_street_2>LEXINGTON AVENUE</cross_street_2><address_type>ADDRESS</address_type><city>NEW YORK</city><facility_type>DSNY Garage</facility_type><status>Closed</status><resolution_action_updated_date year="2011" month="8" day="2">2011-08-02T00:00:00</resolution_action_updated_date><community_board>05 MANHATTAN</community_board><borough>MANHATTAN</borough><x_coordinate_state_plane_>992663</x_coordinate_state_plane_><y_coordinate_state_plane_>216900</y_coordinate_state_plane_><park_facility_name>Unspecified</park_facility_name><park_borough>MANHATTAN</park_borough><school_name>Unspecified</school_name><school_number>Unspecified</school_number><school_region>Unspecified</school_region><school_code>Unspecified</school_code><school_phone_number>Unspecified</school_phone_number><school_address>Unspecified</school_address><school_city>Unspecified</school_city><school_state>Unspecified</school_state><school_zip>Unspecified</school_zip><latitude>40.76201284277927</latitude><longitude>-73.96963066962012</longitude><location latitude="40.76201284277927" longitude="-73.96963066962012"/></row>