<?xml version="1.0" encoding="UTF-8"?>
<row _id="1636569" _uuid="012E9099-4654-44E2-A5C2-EC66CA322AFE" _address="http://data.cityofnewyork.us/resource/erm2-nwe9/1636569"><unique_key>19514954</unique_key><created_date year="2011" month="1" day="2">2011-01-02T00:00:00</created_date><closed_date year="2011" month="1" day="2">2011-01-02T00:00:00</closed_date><agency>DSNY</agency><agency_name>Queens West 03</agency_name><complaint_type>Snow</complaint_type><descriptor>15S Re-Plow/Spread/Ice-Snow Cond.</descriptor><location_type>Street</location_type><incident_address> ASTORIA BOULEVARD</incident_address><street_name>ASTORIA BOULEVARD</street_name><cross_street_1>90 AVENUE</cross_street_1><cross_street_2>103 AVENUE</cross_street_2><address_type>BLOCKFACE</address_type><facility_type>N/A</facility_type><status>Closed</status><resolution_action_updated_date year="2011" month="1" day="2">2011-01-02T00:00:00</resolution_action_updated_date><community_board>03 QUEENS</community_board><borough>QUEENS</borough><park_facility_name>Unspecified</park_facility_name><park_borough>QUEENS</park_borough><school_name>Unspecified</school_name><school_number>Unspecified</school_number><school_region>Unspecified</school_region><school_code>Unspecified</school_code><school_phone_number>Unspecified</school_phone_number><school_address>Unspecified</school_address><school_city>Unspecified</school_city><school_state>Unspecified</school_state><school_zip>Unspecified</school_zip></row>