<?xml version="1.0" encoding="UTF-8"?>
<row _id="4340245" _uuid="0131BB29-53E9-47F0-A758-1C5B6C5357C7" _address="http://data.cityofnewyork.us/resource/erm2-nwe9/4340245"><unique_key>23731151</unique_key><created_date year="2012" month="8" day="2">2012-08-02T00:00:00</created_date><closed_date year="2012" month="8" day="8">2012-08-08T00:00:00</closed_date><agency>HPD</agency><agency_name>Department of Housing Preservation and Development</agency_name><complaint_type>PLUMBING</complaint_type><descriptor>TOILET</descriptor><location_type>RESIDENTIAL BUILDING</location_type><incident_zip>10009</incident_zip><incident_address>183 EAST 3 STREET</incident_address><street_name>EAST 3 STREET</street_name><cross_street_1>AVENUE A</cross_street_1><cross_street_2>AVENUE B</cross_street_2><address_type>ADDRESS</address_type><city>NEW YORK</city><facility_type>N/A</facility_type><status>Closed</status><resolution_action_updated_date year="2012" month="8" day="8">2012-08-08T00:00:00</resolution_action_updated_date><community_board>03 MANHATTAN</community_board><borough>MANHATTAN</borough><x_coordinate_state_plane_>988694</x_coordinate_state_plane_><y_coordinate_state_plane_>202723</y_coordinate_state_plane_><park_facility_name>Unspecified</park_facility_name><park_borough>MANHATTAN</park_borough><school_name>Unspecified</school_name><school_number>Unspecified</school_number><school_region>Unspecified</school_region><school_code>Unspecified</school_code><school_phone_number>Unspecified</school_phone_number><school_address>Unspecified</school_address><school_city>Unspecified</school_city><school_state>Unspecified</school_state><school_zip>Unspecified</school_zip><latitude>40.72310340104056</latitude><longitude>-73.98396737112712</longitude><location latitude="40.72310340104056" longitude="-73.98396737112712"/></row>