<?xml version="1.0" encoding="UTF-8"?>
<row _id="3209005" _uuid="01369F25-C86E-4C12-8D2F-42AEBC5FC699" _address="http://data.cityofnewyork.us/resource/erm2-nwe9/3209005"><unique_key>22244506</unique_key><created_date year="2011" month="12" day="2">2011-12-02T00:00:00</created_date><closed_date year="2011" month="12" day="13">2011-12-13T00:00:00</closed_date><agency>DOHMH</agency><agency_name>Department of Health and Mental Hygiene</agency_name><complaint_type>Rodent</complaint_type><descriptor>Condition Attracting Rodents</descriptor><location_type>1-2 Family Mixed Use Building</location_type><incident_zip>10035</incident_zip><incident_address>2260 1 AVENUE</incident_address><street_name>1 AVENUE</street_name><cross_street_1>EAST 116 STREET</cross_street_1><cross_street_2>EAST 117 STREET</cross_street_2><address_type>ADDRESS</address_type><city>NEW YORK</city><facility_type>N/A</facility_type><status>Closed</status><due_date>2012-01-01T00:00:00</due_date><resolution_action_updated_date year="2011" month="12" day="13">2011-12-13T00:00:00</resolution_action_updated_date><community_board>11 MANHATTAN</community_board><borough>MANHATTAN</borough><x_coordinate_state_plane_>1002169</x_coordinate_state_plane_><y_coordinate_state_plane_>229346</y_coordinate_state_plane_><park_facility_name>Unspecified</park_facility_name><park_borough>MANHATTAN</park_borough><school_name>Unspecified</school_name><school_number>Unspecified</school_number><school_region>Unspecified</school_region><school_code>Unspecified</school_code><school_phone_number>Unspecified</school_phone_number><school_address>Unspecified</school_address><school_city>Unspecified</school_city><school_state>Unspecified</school_state><school_zip>Unspecified</school_zip><school_not_found>N</school_not_found><latitude>40.79615965943979</latitude><longitude>-73.93528263338234</longitude><location latitude="40.79615965943979" longitude="-73.93528263338234"/></row>