<?xml version="1.0" encoding="UTF-8"?>
<row _id="2326450" _uuid="01396DBE-FAA1-4DA9-8D55-38EE76B5FABD" _address="http://data.cityofnewyork.us/resource/erm2-nwe9/2326450"><unique_key>20354501</unique_key><created_date year="2011" month="5" day="3">2011-05-03T00:00:00</created_date><closed_date year="2011" month="5" day="9">2011-05-09T00:00:00</closed_date><agency>HPD</agency><agency_name>Department of Housing Preservation and Development</agency_name><complaint_type>PLUMBING</complaint_type><descriptor>BASIN/SINK</descriptor><location_type>RESIDENTIAL BUILDING</location_type><incident_zip>10460</incident_zip><incident_address>1553 BRYANT AVENUE</incident_address><street_name>BRYANT AVENUE</street_name><cross_street_1>EAST 172 STREET</cross_street_1><cross_street_2>EAST 173 STREET</cross_street_2><address_type>ADDRESS</address_type><city>BRONX</city><facility_type>N/A</facility_type><status>Closed</status><resolution_action_updated_date year="2011" month="5" day="9">2011-05-09T00:00:00</resolution_action_updated_date><community_board>03 BRONX</community_board><borough>BRONX</borough><x_coordinate_state_plane_>1015582</x_coordinate_state_plane_><y_coordinate_state_plane_>243040</y_coordinate_state_plane_><park_facility_name>Unspecified</park_facility_name><park_borough>BRONX</park_borough><school_name>Unspecified</school_name><school_number>Unspecified</school_number><school_region>Unspecified</school_region><school_code>Unspecified</school_code><school_phone_number>Unspecified</school_phone_number><school_address>Unspecified</school_address><school_city>Unspecified</school_city><school_state>Unspecified</school_state><school_zip>Unspecified</school_zip><latitude>40.83370844901697</latitude><longitude>-73.886775529518</longitude><location latitude="40.83370844901697" longitude="-73.886775529518"/></row>