<?xml version="1.0" encoding="UTF-8"?>
<row _id="3423075" _uuid="013C53B6-8B4B-4C9E-BC41-F1434CA7680A" _address="http://data.cityofnewyork.us/resource/erm2-nwe9/3423075"><unique_key>22520048</unique_key><created_date year="2012" month="1" day="14">2012-01-14T00:00:00</created_date><closed_date year="2012" month="1" day="18">2012-01-18T00:00:00</closed_date><agency>DEP</agency><agency_name>Department of Environmental Protection</agency_name><complaint_type>Noise</complaint_type><descriptor>Noise, Barking Dog (NR5)</descriptor><incident_zip>11362</incident_zip><incident_address>240-18 MARYLAND ROAD</incident_address><street_name>MARYLAND ROAD</street_name><cross_street_1>HANFORD STREET</cross_street_1><cross_street_2>DOUGLASTON PARKWAY</cross_street_2><address_type>ADDRESS</address_type><city>LITTLE NECK</city><facility_type>N/A</facility_type><status>Closed</status><resolution_action_updated_date year="2012" month="1" day="18">2012-01-18T00:00:00</resolution_action_updated_date><community_board>11 QUEENS</community_board><borough>QUEENS</borough><x_coordinate_state_plane_>1055229</x_coordinate_state_plane_><y_coordinate_state_plane_>216534</y_coordinate_state_plane_><park_facility_name>Unspecified</park_facility_name><park_borough>QUEENS</park_borough><school_name>Unspecified</school_name><school_number>Unspecified</school_number><school_region>Unspecified</school_region><school_code>Unspecified</school_code><school_phone_number>Unspecified</school_phone_number><school_address>Unspecified</school_address><school_city>Unspecified</school_city><school_state>Unspecified</school_state><school_zip>Unspecified</school_zip><latitude>40.76072735288533</latitude><longitude>-73.74378389051935</longitude><location latitude="40.76072735288533" longitude="-73.74378389051935"/></row>