<?xml version="1.0" encoding="UTF-8"?>
<row _id="257828" _uuid="013F355B-2E55-494B-8451-B4CDC28BB567" _address="http://data.cityofnewyork.us/resource/erm2-nwe9/257828"><unique_key>16121833</unique_key><created_date year="2010" month="3" day="2">2010-03-02T00:00:00</created_date><closed_date year="2010" month="3" day="5">2010-03-05T00:00:00</closed_date><agency>HPD</agency><agency_name>Department of Housing Preservation and Development</agency_name><complaint_type>NONCONST</complaint_type><descriptor>VERMIN</descriptor><location_type>RESIDENTIAL BUILDING</location_type><incident_zip>11226</incident_zip><incident_address>160 PARKSIDE AVENUE</incident_address><street_name>PARKSIDE AVENUE</street_name><cross_street_1>ST PAUL'S PLACE</cross_street_1><cross_street_2>OCEAN AVENUE</cross_street_2><address_type>ADDRESS</address_type><city>BROOKLYN</city><facility_type>N/A</facility_type><status>Closed</status><resolution_action_updated_date year="2010" month="3" day="5">2010-03-05T00:00:00</resolution_action_updated_date><community_board>0 Unspecified</community_board><borough>Unspecified</borough><x_coordinate_state_plane_>994524</x_coordinate_state_plane_><y_coordinate_state_plane_>177710</y_coordinate_state_plane_><park_facility_name>Unspecified</park_facility_name><park_borough>Unspecified</park_borough><school_name>Unspecified</school_name><school_number>Unspecified</school_number><school_region>Unspecified</school_region><school_code>Unspecified</school_code><school_phone_number>Unspecified</school_phone_number><school_address>Unspecified</school_address><school_city>Unspecified</school_city><school_state>Unspecified</school_state><school_zip>Unspecified</school_zip><latitude>40.654443623624026</latitude><longitude>-73.96297261296417</longitude><location latitude="40.654443623624026" longitude="-73.96297261296417"/></row>