<?xml version="1.0" encoding="UTF-8"?>
<row _id="3209317" _uuid="01420AF4-E99D-4D50-A843-38D10A7F0DA2" _address="http://data.cityofnewyork.us/resource/erm2-nwe9/3209317"><unique_key>22243990</unique_key><created_date year="2011" month="12" day="2">2011-12-02T00:00:00</created_date><closed_date year="2011" month="12" day="5">2011-12-05T00:00:00</closed_date><agency>DEP</agency><agency_name>Department of Environmental Protection</agency_name><complaint_type>Noise</complaint_type><descriptor>Noise, Barking Dog (NR5)</descriptor><incident_zip>11373</incident_zip><incident_address>90-27 56 AVENUE</incident_address><street_name>56 AVENUE</street_name><cross_street_1>JUSTICE AVENUE</cross_street_1><cross_street_2>92 STREET</cross_street_2><address_type>ADDRESS</address_type><city>ELMHURST</city><facility_type>N/A</facility_type><status>Closed</status><resolution_action_updated_date year="2011" month="12" day="5">2011-12-05T00:00:00</resolution_action_updated_date><community_board>04 QUEENS</community_board><borough>QUEENS</borough><x_coordinate_state_plane_>1019780</x_coordinate_state_plane_><y_coordinate_state_plane_>207478</y_coordinate_state_plane_><park_facility_name>Unspecified</park_facility_name><park_borough>QUEENS</park_borough><school_name>Unspecified</school_name><school_number>Unspecified</school_number><school_region>Unspecified</school_region><school_code>Unspecified</school_code><school_phone_number>Unspecified</school_phone_number><school_address>Unspecified</school_address><school_city>Unspecified</school_city><school_state>Unspecified</school_state><school_zip>Unspecified</school_zip><latitude>40.73608446421738</latitude><longitude>-73.87179332117614</longitude><location latitude="40.73608446421738" longitude="-73.87179332117614"/></row>