<?xml version="1.0" encoding="UTF-8"?>
<row _id="2276551" _uuid="0148500E-5958-4FC6-8875-1B4B20B1B253" _address="http://data.cityofnewyork.us/resource/erm2-nwe9/2276551"><unique_key>20417015</unique_key><created_date year="2011" month="5" day="12">2011-05-12T00:00:00</created_date><closed_date year="2011" month="6" day="14">2011-06-14T00:00:00</closed_date><agency>DSNY</agency><agency_name>Department of Sanitation</agency_name><complaint_type>Graffiti</complaint_type><descriptor>Graffiti</descriptor><location_type>Mixed Use</location_type><incident_zip>10128</incident_zip><incident_address>1364 LEXINGTON AVENUE</incident_address><street_name>LEXINGTON AVENUE</street_name><cross_street_1>EAST 90 STREET</cross_street_1><cross_street_2>EAST 91 STREET</cross_street_2><address_type>ADDRESS</address_type><city>NEW YORK</city><facility_type>N/A</facility_type><status>Closed</status><resolution_action_updated_date year="2011" month="6" day="14">2011-06-14T00:00:00</resolution_action_updated_date><community_board>08 MANHATTAN</community_board><borough>MANHATTAN</borough><x_coordinate_state_plane_>997094</x_coordinate_state_plane_><y_coordinate_state_plane_>224260</y_coordinate_state_plane_><park_facility_name>Unspecified</park_facility_name><park_borough>MANHATTAN</park_borough><school_name>Unspecified</school_name><school_number>Unspecified</school_number><school_region>Unspecified</school_region><school_code>Unspecified</school_code><school_phone_number>Unspecified</school_phone_number><school_address>Unspecified</school_address><school_city>Unspecified</school_city><school_state>Unspecified</school_state><school_zip>Unspecified</school_zip><latitude>40.78220879035021</latitude><longitude>-73.95362153802326</longitude><location latitude="40.78220879035021" longitude="-73.95362153802326"/></row>