<?xml version="1.0" encoding="UTF-8"?>
<row _id="540485" _uuid="0149B2CD-F03D-4FBE-AD96-BD8A122559BD" _address="http://data.cityofnewyork.us/resource/erm2-nwe9/540485"><unique_key>16756018</unique_key><created_date year="2010" month="5" day="28">2010-05-28T00:00:00</created_date><closed_date year="2010" month="6" day="18">2010-06-18T00:00:00</closed_date><agency>DOB</agency><agency_name>Department of Buildings</agency_name><complaint_type>General Construction/Plumbing</complaint_type><descriptor>Egress - Doors Locked/Blocked/Improper/No Secondary Means</descriptor><incident_zip>10306</incident_zip><incident_address>342 NEW DORP LANE</incident_address><street_name>NEW DORP LANE</street_name><cross_street_1>CLAWSON STREET</cross_street_1><cross_street_2>HYLAN BOULEVARD</cross_street_2><address_type>ADDRESS</address_type><city>STATEN ISLAND</city><facility_type>N/A</facility_type><status>Closed</status><resolution_action_updated_date year="2010" month="6" day="18">2010-06-18T00:00:00</resolution_action_updated_date><community_board>02 STATEN ISLAND</community_board><borough>STATEN ISLAND</borough><x_coordinate_state_plane_>953421</x_coordinate_state_plane_><y_coordinate_state_plane_>147366</y_coordinate_state_plane_><park_facility_name>Unspecified</park_facility_name><park_borough>STATEN ISLAND</park_borough><school_name>Unspecified</school_name><school_number>Unspecified</school_number><school_region>Unspecified</school_region><school_code>Unspecified</school_code><school_phone_number>Unspecified</school_phone_number><school_address>Unspecified</school_address><school_city>Unspecified</school_city><school_state>Unspecified</school_state><school_zip>Unspecified</school_zip><latitude>40.57110796757947</latitude><longitude>-74.11096879886722</longitude><location latitude="40.57110796757947" longitude="-74.11096879886722"/></row>