<?xml version="1.0" encoding="UTF-8"?>
<row _id="3701519" _uuid="014DD403-3B27-41EC-A1E6-9B32E3A617A2" _address="http://data.cityofnewyork.us/resource/erm2-nwe9/3701519"><unique_key>22817240</unique_key><created_date year="2012" month="3" day="4">2012-03-04T00:00:00</created_date><closed_date year="2012" month="3" day="15">2012-03-15T00:00:00</closed_date><agency>DOHMH</agency><agency_name>Department of Health and Mental Hygiene</agency_name><complaint_type>Unsanitary Animal Pvt Property</complaint_type><descriptor>Animal Waste</descriptor><location_type>3+ Family Apartment Building</location_type><incident_zip>11206</incident_zip><incident_address>109 HART STREET</incident_address><street_name>HART STREET</street_name><cross_street_1>MARCY AVENUE</cross_street_1><cross_street_2>TOMPKINS AVENUE</cross_street_2><address_type>ADDRESS</address_type><city>BROOKLYN</city><facility_type>N/A</facility_type><status>Closed</status><due_date>2012-04-03T00:00:00</due_date><resolution_action_updated_date year="2012" month="3" day="15">2012-03-15T00:00:00</resolution_action_updated_date><community_board>03 BROOKLYN</community_board><borough>BROOKLYN</borough><x_coordinate_state_plane_>998905</x_coordinate_state_plane_><y_coordinate_state_plane_>191893</y_coordinate_state_plane_><park_facility_name>Unspecified</park_facility_name><park_borough>BROOKLYN</park_borough><school_name>Unspecified</school_name><school_number>Unspecified</school_number><school_region>Unspecified</school_region><school_code>Unspecified</school_code><school_phone_number>Unspecified</school_phone_number><school_address>Unspecified</school_address><school_city>Unspecified</school_city><school_state>Unspecified</school_state><school_zip>Unspecified</school_zip><school_not_found>N</school_not_found><latitude>40.693366596303655</latitude><longitude>-73.94715270084298</longitude><location latitude="40.693366596303655" longitude="-73.94715270084298"/></row>