<?xml version="1.0" encoding="UTF-8"?>
<row _id="1482168" _uuid="014DFF6B-5CA7-4F7E-A860-3188EFC57811" _address="http://data.cityofnewyork.us/resource/erm2-nwe9/1482168"><unique_key>19251941</unique_key><created_date year="2010" month="12" day="2">2010-12-02T00:00:00</created_date><closed_date year="2010" month="12" day="7">2010-12-07T00:00:00</closed_date><agency>DOB</agency><agency_name>Department of Buildings</agency_name><complaint_type>General Construction/Plumbing</complaint_type><descriptor>Sidewalk Shed/Pipe Scafford - Inadequate Defective/None</descriptor><incident_zip>10031</incident_zip><incident_address>500 WEST 140 STREET</incident_address><street_name>WEST 140 STREET</street_name><cross_street_1>AMSTERDAM AVENUE</cross_street_1><cross_street_2>HAMILTON PLACE</cross_street_2><address_type>ADDRESS</address_type><city>NEW YORK</city><facility_type>N/A</facility_type><status>Closed</status><resolution_action_updated_date year="2010" month="12" day="7">2010-12-07T00:00:00</resolution_action_updated_date><community_board>09 MANHATTAN</community_board><borough>MANHATTAN</borough><x_coordinate_state_plane_>998052</x_coordinate_state_plane_><y_coordinate_state_plane_>238813</y_coordinate_state_plane_><park_facility_name>Unspecified</park_facility_name><park_borough>MANHATTAN</park_borough><school_name>Unspecified</school_name><school_number>Unspecified</school_number><school_region>Unspecified</school_region><school_code>Unspecified</school_code><school_phone_number>Unspecified</school_phone_number><school_address>Unspecified</school_address><school_city>Unspecified</school_city><school_state>Unspecified</school_state><school_zip>Unspecified</school_zip><latitude>40.8221513363869</latitude><longitude>-73.95013237635312</longitude><location latitude="40.8221513363869" longitude="-73.95013237635312"/></row>