<?xml version="1.0" encoding="UTF-8"?>
<row _id="1103573" _uuid="01515EA1-797F-466F-8E05-2BA6662B1291" _address="http://data.cityofnewyork.us/resource/erm2-nwe9/1103573"><unique_key>18864172</unique_key><created_date year="2010" month="10" day="10">2010-10-10T00:00:00</created_date><closed_date year="2010" month="10" day="10">2010-10-10T00:00:00</closed_date><agency>NYPD</agency><agency_name>New York City Police Department</agency_name><complaint_type>Noise - Street/Sidewalk</complaint_type><descriptor>Loud Talking</descriptor><location_type>Street/Sidewalk</location_type><incident_zip>10032</incident_zip><intersection_street_1>WEST  170 STREET</intersection_street_1><intersection_street_2>FT WASHINGTON AVENUE</intersection_street_2><address_type>INTERSECTION</address_type><city>NEW YORK</city><facility_type>Precinct</facility_type><status>Closed</status><due_date>2010-10-10T00:00:00</due_date><resolution_action_updated_date year="2010" month="10" day="10">2010-10-10T00:00:00</resolution_action_updated_date><community_board>12 MANHATTAN</community_board><borough>MANHATTAN</borough><x_coordinate_state_plane_>1000399</x_coordinate_state_plane_><y_coordinate_state_plane_>246570</y_coordinate_state_plane_><park_facility_name>Unspecified</park_facility_name><park_borough>MANHATTAN</park_borough><school_name>Unspecified</school_name><school_number>Unspecified</school_number><school_region>Unspecified</school_region><school_code>Unspecified</school_code><school_phone_number>Unspecified</school_phone_number><school_address>Unspecified</school_address><school_city>Unspecified</school_city><school_state>Unspecified</school_state><school_zip>Unspecified</school_zip><school_not_found>N</school_not_found><latitude>40.84343808514774</latitude><longitude>-73.94163382386486</longitude><location latitude="40.84343808514774" longitude="-73.94163382386486"/></row>