<?xml version="1.0" encoding="UTF-8"?>
<row _id="3010289" _uuid="0153DD27-F330-443D-9313-DE0BE0D92DE9" _address="http://data.cityofnewyork.us/resource/erm2-nwe9/3010289"><unique_key>21568316</unique_key><created_date year="2011" month="10" day="3">2011-10-03T00:00:00</created_date><closed_date year="2011" month="10" day="3">2011-10-03T00:00:00</closed_date><agency>NYPD</agency><agency_name>New York City Police Department</agency_name><complaint_type>Noise - Commercial</complaint_type><descriptor>Loud Music/Party</descriptor><location_type>Club/Bar/Restaurant</location_type><incident_zip>10013</incident_zip><incident_address>80 LAFAYETTE STREET</incident_address><street_name>LAFAYETTE STREET</street_name><cross_street_1>FRANKLIN STREET</cross_street_1><cross_street_2>WHITE STREET</cross_street_2><address_type>ADDRESS</address_type><city>NEW YORK</city><facility_type>Precinct</facility_type><status>Closed</status><due_date>2011-10-03T00:00:00</due_date><resolution_action_updated_date year="2011" month="10" day="3">2011-10-03T00:00:00</resolution_action_updated_date><community_board>01 MANHATTAN</community_board><borough>MANHATTAN</borough><x_coordinate_state_plane_>983755</x_coordinate_state_plane_><y_coordinate_state_plane_>200524</y_coordinate_state_plane_><park_facility_name>Unspecified</park_facility_name><park_borough>MANHATTAN</park_borough><school_name>Unspecified</school_name><school_number>Unspecified</school_number><school_region>Unspecified</school_region><school_code>Unspecified</school_code><school_phone_number>Unspecified</school_phone_number><school_address>Unspecified</school_address><school_city>Unspecified</school_city><school_state>Unspecified</school_state><school_zip>Unspecified</school_zip><school_not_found>N</school_not_found><latitude>40.717068778215214</latitude><longitude>-74.00178565092229</longitude><location latitude="40.717068778215214" longitude="-74.00178565092229"/></row>