<?xml version="1.0" encoding="UTF-8"?>
<row _id="2723429" _uuid="0154F733-A174-4F62-A811-F23F817747BE" _address="http://data.cityofnewyork.us/resource/erm2-nwe9/2723429"><unique_key>20958666</unique_key><created_date year="2011" month="8" day="2">2011-08-02T00:00:00</created_date><agency>HPD</agency><agency_name>Department of Housing Preservation and Development</agency_name><complaint_type>APPLIANCE</complaint_type><descriptor>REFRIGERATOR</descriptor><location_type>RESIDENTIAL BUILDING</location_type><incident_zip>11436</incident_zip><incident_address>115-49 140 STREET</incident_address><street_name>140 STREET</street_name><cross_street_1>115 AVENUE</cross_street_1><cross_street_2>116 AVENUE</cross_street_2><address_type>ADDRESS</address_type><city>JAMAICA</city><facility_type>N/A</facility_type><status>Open</status><resolution_action_updated_date year="2011" month="8" day="22">2011-08-22T00:00:00</resolution_action_updated_date><community_board>12 QUEENS</community_board><borough>QUEENS</borough><x_coordinate_state_plane_>1039119</x_coordinate_state_plane_><y_coordinate_state_plane_>187439</y_coordinate_state_plane_><park_facility_name>Unspecified</park_facility_name><park_borough>QUEENS</park_borough><school_name>Unspecified</school_name><school_number>Unspecified</school_number><school_region>Unspecified</school_region><school_code>Unspecified</school_code><school_phone_number>Unspecified</school_phone_number><school_address>Unspecified</school_address><school_city>Unspecified</school_city><school_state>Unspecified</school_state><school_zip>Unspecified</school_zip><latitude>40.6809834631847</latitude><longitude>-73.8021738449446</longitude><location latitude="40.6809834631847" longitude="-73.8021738449446"/></row>