<?xml version="1.0" encoding="UTF-8"?>
<row _id="4204643" _uuid="015662D1-4C86-4366-BE12-802145074739" _address="http://data.cityofnewyork.us/resource/erm2-nwe9/4204643"><unique_key>23539007</unique_key><created_date year="2012" month="7" day="2">2012-07-02T00:00:00</created_date><closed_date year="2012" month="7" day="22">2012-07-22T00:00:00</closed_date><agency>HPD</agency><agency_name>Department of Housing Preservation and Development</agency_name><complaint_type>PLUMBING</complaint_type><descriptor>SHOWER-STALL</descriptor><location_type>RESIDENTIAL BUILDING</location_type><incident_zip>11236</incident_zip><incident_address>141 EAST 87 STREET</incident_address><street_name>EAST 87 STREET</street_name><cross_street_1>BEND</cross_street_1><cross_street_2>AVENUE B</cross_street_2><address_type>ADDRESS</address_type><city>BROOKLYN</city><facility_type>N/A</facility_type><status>Closed</status><resolution_action_updated_date year="2012" month="7" day="22">2012-07-22T00:00:00</resolution_action_updated_date><community_board>17 BROOKLYN</community_board><borough>BROOKLYN</borough><x_coordinate_state_plane_>1006594</x_coordinate_state_plane_><y_coordinate_state_plane_>175729</y_coordinate_state_plane_><park_facility_name>Unspecified</park_facility_name><park_borough>BROOKLYN</park_borough><school_name>Unspecified</school_name><school_number>Unspecified</school_number><school_region>Unspecified</school_region><school_code>Unspecified</school_code><school_phone_number>Unspecified</school_phone_number><school_address>Unspecified</school_address><school_city>Unspecified</school_city><school_state>Unspecified</school_state><school_zip>Unspecified</school_zip><latitude>40.64898398226783</latitude><longitude>-73.91947904162186</longitude><location latitude="40.64898398226783" longitude="-73.91947904162186"/></row>