<?xml version="1.0" encoding="UTF-8"?>
<row _id="794905" _uuid="015881AC-DF05-4CC8-B283-D186F5D95974" _address="http://data.cityofnewyork.us/resource/erm2-nwe9/794905"><unique_key>17566147</unique_key><created_date year="2010" month="7" day="2">2010-07-02T00:00:00</created_date><closed_date year="2010" month="7" day="18">2010-07-18T00:00:00</closed_date><agency>DCA</agency><agency_name>Department of Consumer Affairs</agency_name><complaint_type>Consumer Complaint</complaint_type><descriptor>Illegal Tow</descriptor><incident_zip>11205</incident_zip><incident_address>31 GRAND AVENUE</incident_address><street_name>GRAND AVENUE</street_name><cross_street_1>FLUSHING AVENUE</cross_street_1><cross_street_2>PARK AVENUE</cross_street_2><address_type>ADDRESS</address_type><city>BROOKLYN</city><facility_type>N/A</facility_type><status>Closed</status><due_date>2010-07-17T00:00:00</due_date><resolution_action_updated_date year="2010" month="7" day="18">2010-07-18T00:00:00</resolution_action_updated_date><community_board>02 BROOKLYN</community_board><borough>BROOKLYN</borough><x_coordinate_state_plane_>994041</x_coordinate_state_plane_><y_coordinate_state_plane_>193160</y_coordinate_state_plane_><park_facility_name>Unspecified</park_facility_name><park_borough>BROOKLYN</park_borough><school_name>Unspecified</school_name><school_number>Unspecified</school_number><school_region>Unspecified</school_region><school_code>Unspecified</school_code><school_phone_number>Unspecified</school_phone_number><school_address>Unspecified</school_address><school_city>Unspecified</school_city><school_state>Unspecified</school_state><school_zip>Unspecified</school_zip><school_not_found>N</school_not_found><latitude>40.696850934875044</latitude><longitude>-73.96469089523313</longitude><location latitude="40.696850934875044" longitude="-73.96469089523313"/></row>