<?xml version="1.0" encoding="UTF-8"?>
<row _id="44" _uuid="0158E466-3F7F-45AE-961A-0DBF7DB98FC4" _address="http://data.cityofnewyork.us/resource/erm2-nwe9/44"><unique_key>20417952</unique_key><created_date year="2011" month="5" day="11">2011-05-11T00:00:00</created_date><closed_date year="2011" month="5" day="12">2011-05-12T00:00:00</closed_date><agency>DOB</agency><agency_name>Department of Buildings</agency_name><complaint_type>General Construction/Plumbing</complaint_type><descriptor>Failure To Maintain</descriptor><incident_zip>10001</incident_zip><incident_address>38 WEST 32 STREET</incident_address><street_name>WEST 32 STREET</street_name><cross_street_1>5 AVENUE</cross_street_1><cross_street_2>BROADWAY</cross_street_2><address_type>ADDRESS</address_type><city>NEW YORK</city><facility_type>N/A</facility_type><status>Closed</status><resolution_action_updated_date year="2011" month="5" day="12">2011-05-12T00:00:00</resolution_action_updated_date><community_board>Unspecified MANHATTAN</community_board><borough>MANHATTAN</borough><x_coordinate_state_plane_>987782</x_coordinate_state_plane_><y_coordinate_state_plane_>211753</y_coordinate_state_plane_><park_facility_name>Unspecified</park_facility_name><park_borough>MANHATTAN</park_borough><school_name>Unspecified</school_name><school_number>Unspecified</school_number><school_region>Unspecified</school_region><school_code>Unspecified</school_code><school_phone_number>Unspecified</school_phone_number><school_address>Unspecified</school_address><school_city>Unspecified</school_city><school_state>Unspecified</school_state><school_zip>Unspecified</school_zip><latitude>40.74788893406422</latitude><longitude>-73.98725285485801</longitude><location latitude="40.74788893406422" longitude="-73.98725285485801"/></row>