<?xml version="1.0" encoding="UTF-8"?>
<row _id="932377" _uuid="015CB030-5D0D-4F7A-A824-6439DAFEBDB2" _address="http://data.cityofnewyork.us/resource/erm2-nwe9/932377"><unique_key>18390341</unique_key><created_date year="2010" month="8" day="2">2010-08-02T00:00:00</created_date><closed_date year="2010" month="8" day="4">2010-08-04T00:00:00</closed_date><agency>DPR</agency><agency_name>Department of Parks and Recreation</agency_name><complaint_type>Maintenance or Facility</complaint_type><descriptor>Structure - Outdoors</descriptor><location_type>Park</location_type><incident_zip>10301</incident_zip><city>STATEN ISLAND</city><facility_type>N/A</facility_type><status>Closed</status><due_date>2010-08-16T00:00:00</due_date><resolution_action_updated_date year="2010" month="8" day="4">2010-08-04T00:00:00</resolution_action_updated_date><community_board>01 STATEN ISLAND</community_board><borough>STATEN ISLAND</borough><park_facility_name>Skyline Playground</park_facility_name><park_borough>STATEN ISLAND</park_borough><school_name>Skyline Playground</school_name><school_number>R123</school_number><school_phone_number>7183908000</school_phone_number><school_address>Arnold Street and Prospect Avenue between Harvard Avenue and Clyde Place</school_address><school_city>STATEN ISLAND</school_city><school_state>NY</school_state><school_zip>10301</school_zip><school_not_found>N</school_not_found></row>