<?xml version="1.0" encoding="UTF-8"?>
<row _id="3010652" _uuid="0165BD1B-FDC8-4B3B-ADCE-6D39D0460534" _address="http://data.cityofnewyork.us/resource/erm2-nwe9/3010652"><unique_key>21570644</unique_key><created_date year="2011" month="10" day="3">2011-10-03T00:00:00</created_date><agency>HPD</agency><agency_name>Department of Housing Preservation and Development</agency_name><complaint_type>GENERAL CONSTRUCTION</complaint_type><descriptor>MOLD</descriptor><location_type>RESIDENTIAL BUILDING</location_type><incident_zip>11418</incident_zip><incident_address>117-13 HILLSIDE AVENUE</incident_address><street_name>HILLSIDE AVENUE</street_name><cross_street_1>117 STREET</cross_street_1><cross_street_2>BESSEMER STREET</cross_street_2><address_type>ADDRESS</address_type><city>RICHMOND HILL</city><facility_type>N/A</facility_type><status>Open</status><resolution_action_updated_date year="2011" month="10" day="14">2011-10-14T00:00:00</resolution_action_updated_date><community_board>09 QUEENS</community_board><borough>QUEENS</borough><x_coordinate_state_plane_>1030659</x_coordinate_state_plane_><y_coordinate_state_plane_>194432</y_coordinate_state_plane_><park_facility_name>Unspecified</park_facility_name><park_borough>QUEENS</park_borough><school_name>Unspecified</school_name><school_number>Unspecified</school_number><school_region>Unspecified</school_region><school_code>Unspecified</school_code><school_phone_number>Unspecified</school_phone_number><school_address>Unspecified</school_address><school_city>Unspecified</school_city><school_state>Unspecified</school_state><school_zip>Unspecified</school_zip><latitude>40.70022599988568</latitude><longitude>-73.83262749937712</longitude><location latitude="40.70022599988568" longitude="-73.83262749937712"/></row>