<?xml version="1.0" encoding="UTF-8"?>
<row _id="2722595" _uuid="0168F422-A5A5-4B32-B61C-F10571BE7FCC" _address="http://data.cityofnewyork.us/resource/erm2-nwe9/2722595"><unique_key>20961027</unique_key><created_date year="2011" month="8" day="2">2011-08-02T00:00:00</created_date><closed_date year="2012" month="2" day="16">2012-02-16T00:00:00</closed_date><agency>DOB</agency><agency_name>Department of Buildings</agency_name><complaint_type>General Construction/Plumbing</complaint_type><descriptor>Building - Vacant, Open And Unguarded</descriptor><incident_zip>11207</incident_zip><incident_address>199 HENDRIX STREET</incident_address><street_name>HENDRIX STREET</street_name><cross_street_1>FULTON STREET</cross_street_1><cross_street_2>ATLANTIC AVENUE</cross_street_2><address_type>ADDRESS</address_type><city>BROOKLYN</city><facility_type>N/A</facility_type><status>Closed</status><resolution_action_updated_date year="2012" month="2" day="9">2012-02-09T00:00:00</resolution_action_updated_date><community_board>05 BROOKLYN</community_board><borough>BROOKLYN</borough><x_coordinate_state_plane_>1014602</x_coordinate_state_plane_><y_coordinate_state_plane_>186102</y_coordinate_state_plane_><park_facility_name>Unspecified</park_facility_name><park_borough>BROOKLYN</park_borough><school_name>Unspecified</school_name><school_number>Unspecified</school_number><school_region>Unspecified</school_region><school_code>Unspecified</school_code><school_phone_number>Unspecified</school_phone_number><school_address>Unspecified</school_address><school_city>Unspecified</school_city><school_state>Unspecified</school_state><school_zip>Unspecified</school_zip><latitude>40.67743172423472</latitude><longitude>-73.89057398279009</longitude><location latitude="40.67743172423472" longitude="-73.89057398279009"/></row>