<?xml version="1.0" encoding="UTF-8"?>
<row _id="1866879" _uuid="0168DC9E-DF78-4EF7-87D5-D740C59603E2" _address="http://data.cityofnewyork.us/resource/erm2-nwe9/1866879"><unique_key>20043327</unique_key><created_date year="2011" month="3" day="15">2011-03-15T00:00:00</created_date><closed_date year="2011" month="3" day="15">2011-03-15T00:00:00</closed_date><agency>DOT</agency><agency_name>Department of Transportation</agency_name><complaint_type>Street Condition</complaint_type><descriptor>Pothole</descriptor><incident_zip>10460</incident_zip><intersection_street_1>EAST 185 STREET</intersection_street_1><intersection_street_2>SOUTHERN BOULEVARD</intersection_street_2><address_type>INTERSECTION</address_type><city>BRONX</city><facility_type>N/A</facility_type><status>Closed</status><resolution_action_updated_date year="2011" month="3" day="15">2011-03-15T00:00:00</resolution_action_updated_date><community_board>06 BRONX</community_board><borough>BRONX</borough><x_coordinate_state_plane_>1016894</x_coordinate_state_plane_><y_coordinate_state_plane_>249775</y_coordinate_state_plane_><park_facility_name>Unspecified</park_facility_name><park_borough>BRONX</park_borough><school_name>Unspecified</school_name><school_number>Unspecified</school_number><school_region>Unspecified</school_region><school_code>Unspecified</school_code><school_phone_number>Unspecified</school_phone_number><school_address>Unspecified</school_address><school_city>Unspecified</school_city><school_state>Unspecified</school_state><school_zip>Unspecified</school_zip><latitude>40.852189284955244</latitude><longitude>-73.88200157479936</longitude><location latitude="40.852189284955244" longitude="-73.88200157479936"/></row>