<?xml version="1.0" encoding="UTF-8"?>
<row _id="2723282" _uuid="016AAFAB-988F-4279-9FC2-534746C156F5" _address="http://data.cityofnewyork.us/resource/erm2-nwe9/2723282"><unique_key>20961833</unique_key><created_date year="2011" month="8" day="2">2011-08-02T00:00:00</created_date><closed_date year="2011" month="8" day="3">2011-08-03T00:00:00</closed_date><agency>DSNY</agency><agency_name>BCC - Queens West</agency_name><complaint_type>Missed Collection (All Materials)</complaint_type><descriptor>2 Bulk-Missed Collection</descriptor><location_type>Sidewalk</location_type><incident_zip>11421</incident_zip><incident_address>87-38 95 STREET</incident_address><street_name>95 STREET</street_name><cross_street_1>JAMAICA AVENUE</cross_street_1><cross_street_2>89 AVENUE</cross_street_2><address_type>ADDRESS</address_type><city>WOODHAVEN</city><facility_type>DSNY Garage</facility_type><status>Closed</status><resolution_action_updated_date year="2011" month="8" day="3">2011-08-03T00:00:00</resolution_action_updated_date><community_board>09 QUEENS</community_board><borough>QUEENS</borough><x_coordinate_state_plane_>1025770</x_coordinate_state_plane_><y_coordinate_state_plane_>192077</y_coordinate_state_plane_><park_facility_name>Unspecified</park_facility_name><park_borough>QUEENS</park_borough><school_name>Unspecified</school_name><school_number>Unspecified</school_number><school_region>Unspecified</school_region><school_code>Unspecified</school_code><school_phone_number>Unspecified</school_phone_number><school_address>Unspecified</school_address><school_city>Unspecified</school_city><school_state>Unspecified</school_state><school_zip>Unspecified</school_zip><latitude>40.693786371681654</latitude><longitude>-73.85027399447303</longitude><location latitude="40.693786371681654" longitude="-73.85027399447303"/></row>