<?xml version="1.0" encoding="UTF-8"?>
<row _id="4997410" _uuid="01704D18-EFDD-48FC-830A-CE8F69D74096" _address="http://data.cityofnewyork.us/resource/erm2-nwe9/4997410"><unique_key>24703787</unique_key><created_date year="2013" month="1" day="2">2013-01-02T00:00:00</created_date><agency>HPD</agency><agency_name>Department of Housing Preservation and Development</agency_name><complaint_type>PAINT - PLASTER</complaint_type><descriptor>WALLS</descriptor><location_type>RESIDENTIAL BUILDING</location_type><incident_zip>10128</incident_zip><incident_address>1566 3 AVENUE</incident_address><street_name>3 AVENUE</street_name><cross_street_1>EAST 87 STREET</cross_street_1><cross_street_2>EAST 88 STREET</cross_street_2><address_type>ADDRESS</address_type><city>NEW YORK</city><facility_type>N/A</facility_type><status>Open</status><resolution_action_updated_date year="2013" month="1" day="2">2013-01-02T00:00:00</resolution_action_updated_date><community_board>08 MANHATTAN</community_board><borough>MANHATTAN</borough><x_coordinate_state_plane_>997235</x_coordinate_state_plane_><y_coordinate_state_plane_>223468</y_coordinate_state_plane_><park_facility_name>Unspecified</park_facility_name><park_borough>MANHATTAN</park_borough><school_name>Unspecified</school_name><school_number>Unspecified</school_number><school_region>Unspecified</school_region><school_code>Unspecified</school_code><school_phone_number>Unspecified</school_phone_number><school_address>Unspecified</school_address><school_city>Unspecified</school_city><school_state>Unspecified</school_state><school_zip>Unspecified</school_zip><latitude>40.780034754500015</latitude><longitude>-73.95311393125125</longitude><location latitude="40.780034754500015" longitude="-73.95311393125125"/></row>