<?xml version="1.0" encoding="UTF-8"?>
<row _id="3010299" _uuid="0174A40B-E985-47E2-AD7C-25DDB0B35F38" _address="http://data.cityofnewyork.us/resource/erm2-nwe9/3010299"><unique_key>21568537</unique_key><created_date year="2011" month="10" day="3">2011-10-03T00:00:00</created_date><closed_date year="2011" month="10" day="5">2011-10-05T00:00:00</closed_date><agency>HPD</agency><agency_name>Department of Housing Preservation and Development</agency_name><complaint_type>HEATING</complaint_type><descriptor>HEAT</descriptor><location_type>RESIDENTIAL BUILDING</location_type><incident_zip>10029</incident_zip><incident_address>241 EAST 115 STREET</incident_address><street_name>EAST 115 STREET</street_name><cross_street_1>3 AVENUE</cross_street_1><cross_street_2>2 AVENUE</cross_street_2><address_type>ADDRESS</address_type><city>NEW YORK</city><facility_type>N/A</facility_type><status>Closed</status><resolution_action_updated_date year="2011" month="10" day="5">2011-10-05T00:00:00</resolution_action_updated_date><community_board>11 MANHATTAN</community_board><borough>MANHATTAN</borough><x_coordinate_state_plane_>1001150</x_coordinate_state_plane_><y_coordinate_state_plane_>229507</y_coordinate_state_plane_><park_facility_name>Unspecified</park_facility_name><park_borough>MANHATTAN</park_borough><school_name>Unspecified</school_name><school_number>Unspecified</school_number><school_region>Unspecified</school_region><school_code>Unspecified</school_code><school_phone_number>Unspecified</school_phone_number><school_address>Unspecified</school_address><school_city>Unspecified</school_city><school_state>Unspecified</school_state><school_zip>Unspecified</school_zip><latitude>40.796603568220654</latitude><longitude>-73.93896251029072</longitude><location latitude="40.796603568220654" longitude="-73.93896251029072"/></row>