<?xml version="1.0" encoding="UTF-8"?>
<row _id="3423085" _uuid="0175CF06-8322-4B50-8D3E-283C3038CFF6" _address="http://data.cityofnewyork.us/resource/erm2-nwe9/3423085"><unique_key>22520095</unique_key><created_date year="2012" month="1" day="14">2012-01-14T00:00:00</created_date><closed_date year="2012" month="1" day="14">2012-01-14T00:00:00</closed_date><agency>DEP</agency><agency_name>Department of Environmental Protection</agency_name><complaint_type>Water System</complaint_type><descriptor>Dirty Water (WE)</descriptor><incident_zip>11229</incident_zip><incident_address>3014 GERRITSEN AVENUE</incident_address><street_name>GERRITSEN AVENUE</street_name><cross_street_1>LOIS AVENUE</cross_street_1><cross_street_2>DEAD END</cross_street_2><address_type>ADDRESS</address_type><city>BROOKLYN</city><facility_type>N/A</facility_type><status>Closed</status><resolution_action_updated_date year="2012" month="1" day="14">2012-01-14T00:00:00</resolution_action_updated_date><community_board>15 BROOKLYN</community_board><borough>BROOKLYN</borough><x_coordinate_state_plane_>1006623</x_coordinate_state_plane_><y_coordinate_state_plane_>153410</y_coordinate_state_plane_><park_facility_name>Unspecified</park_facility_name><park_borough>BROOKLYN</park_borough><school_name>Unspecified</school_name><school_number>Unspecified</school_number><school_region>Unspecified</school_region><school_code>Unspecified</school_code><school_phone_number>Unspecified</school_phone_number><school_address>Unspecified</school_address><school_city>Unspecified</school_city><school_state>Unspecified</school_state><school_zip>Unspecified</school_zip><latitude>40.58772291850206</latitude><longitude>-73.91944849606185</longitude><location latitude="40.58772291850206" longitude="-73.91944849606185"/></row>