<?xml version="1.0" encoding="UTF-8"?>
<row _id="3951600" _uuid="01806083-176D-4757-82B0-92E46F8C7173" _address="http://data.cityofnewyork.us/resource/erm2-nwe9/3951600"><unique_key>23164057</unique_key><created_date year="2012" month="5" day="2">2012-05-02T00:00:00</created_date><closed_date year="2012" month="5" day="3">2012-05-03T00:00:00</closed_date><agency>NYPD</agency><agency_name>New York City Police Department</agency_name><complaint_type>Blocked Driveway</complaint_type><descriptor>Partial Access</descriptor><location_type>Street/Sidewalk</location_type><incident_zip>10452</incident_zip><incident_address>1327 NELSON AVENUE</incident_address><street_name>NELSON AVENUE</street_name><cross_street_1>CORPORAL IRWIN FISCHER PLACE</cross_street_1><cross_street_2>WEST 170 STREET</cross_street_2><address_type>ADDRESS</address_type><city>BRONX</city><facility_type>Precinct</facility_type><status>Closed</status><due_date>2012-05-03T00:00:00</due_date><resolution_action_updated_date year="2012" month="5" day="3">2012-05-03T00:00:00</resolution_action_updated_date><community_board>04 BRONX</community_board><borough>BRONX</borough><x_coordinate_state_plane_>1005447</x_coordinate_state_plane_><y_coordinate_state_plane_>245519</y_coordinate_state_plane_><park_facility_name>Unspecified</park_facility_name><park_borough>BRONX</park_borough><school_name>Unspecified</school_name><school_number>Unspecified</school_number><school_region>Unspecified</school_region><school_code>Unspecified</school_code><school_phone_number>Unspecified</school_phone_number><school_address>Unspecified</school_address><school_city>Unspecified</school_city><school_state>Unspecified</school_state><school_zip>Unspecified</school_zip><school_not_found>N</school_not_found><latitude>40.84054272354889</latitude><longitude>-73.92339252855939</longitude><location latitude="40.84054272354889" longitude="-73.92339252855939"/></row>