<?xml version="1.0" encoding="UTF-8"?>
<row _id="4204319" _uuid="0181BB6A-7ABA-4B1B-A732-A5EFBBFC9F0C" _address="http://data.cityofnewyork.us/resource/erm2-nwe9/4204319"><unique_key>23536259</unique_key><created_date year="2012" month="7" day="2">2012-07-02T00:00:00</created_date><closed_date year="2012" month="7" day="2">2012-07-02T00:00:00</closed_date><agency>DSNY</agency><agency_name>BCC - Queens West</agency_name><complaint_type>Derelict Vehicles</complaint_type><descriptor>14 Derelict Vehicles</descriptor><location_type>Street</location_type><incident_zip>11421</incident_zip><incident_address>88-10 74 PLACE</incident_address><street_name>74 PLACE</street_name><cross_street_1>88 ROAD</cross_street_1><cross_street_2>90 AVENUE</cross_street_2><address_type>ADDRESS</address_type><city>WOODHAVEN</city><facility_type>DSNY Garage</facility_type><status>Pending</status><resolution_action_updated_date year="2012" month="7" day="2">2012-07-02T00:00:00</resolution_action_updated_date><community_board>09 QUEENS</community_board><borough>QUEENS</borough><x_coordinate_state_plane_>1021240</x_coordinate_state_plane_><y_coordinate_state_plane_>190084</y_coordinate_state_plane_><park_facility_name>Unspecified</park_facility_name><park_borough>QUEENS</park_borough><school_name>Unspecified</school_name><school_number>Unspecified</school_number><school_region>Unspecified</school_region><school_code>Unspecified</school_code><school_phone_number>Unspecified</school_phone_number><school_address>Unspecified</school_address><school_city>Unspecified</school_city><school_state>Unspecified</school_state><school_zip>Unspecified</school_zip><latitude>40.68833614569462</latitude><longitude>-73.86662062392745</longitude><location latitude="40.68833614569462" longitude="-73.86662062392745"/></row>