<?xml version="1.0" encoding="UTF-8"?>
<row _id="1635891" _uuid="01889786-1731-4109-B6DA-F40D88CE4F5B" _address="http://data.cityofnewyork.us/resource/erm2-nwe9/1635891"><unique_key>19511484</unique_key><created_date year="2011" month="1" day="2">2011-01-02T00:00:00</created_date><closed_date year="2011" month="1" day="18">2011-01-18T00:00:00</closed_date><agency>DCA</agency><agency_name>Department of Consumer Affairs</agency_name><complaint_type>Consumer Complaint</complaint_type><descriptor>Damaged/Defective Goods</descriptor><incident_zip>11214</incident_zip><incident_address>1946 86 STREET</incident_address><street_name>86 STREET</street_name><cross_street_1>BAY 22 STREET</cross_street_1><cross_street_2>BAY 23 STREET</cross_street_2><address_type>ADDRESS</address_type><city>BROOKLYN</city><facility_type>N/A</facility_type><status>Closed</status><due_date>2011-01-18T00:00:00</due_date><resolution_action_updated_date year="2011" month="1" day="18">2011-01-18T00:00:00</resolution_action_updated_date><community_board>11 BROOKLYN</community_board><borough>BROOKLYN</borough><x_coordinate_state_plane_>984427</x_coordinate_state_plane_><y_coordinate_state_plane_>159790</y_coordinate_state_plane_><park_facility_name>Unspecified</park_facility_name><park_borough>BROOKLYN</park_borough><school_name>Unspecified</school_name><school_number>Unspecified</school_number><school_region>Unspecified</school_region><school_code>Unspecified</school_code><school_phone_number>Unspecified</school_phone_number><school_address>Unspecified</school_address><school_city>Unspecified</school_city><school_state>Unspecified</school_state><school_zip>Unspecified</school_zip><school_not_found>N</school_not_found><latitude>40.60526296491922</latitude><longitude>-73.99936256380681</longitude><location latitude="40.60526296491922" longitude="-73.99936256380681"/></row>