<?xml version="1.0" encoding="UTF-8"?>
<row _id="1413076" _uuid="018B0F25-5CFD-4E8B-A23F-0E8FFC6398D5" _address="http://data.cityofnewyork.us/resource/erm2-nwe9/1413076"><unique_key>20435335</unique_key><created_date year="2011" month="5" day="14">2011-05-14T00:00:00</created_date><closed_date year="2011" month="5" day="14">2011-05-14T00:00:00</closed_date><agency>NYPD</agency><agency_name>New York City Police Department</agency_name><complaint_type>Derelict Vehicle</complaint_type><descriptor>With License Plate</descriptor><location_type>Street/Sidewalk</location_type><incident_zip>11385</incident_zip><incident_address>58-31 78 AVENUE</incident_address><street_name>78 AVENUE</street_name><cross_street_1>CYPRESS AVENUE</cross_street_1><cross_street_2>60 STREET</cross_street_2><address_type>ADDRESS</address_type><city>RIDGEWOOD</city><facility_type>Precinct</facility_type><status>Closed</status><due_date>2011-05-14T00:00:00</due_date><resolution_action_updated_date year="2011" month="5" day="14">2011-05-14T00:00:00</resolution_action_updated_date><community_board>05 QUEENS</community_board><borough>QUEENS</borough><x_coordinate_state_plane_>1012471</x_coordinate_state_plane_><y_coordinate_state_plane_>192618</y_coordinate_state_plane_><park_facility_name>Unspecified</park_facility_name><park_borough>QUEENS</park_borough><school_name>Unspecified</school_name><school_number>Unspecified</school_number><school_region>Unspecified</school_region><school_code>Unspecified</school_code><school_phone_number>Unspecified</school_phone_number><school_address>Unspecified</school_address><school_city>Unspecified</school_city><school_state>Unspecified</school_state><school_zip>Unspecified</school_zip><school_not_found>N</school_not_found><latitude>40.6953236904182</latitude><longitude>-73.89822943343404</longitude><location latitude="40.6953236904182" longitude="-73.89822943343404"/></row>