<?xml version="1.0" encoding="UTF-8"?>
<row _id="2321049" _uuid="01932081-A0D8-4E31-BD60-5B4C380B2196" _address="http://data.cityofnewyork.us/resource/erm2-nwe9/2321049"><unique_key>20343524</unique_key><created_date year="2011" month="5" day="2">2011-05-02T00:00:00</created_date><agency>DPR</agency><agency_name>Department of Parks and Recreation</agency_name><complaint_type>Damaged Tree</complaint_type><descriptor>Entire Tree Has Fallen Down</descriptor><location_type>Street</location_type><incident_zip>10002</incident_zip><intersection_street_1>DELANCEY STREET</intersection_street_1><intersection_street_2>CLINTON STREET</intersection_street_2><address_type>INTERSECTION</address_type><city>NEW YORK</city><facility_type>N/A</facility_type><status>Assigned</status><due_date>2011-06-03T00:00:00</due_date><resolution_action_updated_date year="2011" month="5" day="4">2011-05-04T00:00:00</resolution_action_updated_date><community_board>03 MANHATTAN</community_board><borough>MANHATTAN</borough><x_coordinate_state_plane_>988193</x_coordinate_state_plane_><y_coordinate_state_plane_>200764</y_coordinate_state_plane_><park_facility_name>Unspecified</park_facility_name><park_borough>MANHATTAN</park_borough><school_name>Unspecified</school_name><school_number>Unspecified</school_number><school_region>Unspecified</school_region><school_code>Unspecified</school_code><school_phone_number>Unspecified</school_phone_number><school_address>Unspecified</school_address><school_city>Unspecified</school_city><school_state>Unspecified</school_state><school_zip>Unspecified</school_zip><school_not_found>N</school_not_found><latitude>40.71772665579642</latitude><longitude>-73.98577597754645</longitude><location latitude="40.71772665579642" longitude="-73.98577597754645"/></row>