<?xml version="1.0" encoding="UTF-8"?>
<row _id="1868936" _uuid="01976858-3913-4877-BC1D-E72A565727F1" _address="http://data.cityofnewyork.us/resource/erm2-nwe9/1868936"><unique_key>20043377</unique_key><created_date year="2011" month="3" day="16">2011-03-16T00:00:00</created_date><closed_date year="2011" month="3" day="22">2011-03-22T00:00:00</closed_date><agency>DOT</agency><agency_name>Department of Transportation</agency_name><complaint_type>Street Condition</complaint_type><descriptor>Pothole</descriptor><incident_zip>11368</incident_zip><incident_address>43-14 108 STREET</incident_address><street_name>108 STREET</street_name><cross_street_1>43 AVENUE</cross_street_1><cross_street_2>44 AVENUE</cross_street_2><address_type>ADDRESS</address_type><city>CORONA</city><facility_type>N/A</facility_type><status>Closed</status><resolution_action_updated_date year="2011" month="3" day="22">2011-03-22T00:00:00</resolution_action_updated_date><community_board>04 QUEENS</community_board><borough>QUEENS</borough><x_coordinate_state_plane_>1023693</x_coordinate_state_plane_><y_coordinate_state_plane_>212019</y_coordinate_state_plane_><park_facility_name>Unspecified</park_facility_name><park_borough>QUEENS</park_borough><school_name>Unspecified</school_name><school_number>Unspecified</school_number><school_region>Unspecified</school_region><school_code>Unspecified</school_code><school_phone_number>Unspecified</school_phone_number><school_address>Unspecified</school_address><school_city>Unspecified</school_city><school_state>Unspecified</school_state><school_zip>Unspecified</school_zip><latitude>40.74853177570923</latitude><longitude>-73.8576470223599</longitude><location latitude="40.74853177570923" longitude="-73.8576470223599"/></row>