<?xml version="1.0" encoding="UTF-8"?>
<row _id="471958" _uuid="01991AA7-DE26-469B-BF35-855A5B90A8F8" _address="http://data.cityofnewyork.us/resource/erm2-nwe9/471958"><unique_key>16761382</unique_key><created_date year="2010" month="5" day="29">2010-05-29T00:00:00</created_date><closed_date year="2010" month="6" day="3">2010-06-03T00:00:00</closed_date><agency>HPD</agency><agency_name>Department of Housing Preservation and Development</agency_name><complaint_type>GENERAL CONSTRUCTION</complaint_type><descriptor>CERAMIC-TILE</descriptor><location_type>RESIDENTIAL BUILDING</location_type><incident_zip>11207</incident_zip><incident_address>212 PENNSYLVANIA AVENUE</incident_address><street_name>PENNSYLVANIA AVENUE</street_name><cross_street_1>GLENMORE AVENUE</cross_street_1><cross_street_2>PITKIN AVENUE</cross_street_2><address_type>ADDRESS</address_type><city>BROOKLYN</city><facility_type>N/A</facility_type><status>Closed</status><resolution_action_updated_date year="2010" month="6" day="3">2010-06-03T00:00:00</resolution_action_updated_date><community_board>0 Unspecified</community_board><borough>Unspecified</borough><x_coordinate_state_plane_>1013087</x_coordinate_state_plane_><y_coordinate_state_plane_>184318</y_coordinate_state_plane_><park_facility_name>Unspecified</park_facility_name><park_borough>Unspecified</park_borough><school_name>Unspecified</school_name><school_number>Unspecified</school_number><school_region>Unspecified</school_region><school_code>Unspecified</school_code><school_phone_number>Unspecified</school_phone_number><school_address>Unspecified</school_address><school_city>Unspecified</school_city><school_state>Unspecified</school_state><school_zip>Unspecified</school_zip><latitude>40.67254011423275</latitude><longitude>-73.8960435376733</longitude><location latitude="40.67254011423275" longitude="-73.8960435376733"/></row>