<?xml version="1.0" encoding="UTF-8"?>
<row _id="3422859" _uuid="01990BF9-0BDC-426C-8DD8-B2188139C7C7" _address="http://data.cityofnewyork.us/resource/erm2-nwe9/3422859"><unique_key>22521067</unique_key><created_date year="2012" month="1" day="14">2012-01-14T00:00:00</created_date><agency>HPD</agency><agency_name>Department of Housing Preservation and Development</agency_name><complaint_type>HEATING</complaint_type><descriptor>HEAT</descriptor><location_type>RESIDENTIAL BUILDING</location_type><incident_zip>11377</incident_zip><incident_address>51-28 48 STREET</incident_address><street_name>48 STREET</street_name><cross_street_1>LAUREL HILL BOULEVARD</cross_street_1><cross_street_2>NEW CALVARY CEMETERY BOUNDARY</cross_street_2><address_type>ADDRESS</address_type><city>WOODSIDE</city><facility_type>N/A</facility_type><status>Open</status><resolution_action_updated_date year="2012" month="1" day="25">2012-01-25T00:00:00</resolution_action_updated_date><community_board>02 QUEENS</community_board><borough>QUEENS</borough><x_coordinate_state_plane_>1006821</x_coordinate_state_plane_><y_coordinate_state_plane_>206873</y_coordinate_state_plane_><park_facility_name>Unspecified</park_facility_name><park_borough>QUEENS</park_borough><school_name>Unspecified</school_name><school_number>Unspecified</school_number><school_region>Unspecified</school_region><school_code>Unspecified</school_code><school_phone_number>Unspecified</school_phone_number><school_address>Unspecified</school_address><school_city>Unspecified</school_city><school_state>Unspecified</school_state><school_zip>Unspecified</school_zip><latitude>40.734466454218186</latitude><longitude>-73.91855665454072</longitude><location latitude="40.734466454218186" longitude="-73.91855665454072"/></row>