<?xml version="1.0" encoding="UTF-8"?>
<row _id="4340205" _uuid="019C7DB9-49E2-46B5-A1C8-6C31026989BC" _address="http://data.cityofnewyork.us/resource/erm2-nwe9/4340205"><unique_key>23731228</unique_key><created_date year="2012" month="8" day="2">2012-08-02T00:00:00</created_date><closed_date year="2012" month="8" day="31">2012-08-31T00:00:00</closed_date><agency>HPD</agency><agency_name>Department of Housing Preservation and Development</agency_name><complaint_type>GENERAL CONSTRUCTION</complaint_type><descriptor>CERAMIC-TILE</descriptor><location_type>RESIDENTIAL BUILDING</location_type><incident_zip>11378</incident_zip><incident_address>54-18 ARNOLD AVENUE</incident_address><street_name>ARNOLD AVENUE</street_name><cross_street_1>54 STREET</cross_street_1><cross_street_2>54 PLACE</cross_street_2><address_type>ADDRESS</address_type><city>MASPETH</city><facility_type>N/A</facility_type><status>Closed</status><resolution_action_updated_date year="2012" month="8" day="31">2012-08-31T00:00:00</resolution_action_updated_date><community_board>05 QUEENS</community_board><borough>QUEENS</borough><x_coordinate_state_plane_>1009110</x_coordinate_state_plane_><y_coordinate_state_plane_>199287</y_coordinate_state_plane_><park_facility_name>Unspecified</park_facility_name><park_borough>QUEENS</park_borough><school_name>Unspecified</school_name><school_number>Unspecified</school_number><school_region>Unspecified</school_region><school_code>Unspecified</school_code><school_phone_number>Unspecified</school_phone_number><school_address>Unspecified</school_address><school_city>Unspecified</school_city><school_state>Unspecified</school_state><school_zip>Unspecified</school_zip><latitude>40.71363859638896</latitude><longitude>-73.9103252420413</longitude><location latitude="40.71363859638896" longitude="-73.9103252420413"/></row>