<?xml version="1.0" encoding="UTF-8"?>
<row _id="3947817" _uuid="019E2E71-FEBF-421E-AC34-3992188936C0" _address="http://data.cityofnewyork.us/resource/erm2-nwe9/3947817"><unique_key>23156326</unique_key><created_date year="2012" month="5" day="2">2012-05-02T00:00:00</created_date><closed_date year="2012" month="5" day="5">2012-05-05T00:00:00</closed_date><agency>HPD</agency><agency_name>Department of Housing Preservation and Development</agency_name><complaint_type>PAINT - PLASTER</complaint_type><descriptor>CEILING</descriptor><location_type>RESIDENTIAL BUILDING</location_type><incident_zip>11229</incident_zip><incident_address>1909 QUENTIN ROAD</incident_address><street_name>QUENTIN ROAD</street_name><cross_street_1>EAST 19 STREET</cross_street_1><cross_street_2>OCEAN AVENUE</cross_street_2><address_type>ADDRESS</address_type><city>BROOKLYN</city><facility_type>N/A</facility_type><status>Closed</status><resolution_action_updated_date year="2012" month="5" day="5">2012-05-05T00:00:00</resolution_action_updated_date><community_board>15 BROOKLYN</community_board><borough>BROOKLYN</borough><x_coordinate_state_plane_>996982</x_coordinate_state_plane_><y_coordinate_state_plane_>161049</y_coordinate_state_plane_><park_facility_name>Unspecified</park_facility_name><park_borough>BROOKLYN</park_borough><school_name>Unspecified</school_name><school_number>Unspecified</school_number><school_region>Unspecified</school_region><school_code>Unspecified</school_code><school_phone_number>Unspecified</school_phone_number><school_address>Unspecified</school_address><school_city>Unspecified</school_city><school_state>Unspecified</school_state><school_zip>Unspecified</school_zip><latitude>40.60870951740096</latitude><longitude>-73.95414544083374</longitude><location latitude="40.60870951740096" longitude="-73.95414544083374"/></row>