<?xml version="1.0" encoding="UTF-8"?>
<row _id="3951606" _uuid="01A09F5E-E578-4C21-AFA5-065CCDF1C111" _address="http://data.cityofnewyork.us/resource/erm2-nwe9/3951606"><unique_key>23159176</unique_key><created_date year="2012" month="5" day="2">2012-05-02T00:00:00</created_date><closed_date year="2012" month="5" day="2">2012-05-02T00:00:00</closed_date><agency>NYPD</agency><agency_name>New York City Police Department</agency_name><complaint_type>Blocked Driveway</complaint_type><descriptor>No Access</descriptor><location_type>Street/Sidewalk</location_type><incident_zip>11101</incident_zip><incident_address>43-46 10 STREET</incident_address><street_name>10 STREET</street_name><cross_street_1>43 ROAD</cross_street_1><cross_street_2>44 AVENUE</cross_street_2><address_type>ADDRESS</address_type><city>LONG ISLAND CITY</city><facility_type>Precinct</facility_type><status>Closed</status><due_date>2012-05-02T00:00:00</due_date><resolution_action_updated_date year="2012" month="5" day="2">2012-05-02T00:00:00</resolution_action_updated_date><community_board>02 QUEENS</community_board><borough>QUEENS</borough><x_coordinate_state_plane_>998172</x_coordinate_state_plane_><y_coordinate_state_plane_>212942</y_coordinate_state_plane_><park_facility_name>Unspecified</park_facility_name><park_borough>QUEENS</park_borough><school_name>Unspecified</school_name><school_number>Unspecified</school_number><school_region>Unspecified</school_region><school_code>Unspecified</school_code><school_phone_number>Unspecified</school_phone_number><school_address>Unspecified</school_address><school_city>Unspecified</school_city><school_state>Unspecified</school_state><school_zip>Unspecified</school_zip><school_not_found>N</school_not_found><latitude>40.751142184945735</latitude><longitude>-73.9497524262592</longitude><location latitude="40.751142184945735" longitude="-73.9497524262592"/></row>