<?xml version="1.0" encoding="UTF-8"?>
<row _id="3422733" _uuid="01A137D8-3DF3-4908-B484-04B41FD042CB" _address="http://data.cityofnewyork.us/resource/erm2-nwe9/3422733"><unique_key>22515142</unique_key><created_date year="2012" month="1" day="13">2012-01-13T00:00:00</created_date><closed_date year="2012" month="1" day="18">2012-01-18T00:00:00</closed_date><agency>HPD</agency><agency_name>Department of Housing Preservation and Development</agency_name><complaint_type>HEATING</complaint_type><descriptor>HEAT</descriptor><location_type>RESIDENTIAL BUILDING</location_type><incident_zip>10461</incident_zip><incident_address>1610 MAHAN AVENUE</incident_address><street_name>MAHAN AVENUE</street_name><cross_street_1>WATERSTONE DRIVE</cross_street_1><cross_street_2>ROBERTS AVENUE</cross_street_2><address_type>ADDRESS</address_type><city>BRONX</city><facility_type>N/A</facility_type><status>Closed</status><resolution_action_updated_date year="2012" month="1" day="18">2012-01-18T00:00:00</resolution_action_updated_date><community_board>10 BRONX</community_board><borough>BRONX</borough><x_coordinate_state_plane_>1031898</x_coordinate_state_plane_><y_coordinate_state_plane_>247208</y_coordinate_state_plane_><park_facility_name>Unspecified</park_facility_name><park_borough>BRONX</park_borough><school_name>Unspecified</school_name><school_number>Unspecified</school_number><school_region>Unspecified</school_region><school_code>Unspecified</school_code><school_phone_number>Unspecified</school_phone_number><school_address>Unspecified</school_address><school_city>Unspecified</school_city><school_state>Unspecified</school_state><school_zip>Unspecified</school_zip><latitude>40.84507541899949</latitude><longitude>-73.8277849032283</longitude><location latitude="40.84507541899949" longitude="-73.8277849032283"/></row>