<?xml version="1.0" encoding="UTF-8"?>
<row _id="258891" _uuid="01A4355D-8903-4DA1-BFA6-83788400ED8D" _address="http://data.cityofnewyork.us/resource/erm2-nwe9/258891"><unique_key>16117752</unique_key><created_date year="2010" month="3" day="2">2010-03-02T00:00:00</created_date><closed_date year="2010" month="3" day="10">2010-03-10T00:00:00</closed_date><agency>DOT</agency><agency_name>Department of Transportation</agency_name><complaint_type>Street Condition</complaint_type><descriptor>Failed Street Repair</descriptor><location_type>Street</location_type><incident_zip>11231</incident_zip><incident_address>407 SMITH STREET</incident_address><street_name>SMITH STREET</street_name><cross_street_1>4 STREET</cross_street_1><cross_street_2>4 PLACE</cross_street_2><address_type>ADDRESS</address_type><city>BROOKLYN</city><facility_type>N/A</facility_type><status>Closed</status><due_date>2010-03-12T00:00:00</due_date><resolution_action_updated_date year="2010" month="3" day="10">2010-03-10T00:00:00</resolution_action_updated_date><community_board>06 BROOKLYN</community_board><borough>BROOKLYN</borough><x_coordinate_state_plane_>985305</x_coordinate_state_plane_><y_coordinate_state_plane_>186288</y_coordinate_state_plane_><park_facility_name>Unspecified</park_facility_name><park_borough>BROOKLYN</park_borough><school_name>Unspecified</school_name><school_number>Unspecified</school_number><school_region>Unspecified</school_region><school_code>Unspecified</school_code><school_phone_number>Unspecified</school_phone_number><school_address>Unspecified</school_address><school_city>Unspecified</school_city><school_state>Unspecified</school_state><school_zip>Unspecified</school_zip><school_not_found>N</school_not_found><latitude>40.677994224159946</latitude><longitude>-73.99619644860668</longitude><location latitude="40.677994224159946" longitude="-73.99619644860668"/></row>