<?xml version="1.0" encoding="UTF-8"?>
<row _id="4997388" _uuid="01A71A5A-ACFA-4037-B4FA-7B0FC9994FEC" _address="http://data.cityofnewyork.us/resource/erm2-nwe9/4997388"><unique_key>24707330</unique_key><created_date year="2013" month="1" day="2">2013-01-02T00:00:00</created_date><agency>HPD</agency><agency_name>Department of Housing Preservation and Development</agency_name><complaint_type>PAINT - PLASTER</complaint_type><descriptor>WALLS</descriptor><location_type>RESIDENTIAL BUILDING</location_type><incident_zip>10023</incident_zip><incident_address>42 WEST 69 STREET</incident_address><street_name>WEST 69 STREET</street_name><cross_street_1>CENTRAL PARK WEST</cross_street_1><cross_street_2>COLUMBUS AVENUE</cross_street_2><address_type>ADDRESS</address_type><city>NEW YORK</city><facility_type>N/A</facility_type><status>Open</status><resolution_action_updated_date year="2013" month="1" day="2">2013-01-02T00:00:00</resolution_action_updated_date><community_board>07 MANHATTAN</community_board><borough>MANHATTAN</borough><x_coordinate_state_plane_>990170</x_coordinate_state_plane_><y_coordinate_state_plane_>221559</y_coordinate_state_plane_><park_facility_name>Unspecified</park_facility_name><park_borough>MANHATTAN</park_borough><school_name>Unspecified</school_name><school_number>Unspecified</school_number><school_region>Unspecified</school_region><school_code>Unspecified</school_code><school_phone_number>Unspecified</school_phone_number><school_address>Unspecified</school_address><school_city>Unspecified</school_city><school_state>Unspecified</school_state><school_zip>Unspecified</school_zip><latitude>40.77480260818503</latitude><longitude>-73.97862582147242</longitude><location latitude="40.77480260818503" longitude="-73.97862582147242"/></row>