<?xml version="1.0" encoding="UTF-8"?>
<row _id="2325961" _uuid="01A816B1-06BB-41D9-BA57-1A87E8588E0F" _address="http://data.cityofnewyork.us/resource/erm2-nwe9/2325961"><unique_key>20343961</unique_key><created_date year="2011" month="5" day="2">2011-05-02T00:00:00</created_date><closed_date year="2011" month="5" day="3">2011-05-03T00:00:00</closed_date><agency>DOT</agency><agency_name>Department of Transportation</agency_name><complaint_type>Street Condition</complaint_type><descriptor>Unsafe Worksite</descriptor><location_type>Street</location_type><incident_zip>10312</incident_zip><incident_address> ANNADALE ROAD</incident_address><street_name>ANNADALE ROAD</street_name><cross_street_1>GENESEE AVENUE</cross_street_1><cross_street_2>NOTUS AVENUE</cross_street_2><address_type>BLOCKFACE</address_type><city>STATEN ISLAND</city><facility_type>N/A</facility_type><status>Closed</status><due_date>2011-05-05T00:00:00</due_date><resolution_action_updated_date year="2011" month="5" day="3">2011-05-03T00:00:00</resolution_action_updated_date><community_board>03 STATEN ISLAND</community_board><borough>STATEN ISLAND</borough><x_coordinate_state_plane_>935546</x_coordinate_state_plane_><y_coordinate_state_plane_>140173</y_coordinate_state_plane_><park_facility_name>Unspecified</park_facility_name><park_borough>STATEN ISLAND</park_borough><school_name>Unspecified</school_name><school_number>Unspecified</school_number><school_region>Unspecified</school_region><school_code>Unspecified</school_code><school_phone_number>Unspecified</school_phone_number><school_address>Unspecified</school_address><school_city>Unspecified</school_city><school_state>Unspecified</school_state><school_zip>Unspecified</school_zip><school_not_found>N</school_not_found><latitude>40.55128443655157</latitude><longitude>-74.17525781194647</longitude><location latitude="40.55128443655157" longitude="-74.17525781194647"/></row>