<?xml version="1.0" encoding="UTF-8"?>
<row _id="3209322" _uuid="01ABD8E5-5EB9-4FAD-8FB1-0BAC04FDA329" _address="http://data.cityofnewyork.us/resource/erm2-nwe9/3209322"><unique_key>22243993</unique_key><created_date year="2011" month="12" day="2">2011-12-02T00:00:00</created_date><closed_date year="2011" month="12" day="5">2011-12-05T00:00:00</closed_date><agency>DEP</agency><agency_name>Department of Environmental Protection</agency_name><complaint_type>Water Conservation</complaint_type><descriptor>Water Meter Broken/Leaking - Other (CMO)</descriptor><incident_zip>11220</incident_zip><incident_address>569 54 STREET</incident_address><street_name>54 STREET</street_name><cross_street_1>5 AVENUE</cross_street_1><cross_street_2>6 AVENUE</cross_street_2><address_type>ADDRESS</address_type><city>BROOKLYN</city><facility_type>N/A</facility_type><status>Closed</status><resolution_action_updated_date year="2011" month="12" day="5">2011-12-05T00:00:00</resolution_action_updated_date><community_board>07 BROOKLYN</community_board><borough>BROOKLYN</borough><x_coordinate_state_plane_>981130</x_coordinate_state_plane_><y_coordinate_state_plane_>173184</y_coordinate_state_plane_><park_facility_name>Unspecified</park_facility_name><park_borough>BROOKLYN</park_borough><school_name>Unspecified</school_name><school_number>Unspecified</school_number><school_region>Unspecified</school_region><school_code>Unspecified</school_code><school_phone_number>Unspecified</school_phone_number><school_address>Unspecified</school_address><school_city>Unspecified</school_city><school_state>Unspecified</school_state><school_zip>Unspecified</school_zip><latitude>40.64202614431413</latitude><longitude>-74.01124235405639</longitude><location latitude="40.64202614431413" longitude="-74.01124235405639"/></row>