<?xml version="1.0" encoding="UTF-8"?>
<row _id="1857561" _uuid="01AC7342-4E0D-4EA0-9A53-F43A95DA79F3" _address="http://data.cityofnewyork.us/resource/erm2-nwe9/1857561"><unique_key>20041484</unique_key><created_date year="2011" month="3" day="16">2011-03-16T00:00:00</created_date><closed_date year="2011" month="3" day="16">2011-03-16T00:00:00</closed_date><agency>DOT</agency><agency_name>Department of Transportation</agency_name><complaint_type>Traffic Signal Condition</complaint_type><descriptor>Controller</descriptor><incident_zip>11214</incident_zip><intersection_street_1>18 AVENUE</intersection_street_1><intersection_street_2>81 STREET</intersection_street_2><address_type>INTERSECTION</address_type><city>BROOKLYN</city><facility_type>N/A</facility_type><status>Closed</status><resolution_action_updated_date year="2011" month="3" day="16">2011-03-16T00:00:00</resolution_action_updated_date><community_board>11 BROOKLYN</community_board><borough>BROOKLYN</borough><x_coordinate_state_plane_>984401</x_coordinate_state_plane_><y_coordinate_state_plane_>161498</y_coordinate_state_plane_><park_facility_name>Unspecified</park_facility_name><park_borough>BROOKLYN</park_borough><school_name>Unspecified</school_name><school_number>Unspecified</school_number><school_region>Unspecified</school_region><school_code>Unspecified</school_code><school_phone_number>Unspecified</school_phone_number><school_address>Unspecified</school_address><school_city>Unspecified</school_city><school_state>Unspecified</school_state><school_zip>Unspecified</school_zip><latitude>40.60995107578305</latitude><longitude>-73.99945616031343</longitude><location latitude="40.60995107578305" longitude="-73.99945616031343"/></row>