<?xml version="1.0" encoding="UTF-8"?>
<row _id="2269125" _uuid="01AFF2C7-E09A-4F4E-A98A-A7B7868A6780" _address="http://data.cityofnewyork.us/resource/erm2-nwe9/2269125"><unique_key>20417043</unique_key><created_date year="2011" month="5" day="12">2011-05-12T00:00:00</created_date><closed_date year="2011" month="6" day="28">2011-06-28T00:00:00</closed_date><agency>DSNY</agency><agency_name>Department of Sanitation</agency_name><complaint_type>Graffiti</complaint_type><descriptor>Graffiti</descriptor><location_type>Residential</location_type><incident_zip>11373</incident_zip><incident_address>87-22 CORONA AVENUE</incident_address><street_name>CORONA AVENUE</street_name><cross_street_1>87 STREET</cross_street_1><cross_street_2>88 STREET</cross_street_2><address_type>ADDRESS</address_type><city>ELMHURST</city><facility_type>N/A</facility_type><status>Closed</status><resolution_action_updated_date year="2011" month="7" day="14">2011-07-14T00:00:00</resolution_action_updated_date><community_board>04 QUEENS</community_board><borough>QUEENS</borough><x_coordinate_state_plane_>1018372</x_coordinate_state_plane_><y_coordinate_state_plane_>208955</y_coordinate_state_plane_><park_facility_name>Unspecified</park_facility_name><park_borough>QUEENS</park_borough><school_name>Unspecified</school_name><school_number>Unspecified</school_number><school_region>Unspecified</school_region><school_code>Unspecified</school_code><school_phone_number>Unspecified</school_phone_number><school_address>Unspecified</school_address><school_city>Unspecified</school_city><school_state>Unspecified</school_state><school_zip>Unspecified</school_zip><latitude>40.740144003503175</latitude><longitude>-73.8768664588126</longitude><location latitude="40.740144003503175" longitude="-73.8768664588126"/></row>