<?xml version="1.0" encoding="UTF-8"?>
<row _id="4575332" _uuid="01C4863A-FDAC-452F-BBD9-9F4AB72D474F" _address="http://data.cityofnewyork.us/resource/erm2-nwe9/4575332"><unique_key>24125384</unique_key><created_date year="2012" month="10" day="2">2012-10-02T00:00:00</created_date><closed_date year="2012" month="10" day="11">2012-10-11T00:00:00</closed_date><agency>DOB</agency><agency_name>Department of Buildings</agency_name><complaint_type>Special Enforcement</complaint_type><descriptor>SEP - Professional Certification Compliance Audit</descriptor><incident_zip>10001</incident_zip><incident_address>100 WEST 33 STREET</incident_address><street_name>WEST 33 STREET</street_name><cross_street_1>AVENUE OF THE AMERICAS</cross_street_1><cross_street_2>7 AVENUE</cross_street_2><address_type>ADDRESS</address_type><city>NEW YORK</city><facility_type>N/A</facility_type><status>Closed</status><resolution_action_updated_date year="2012" month="10" day="11">2012-10-11T00:00:00</resolution_action_updated_date><community_board>05 MANHATTAN</community_board><borough>MANHATTAN</borough><x_coordinate_state_plane_>987388</x_coordinate_state_plane_><y_coordinate_state_plane_>212267</y_coordinate_state_plane_><park_facility_name>Unspecified</park_facility_name><park_borough>MANHATTAN</park_borough><school_name>Unspecified</school_name><school_number>Unspecified</school_number><school_region>Unspecified</school_region><school_code>Unspecified</school_code><school_phone_number>Unspecified</school_phone_number><school_address>Unspecified</school_address><school_city>Unspecified</school_city><school_state>Unspecified</school_state><school_zip>Unspecified</school_zip><latitude>40.74929988323626</latitude><longitude>-73.98867457853186</longitude><location latitude="40.74929988323626" longitude="-73.98867457853186"/></row>