<?xml version="1.0" encoding="UTF-8"?>
<row _id="4575253" _uuid="01C6EB8C-3800-4FB7-97BB-46B0A7938DC4" _address="http://data.cityofnewyork.us/resource/erm2-nwe9/4575253"><unique_key>24128678</unique_key><created_date year="2012" month="10" day="2">2012-10-02T00:00:00</created_date><closed_date year="2012" month="10" day="18">2012-10-18T00:00:00</closed_date><agency>DCA</agency><agency_name>Department of Consumer Affairs</agency_name><complaint_type>Consumer Complaint</complaint_type><descriptor>Non-Delivery Goods/Services</descriptor><incident_zip>11432</incident_zip><incident_address>170-16 HILLSIDE AVENUE</incident_address><street_name>HILLSIDE AVENUE</street_name><cross_street_1>170 STREET</cross_street_1><cross_street_2>171 STREET</cross_street_2><address_type>ADDRESS</address_type><city>JAMAICA</city><facility_type>N/A</facility_type><status>Closed</status><due_date>2012-10-18T00:00:00</due_date><resolution_action_updated_date year="2012" month="10" day="18">2012-10-18T00:00:00</resolution_action_updated_date><community_board>12 QUEENS</community_board><borough>QUEENS</borough><x_coordinate_state_plane_>1041983</x_coordinate_state_plane_><y_coordinate_state_plane_>198439</y_coordinate_state_plane_><park_facility_name>Unspecified</park_facility_name><park_borough>QUEENS</park_borough><school_name>Unspecified</school_name><school_number>Unspecified</school_number><school_region>Unspecified</school_region><school_code>Unspecified</school_code><school_phone_number>Unspecified</school_phone_number><school_address>Unspecified</school_address><school_city>Unspecified</school_city><school_state>Unspecified</school_state><school_zip>Unspecified</school_zip><school_not_found>N</school_not_found><latitude>40.711157606003326</latitude><longitude>-73.79175365746585</longitude><location latitude="40.711157606003326" longitude="-73.79175365746585"/></row>