<?xml version="1.0" encoding="UTF-8"?>
<row _id="3951854" _uuid="01C81B22-96F0-48E7-881E-8FFC3893C118" _address="http://data.cityofnewyork.us/resource/erm2-nwe9/3951854"><unique_key>23159019</unique_key><created_date year="2012" month="5" day="2">2012-05-02T00:00:00</created_date><closed_date year="2012" month="5" day="4">2012-05-04T00:00:00</closed_date><agency>DEP</agency><agency_name>Department of Environmental Protection</agency_name><complaint_type>Water System</complaint_type><descriptor>Leak (Use Comments) (WA2)</descriptor><incident_zip>10028</incident_zip><intersection_street_1>1 AVENUE</intersection_street_1><intersection_street_2>EAST 81 STREET</intersection_street_2><address_type>INTERSECTION</address_type><city>NEW YORK</city><facility_type>N/A</facility_type><status>Closed</status><resolution_action_updated_date year="2012" month="5" day="4">2012-05-04T00:00:00</resolution_action_updated_date><community_board>08 MANHATTAN</community_board><borough>MANHATTAN</borough><x_coordinate_state_plane_>997621</x_coordinate_state_plane_><y_coordinate_state_plane_>221144</y_coordinate_state_plane_><park_facility_name>Unspecified</park_facility_name><park_borough>MANHATTAN</park_borough><school_name>Unspecified</school_name><school_number>Unspecified</school_number><school_region>Unspecified</school_region><school_code>Unspecified</school_code><school_phone_number>Unspecified</school_phone_number><school_address>Unspecified</school_address><school_city>Unspecified</school_city><school_state>Unspecified</school_state><school_zip>Unspecified</school_zip><latitude>40.77365541162767</latitude><longitude>-73.95172479233456</longitude><location latitude="40.77365541162767" longitude="-73.95172479233456"/></row>