<?xml version="1.0" encoding="UTF-8"?>
<row _id="540758" _uuid="01C9A42E-1CF3-4941-B312-287F696CF23C" _address="http://data.cityofnewyork.us/resource/erm2-nwe9/540758"><unique_key>16761207</unique_key><created_date year="2010" month="5" day="26">2010-05-26T00:00:00</created_date><closed_date year="2010" month="5" day="27">2010-05-27T00:00:00</closed_date><agency>DOT</agency><agency_name>Department of Transportation</agency_name><complaint_type>Street Condition</complaint_type><descriptor>Pothole</descriptor><cross_street_1>EAST   57 STREET</cross_street_1><cross_street_2>MADISON AVENUE</cross_street_2><facility_type>N/A</facility_type><status>Closed</status><resolution_action_updated_date year="2010" month="5" day="27">2010-05-27T00:00:00</resolution_action_updated_date><community_board>Unspecified MANHATTAN</community_board><borough>MANHATTAN</borough><park_facility_name>Unspecified</park_facility_name><park_borough>MANHATTAN</park_borough><school_name>Unspecified</school_name><school_number>Unspecified</school_number><school_region>Unspecified</school_region><school_code>Unspecified</school_code><school_phone_number>Unspecified</school_phone_number><school_address>Unspecified</school_address><school_city>Unspecified</school_city><school_state>Unspecified</school_state><school_zip>Unspecified</school_zip></row>