<?xml version="1.0" encoding="UTF-8"?>
<row _id="3422558" _uuid="01CD63F2-573E-4633-AE63-9E3500D8F3C0" _address="http://data.cityofnewyork.us/resource/erm2-nwe9/3422558"><unique_key>22515537</unique_key><created_date year="2012" month="1" day="13">2012-01-13T00:00:00</created_date><closed_date year="2012" month="1" day="17">2012-01-17T00:00:00</closed_date><agency>HPD</agency><agency_name>Department of Housing Preservation and Development</agency_name><complaint_type>HEATING</complaint_type><descriptor>HEAT</descriptor><location_type>RESIDENTIAL BUILDING</location_type><incident_zip>10451</incident_zip><incident_address>464 EAST 159 STREET</incident_address><street_name>EAST 159 STREET</street_name><cross_street_1>ELTON AVENUE</cross_street_1><cross_street_2>BEND</cross_street_2><address_type>ADDRESS</address_type><city>BRONX</city><facility_type>N/A</facility_type><status>Closed</status><resolution_action_updated_date year="2012" month="1" day="17">2012-01-17T00:00:00</resolution_action_updated_date><community_board>01 BRONX</community_board><borough>BRONX</borough><x_coordinate_state_plane_>1008498</x_coordinate_state_plane_><y_coordinate_state_plane_>238870</y_coordinate_state_plane_><park_facility_name>Unspecified</park_facility_name><park_borough>BRONX</park_borough><school_name>Unspecified</school_name><school_number>Unspecified</school_number><school_region>Unspecified</school_region><school_code>Unspecified</school_code><school_phone_number>Unspecified</school_phone_number><school_address>Unspecified</school_address><school_city>Unspecified</school_city><school_state>Unspecified</school_state><school_zip>Unspecified</school_zip><latitude>40.822285286428205</latitude><longitude>-73.91239003705964</longitude><location latitude="40.822285286428205" longitude="-73.91239003705964"/></row>