<?xml version="1.0" encoding="UTF-8"?>
<row _id="1927088" _uuid="01D3965B-6666-4466-B6A9-A72B4230AEDF" _address="http://data.cityofnewyork.us/resource/erm2-nwe9/1927088"><unique_key>19943666</unique_key><created_date year="2011" month="3" day="2">2011-03-02T00:00:00</created_date><closed_date year="2011" month="3" day="2">2011-03-02T00:00:00</closed_date><agency>DSNY</agency><agency_name>BCC - Brooklyn South</agency_name><complaint_type>Derelict Vehicles</complaint_type><descriptor>14 Derelict Vehicles</descriptor><location_type>Street</location_type><incident_zip>11215</incident_zip><incident_address>468 13 STREET</incident_address><street_name>13 STREET</street_name><cross_street_1>8 AVENUE</cross_street_1><cross_street_2>PROSPECT PARK WEST</cross_street_2><address_type>ADDRESS</address_type><city>BROOKLYN</city><facility_type>DSNY Garage</facility_type><status>Pending</status><resolution_action_updated_date year="2011" month="3" day="2">2011-03-02T00:00:00</resolution_action_updated_date><community_board>06 BROOKLYN</community_board><borough>BROOKLYN</borough><x_coordinate_state_plane_>989690</x_coordinate_state_plane_><y_coordinate_state_plane_>180802</y_coordinate_state_plane_><park_facility_name>Unspecified</park_facility_name><park_borough>BROOKLYN</park_borough><school_name>Unspecified</school_name><school_number>Unspecified</school_number><school_region>Unspecified</school_region><school_code>Unspecified</school_code><school_phone_number>Unspecified</school_phone_number><school_address>Unspecified</school_address><school_city>Unspecified</school_city><school_state>Unspecified</school_state><school_zip>Unspecified</school_zip><latitude>40.6629347727509</latitude><longitude>-73.98039180243121</longitude><location latitude="40.6629347727509" longitude="-73.98039180243121"/></row>