<?xml version="1.0" encoding="UTF-8"?>
<row _id="1083472" _uuid="01DC275C-202B-493F-B3D4-514A78D233E8" _address="http://data.cityofnewyork.us/resource/erm2-nwe9/1083472"><unique_key>18863763</unique_key><created_date year="2010" month="10" day="9">2010-10-09T00:00:00</created_date><closed_date year="2010" month="10" day="15">2010-10-15T00:00:00</closed_date><agency>DEP</agency><agency_name>Department of Environmental Protection</agency_name><complaint_type>Noise</complaint_type><descriptor>Noise, Barking Dog (NR5)</descriptor><incident_zip>10452</incident_zip><incident_address>1383 PLIMPTON AVE</incident_address><street_name>PLIMPTON AVE</street_name><cross_street_1>W 170 ST</cross_street_1><cross_street_2>EDWARD L GRANT HIGHWAY</cross_street_2><address_type>ADDRESS</address_type><city>BRONX</city><facility_type>N/A</facility_type><status>Closed</status><resolution_action_updated_date year="2010" month="10" day="15">2010-10-15T00:00:00</resolution_action_updated_date><community_board>Unspecified BRONX</community_board><borough>BRONX</borough><x_coordinate_state_plane_>1005479</x_coordinate_state_plane_><y_coordinate_state_plane_>246101</y_coordinate_state_plane_><park_facility_name>Unspecified</park_facility_name><park_borough>BRONX</park_borough><school_name>Unspecified</school_name><school_number>Unspecified</school_number><school_region>Unspecified</school_region><school_code>Unspecified</school_code><school_phone_number>Unspecified</school_phone_number><school_address>Unspecified</school_address><school_city>Unspecified</school_city><school_state>Unspecified</school_state><school_zip>Unspecified</school_zip><latitude>40.84214006625435</latitude><longitude>-73.9232750360101</longitude><location latitude="40.84214006625435" longitude="-73.9232750360101"/></row>