<?xml version="1.0" encoding="UTF-8"?>
<row _id="932678" _uuid="01E51671-CC76-4C92-9F8B-6FB341BA90AC" _address="http://data.cityofnewyork.us/resource/erm2-nwe9/932678"><unique_key>18398418</unique_key><created_date year="2010" month="8" day="3">2010-08-03T00:00:00</created_date><closed_date year="2010" month="8" day="10">2010-08-10T00:00:00</closed_date><agency>DOT</agency><agency_name>Department of Transportation</agency_name><complaint_type>Street Condition</complaint_type><descriptor>Failed Street Repair</descriptor><location_type>Street</location_type><incident_zip>10469</incident_zip><incident_address>3330 FISH AVENUE</incident_address><street_name>FISH AVENUE</street_name><cross_street_1>GIVAN AVENUE</cross_street_1><cross_street_2>BOSTON ROAD</cross_street_2><address_type>ADDRESS</address_type><city>BRONX</city><facility_type>N/A</facility_type><status>Closed</status><due_date>2010-08-13T00:00:00</due_date><resolution_action_updated_date year="2010" month="8" day="10">2010-08-10T00:00:00</resolution_action_updated_date><community_board>12 BRONX</community_board><borough>BRONX</borough><x_coordinate_state_plane_>1025983</x_coordinate_state_plane_><y_coordinate_state_plane_>257896</y_coordinate_state_plane_><park_facility_name>Unspecified</park_facility_name><park_borough>BRONX</park_borough><school_name>Unspecified</school_name><school_number>Unspecified</school_number><school_region>Unspecified</school_region><school_code>Unspecified</school_code><school_phone_number>Unspecified</school_phone_number><school_address>Unspecified</school_address><school_city>Unspecified</school_city><school_state>Unspecified</school_state><school_zip>Unspecified</school_zip><school_not_found>N</school_not_found><latitude>40.87444065913596</latitude><longitude>-73.84909701071325</longitude><location latitude="40.87444065913596" longitude="-73.84909701071325"/></row>