<?xml version="1.0" encoding="UTF-8"?>
<row _id="4863947" _uuid="01E70400-BC0F-4A85-B5C8-D49B2C0C5A4E" _address="http://data.cityofnewyork.us/resource/erm2-nwe9/4863947"><unique_key>24520665</unique_key><created_date year="2012" month="12" day="2">2012-12-02T00:00:00</created_date><closed_date year="2012" month="12" day="14">2012-12-14T00:00:00</closed_date><agency>HPD</agency><agency_name>Department of Housing Preservation and Development</agency_name><complaint_type>PLUMBING</complaint_type><descriptor>WATER-SUPPLY</descriptor><location_type>RESIDENTIAL BUILDING</location_type><incident_zip>10034</incident_zip><incident_address>65 PARK TERRACE WEST</incident_address><street_name>PARK TERRACE WEST</street_name><cross_street_1>WEST 215 STREET</cross_street_1><cross_street_2>WEST 217 STREET</cross_street_2><address_type>ADDRESS</address_type><city>NEW YORK</city><facility_type>N/A</facility_type><status>Closed</status><resolution_action_updated_date year="2012" month="12" day="14">2012-12-14T00:00:00</resolution_action_updated_date><community_board>12 MANHATTAN</community_board><borough>MANHATTAN</borough><x_coordinate_state_plane_>1007075</x_coordinate_state_plane_><y_coordinate_state_plane_>256712</y_coordinate_state_plane_><park_facility_name>Unspecified</park_facility_name><park_borough>MANHATTAN</park_borough><school_name>Unspecified</school_name><school_number>Unspecified</school_number><school_region>Unspecified</school_region><school_code>Unspecified</school_code><school_phone_number>Unspecified</school_phone_number><school_address>Unspecified</school_address><school_city>Unspecified</school_city><school_state>Unspecified</school_state><school_zip>Unspecified</school_zip><latitude>40.87126009329037</latitude><longitude>-73.91747071175804</longitude><location latitude="40.87126009329037" longitude="-73.91747071175804"/></row>