<?xml version="1.0" encoding="UTF-8"?>
<row _id="4997323" _uuid="01E81A9E-09C9-48E9-BC2B-883846A60F36" _address="http://data.cityofnewyork.us/resource/erm2-nwe9/4997323"><unique_key>24709864</unique_key><created_date year="2013" month="1" day="2">2013-01-02T00:00:00</created_date><closed_date year="2013" month="1" day="7">2013-01-07T00:00:00</closed_date><agency>HPD</agency><agency_name>Department of Housing Preservation and Development</agency_name><complaint_type>PAINT - PLASTER</complaint_type><descriptor>WALLS</descriptor><location_type>RESIDENTIAL BUILDING</location_type><incident_zip>11212</incident_zip><incident_address>986 RUTLAND ROAD</incident_address><street_name>RUTLAND ROAD</street_name><cross_street_1>EAST 92 STREET</cross_street_1><cross_street_2>EAST 93 STREET</cross_street_2><address_type>ADDRESS</address_type><city>BROOKLYN</city><facility_type>N/A</facility_type><status>Closed</status><resolution_action_updated_date year="2013" month="1" day="7">2013-01-07T00:00:00</resolution_action_updated_date><community_board>17 BROOKLYN</community_board><borough>BROOKLYN</borough><x_coordinate_state_plane_>1004516</x_coordinate_state_plane_><y_coordinate_state_plane_>180577</y_coordinate_state_plane_><park_facility_name>Unspecified</park_facility_name><park_borough>BROOKLYN</park_borough><school_name>Unspecified</school_name><school_number>Unspecified</school_number><school_region>Unspecified</school_region><school_code>Unspecified</school_code><school_phone_number>Unspecified</school_phone_number><school_address>Unspecified</school_address><school_city>Unspecified</school_city><school_state>Unspecified</school_state><school_zip>Unspecified</school_zip><latitude>40.662295675632926</latitude><longitude>-73.92695294716307</longitude><location latitude="40.662295675632926" longitude="-73.92695294716307"/></row>