<?xml version="1.0" encoding="UTF-8"?>
<row _id="4204557" _uuid="01EC7D19-1FEA-499B-B1E6-ED85167F55F0" _address="http://data.cityofnewyork.us/resource/erm2-nwe9/4204557"><unique_key>23539150</unique_key><created_date year="2012" month="7" day="2">2012-07-02T00:00:00</created_date><closed_date year="2012" month="7" day="10">2012-07-10T00:00:00</closed_date><agency>HPD</agency><agency_name>Department of Housing Preservation and Development</agency_name><complaint_type>GENERAL CONSTRUCTION</complaint_type><descriptor>MOLD</descriptor><location_type>RESIDENTIAL BUILDING</location_type><incident_zip>10034</incident_zip><incident_address>682 ACADEMY STREET</incident_address><street_name>ACADEMY STREET</street_name><cross_street_1>BROADWAY</cross_street_1><cross_street_2>COOPER STREET</cross_street_2><address_type>ADDRESS</address_type><city>NEW YORK</city><facility_type>N/A</facility_type><status>Closed</status><resolution_action_updated_date year="2012" month="7" day="10">2012-07-10T00:00:00</resolution_action_updated_date><community_board>12 MANHATTAN</community_board><borough>MANHATTAN</borough><x_coordinate_state_plane_>1004878</x_coordinate_state_plane_><y_coordinate_state_plane_>255146</y_coordinate_state_plane_><park_facility_name>Unspecified</park_facility_name><park_borough>MANHATTAN</park_borough><school_name>Unspecified</school_name><school_number>Unspecified</school_number><school_region>Unspecified</school_region><school_code>Unspecified</school_code><school_phone_number>Unspecified</school_phone_number><school_address>Unspecified</school_address><school_city>Unspecified</school_city><school_state>Unspecified</school_state><school_zip>Unspecified</school_zip><latitude>40.86696731051655</latitude><longitude>-73.92541931154855</longitude><location latitude="40.86696731051655" longitude="-73.92541931154855"/></row>