<?xml version="1.0" encoding="UTF-8"?>
<row _id="258521" _uuid="01EFAD18-1041-4999-A161-C5C8C6B0D16A" _address="http://data.cityofnewyork.us/resource/erm2-nwe9/258521"><unique_key>16116387</unique_key><created_date year="2010" month="3" day="2">2010-03-02T00:00:00</created_date><closed_date year="2010" month="3" day="8">2010-03-08T00:00:00</closed_date><agency>DOE</agency><agency_name>Central - Department of Education</agency_name><complaint_type>School Maintenance</complaint_type><descriptor>Snow/Ice</descriptor><facility_type>N/A</facility_type><status>Closed</status><due_date>2010-03-09T00:00:00</due_date><resolution_action_updated_date year="2010" month="3" day="8">2010-03-08T00:00:00</resolution_action_updated_date><community_board>0 Unspecified</community_board><borough>Unspecified</borough><park_facility_name>Unspecified</park_facility_name><park_borough>Unspecified</park_borough><school_name>Unspecified</school_name><school_number>Unspecified</school_number><school_region>Unspecified</school_region><school_code>Unspecified</school_code><school_phone_number>Unspecified</school_phone_number><school_address>Unspecified</school_address><school_city>Unspecified</school_city><school_state>Unspecified</school_state><school_zip>Unspecified</school_zip><school_not_found>Y</school_not_found></row>