<?xml version="1.0" encoding="UTF-8"?>
<row _id="4340319" _uuid="01F81BAF-5E1F-438D-8FA6-335C2D12FB40" _address="http://data.cityofnewyork.us/resource/erm2-nwe9/4340319"><unique_key>23733661</unique_key><created_date year="2012" month="8" day="2">2012-08-02T00:00:00</created_date><closed_date year="2012" month="8" day="16">2012-08-16T00:00:00</closed_date><agency>HPD</agency><agency_name>Department of Housing Preservation and Development</agency_name><complaint_type>PLUMBING</complaint_type><descriptor>WATER-SUPPLY</descriptor><location_type>RESIDENTIAL BUILDING</location_type><incident_zip>11213</incident_zip><incident_address>789 ST MARKS AVENUE</incident_address><street_name>ST MARKS AVENUE</street_name><cross_street_1>NEW YORK AVENUE</cross_street_1><cross_street_2>BROOKLYN AVENUE</cross_street_2><address_type>ADDRESS</address_type><city>BROOKLYN</city><facility_type>N/A</facility_type><status>Closed</status><resolution_action_updated_date year="2012" month="8" day="16">2012-08-16T00:00:00</resolution_action_updated_date><community_board>08 BROOKLYN</community_board><borough>BROOKLYN</borough><x_coordinate_state_plane_>999213</x_coordinate_state_plane_><y_coordinate_state_plane_>185202</y_coordinate_state_plane_><park_facility_name>Unspecified</park_facility_name><park_borough>BROOKLYN</park_borough><school_name>Unspecified</school_name><school_number>Unspecified</school_number><school_region>Unspecified</school_region><school_code>Unspecified</school_code><school_phone_number>Unspecified</school_phone_number><school_address>Unspecified</school_address><school_city>Unspecified</school_city><school_state>Unspecified</school_state><school_zip>Unspecified</school_zip><latitude>40.6750008164119</latitude><longitude>-73.94605688279943</longitude><location latitude="40.6750008164119" longitude="-73.94605688279943"/></row>