<?xml version="1.0" encoding="UTF-8"?>
<row _id="1146421" _uuid="01F925B4-C12F-41D3-B128-51FA643252C7" _address="http://data.cityofnewyork.us/resource/erm2-nwe9/1146421"><unique_key>18858866</unique_key><created_date year="2010" month="10" day="5">2010-10-05T00:00:00</created_date><closed_date year="2010" month="10" day="12">2010-10-12T00:00:00</closed_date><agency>DEP</agency><agency_name>Department of Environmental Protection</agency_name><complaint_type>Sewer</complaint_type><descriptor>Manhole Sunken/Damaged/Raised (SB1)</descriptor><incident_zip>10469</incident_zip><incident_address>1444 E GUN HILL RD</incident_address><street_name>E GUN HILL RD</street_name><cross_street_1>FENTON AVE</cross_street_1><cross_street_2>FENTON AVE</cross_street_2><address_type>ADDRESS</address_type><city>BRONX</city><facility_type>N/A</facility_type><status>Closed</status><resolution_action_updated_date year="2010" month="10" day="12">2010-10-12T00:00:00</resolution_action_updated_date><community_board>Unspecified BRONX</community_board><borough>BRONX</borough><x_coordinate_state_plane_>1027314</x_coordinate_state_plane_><y_coordinate_state_plane_>256078</y_coordinate_state_plane_><park_facility_name>Unspecified</park_facility_name><park_borough>BRONX</park_borough><school_name>Unspecified</school_name><school_number>Unspecified</school_number><school_region>Unspecified</school_region><school_code>Unspecified</school_code><school_phone_number>Unspecified</school_phone_number><school_address>Unspecified</school_address><school_city>Unspecified</school_city><school_state>Unspecified</school_state><school_zip>Unspecified</school_zip><latitude>40.86944442065959</latitude><longitude>-73.84429592235533</longitude><location latitude="40.86944442065959" longitude="-73.84429592235533"/></row>