<?xml version="1.0" encoding="UTF-8"?>
<row _id="1481629" _uuid="020BAF45-72A1-4A2D-A70F-6DBFC2C03AA8" _address="http://data.cityofnewyork.us/resource/erm2-nwe9/1481629"><unique_key>19247449</unique_key><created_date year="2010" month="12" day="2">2010-12-02T00:00:00</created_date><closed_date year="2010" month="12" day="5">2010-12-05T00:00:00</closed_date><agency>HPD</agency><agency_name>Department of Housing Preservation and Development</agency_name><complaint_type>HEATING</complaint_type><descriptor>HEAT</descriptor><location_type>RESIDENTIAL BUILDING</location_type><incident_zip>10472</incident_zip><incident_address>1765 WESTCHESTER AVENUE</incident_address><street_name>WESTCHESTER AVENUE</street_name><cross_street_1>COMMONWEALTH AVENUE</cross_street_1><cross_street_2>ST LAWRENCE AVENUE</cross_street_2><address_type>ADDRESS</address_type><city>BRONX</city><facility_type>N/A</facility_type><status>Closed</status><resolution_action_updated_date year="2010" month="12" day="5">2010-12-05T00:00:00</resolution_action_updated_date><community_board>0 Unspecified</community_board><borough>Unspecified</borough><x_coordinate_state_plane_>1020811</x_coordinate_state_plane_><y_coordinate_state_plane_>242224</y_coordinate_state_plane_><park_facility_name>Unspecified</park_facility_name><park_borough>Unspecified</park_borough><school_name>Unspecified</school_name><school_number>Unspecified</school_number><school_region>Unspecified</school_region><school_code>Unspecified</school_code><school_phone_number>Unspecified</school_phone_number><school_address>Unspecified</school_address><school_city>Unspecified</school_city><school_state>Unspecified</school_state><school_zip>Unspecified</school_zip><latitude>40.83144866742565</latitude><longitude>-73.86788396255015</longitude><location latitude="40.83144866742565" longitude="-73.86788396255015"/></row>