<?xml version="1.0" encoding="UTF-8"?>
<row _id="1090344" _uuid="020FD057-D958-43B5-932D-C5D48FBD74FF" _address="http://data.cityofnewyork.us/resource/erm2-nwe9/1090344"><unique_key>18863874</unique_key><created_date year="2010" month="10" day="9">2010-10-09T00:00:00</created_date><closed_date year="2010" month="10" day="16">2010-10-16T00:00:00</closed_date><agency>DEP</agency><agency_name>Department of Environmental Protection</agency_name><complaint_type>Noise</complaint_type><descriptor>Noise: Construction Equipment (NC1)</descriptor><incident_zip>10011</incident_zip><incident_address>451 W 24 ST</incident_address><street_name>W 24 ST</street_name><cross_street_1>9 AVE</cross_street_1><cross_street_2>10 AVE</cross_street_2><address_type>ADDRESS</address_type><city>NEW YORK</city><facility_type>N/A</facility_type><status>Closed</status><resolution_action_updated_date year="2010" month="10" day="16">2010-10-16T00:00:00</resolution_action_updated_date><community_board>Unspecified MANHATTAN</community_board><borough>MANHATTAN</borough><x_coordinate_state_plane_>983618</x_coordinate_state_plane_><y_coordinate_state_plane_>211708</y_coordinate_state_plane_><park_facility_name>Unspecified</park_facility_name><park_borough>MANHATTAN</park_borough><school_name>Unspecified</school_name><school_number>Unspecified</school_number><school_region>Unspecified</school_region><school_code>Unspecified</school_code><school_phone_number>Unspecified</school_phone_number><school_address>Unspecified</school_address><school_city>Unspecified</school_city><school_state>Unspecified</school_state><school_zip>Unspecified</school_zip><latitude>40.747766103163976</latitude><longitude>-74.002280911905</longitude><location latitude="40.747766103163976" longitude="-74.002280911905"/></row>