<?xml version="1.0" encoding="UTF-8"?>
<row _id="1085054" _uuid="02100386-DD79-4F4A-983B-5DA396B8C72C" _address="http://data.cityofnewyork.us/resource/erm2-nwe9/1085054"><unique_key>18863580</unique_key><created_date year="2010" month="10" day="9">2010-10-09T00:00:00</created_date><closed_date year="2010" month="10" day="12">2010-10-12T00:00:00</closed_date><agency>DEP</agency><agency_name>Department of Environmental Protection</agency_name><complaint_type>Noise</complaint_type><descriptor>Noise: Air Condition/Ventilation Equip, Commercial (NJ2)</descriptor><incident_zip>10023</incident_zip><incident_address>2130 BROADWAY</incident_address><street_name>BROADWAY</street_name><cross_street_1>W 74 ST</cross_street_1><cross_street_2>W 75 ST</cross_street_2><address_type>ADDRESS</address_type><city>NEW YORK</city><facility_type>N/A</facility_type><status>Closed</status><resolution_action_updated_date year="2010" month="10" day="12">2010-10-12T00:00:00</resolution_action_updated_date><community_board>Unspecified MANHATTAN</community_board><borough>MANHATTAN</borough><x_coordinate_state_plane_>989407</x_coordinate_state_plane_><y_coordinate_state_plane_>223721</y_coordinate_state_plane_><park_facility_name>Unspecified</park_facility_name><park_borough>MANHATTAN</park_borough><school_name>Unspecified</school_name><school_number>Unspecified</school_number><school_region>Unspecified</school_region><school_code>Unspecified</school_code><school_phone_number>Unspecified</school_phone_number><school_address>Unspecified</school_address><school_city>Unspecified</school_city><school_state>Unspecified</school_state><school_zip>Unspecified</school_zip><latitude>40.78073720626568</latitude><longitude>-73.98137897592659</longitude><location latitude="40.78073720626568" longitude="-73.98137897592659"/></row>