<?xml version="1.0" encoding="UTF-8"?>
<row _id="4203958" _uuid="0211BC4F-40B4-4110-AD0F-983004A8F272" _address="http://data.cityofnewyork.us/resource/erm2-nwe9/4203958"><unique_key>23539084</unique_key><created_date year="2012" month="7" day="2">2012-07-02T00:00:00</created_date><closed_date year="2012" month="7" day="25">2012-07-25T00:00:00</closed_date><agency>DPR</agency><agency_name>Department of Parks and Recreation</agency_name><complaint_type>Maintenance or Facility</complaint_type><descriptor>Structure - Outdoors</descriptor><location_type>Park</location_type><incident_zip>11385</incident_zip><intersection_street_1>ONDERDONK AVENUE</intersection_street_1><intersection_street_2>STARR STREET</intersection_street_2><address_type>INTERSECTION</address_type><city>RIDGEWOOD</city><facility_type>N/A</facility_type><status>Closed</status><due_date>2012-07-16T00:00:00</due_date><resolution_action_updated_date year="2012" month="7" day="25">2012-07-25T00:00:00</resolution_action_updated_date><community_board>05 QUEENS</community_board><borough>QUEENS</borough><x_coordinate_state_plane_>1007016</x_coordinate_state_plane_><y_coordinate_state_plane_>198065</y_coordinate_state_plane_><park_facility_name>Unspecified</park_facility_name><park_borough>QUEENS</park_borough><school_name>Unspecified</school_name><school_number>Unspecified</school_number><school_region>Unspecified</school_region><school_code>Unspecified</school_code><school_phone_number>Unspecified</school_phone_number><school_address>Unspecified</school_address><school_city>Unspecified</school_city><school_state>Unspecified</school_state><school_zip>Unspecified</school_zip><school_not_found>N</school_not_found><latitude>40.710290134672164</latitude><longitude>-73.9178828267219</longitude><location latitude="40.710290134672164" longitude="-73.9178828267219"/></row>