<?xml version="1.0" encoding="UTF-8"?>
<row _id="875" _uuid="0218D61D-E1DB-4611-B904-8338E43BEF3B" _address="http://data.cityofnewyork.us/resource/erm2-nwe9/875"><unique_key>15638043</unique_key><created_date year="2010" month="1" day="2">2010-01-02T00:00:00</created_date><closed_date year="2010" month="2" day="16">2010-02-16T00:00:00</closed_date><agency>HPD</agency><agency_name>Department of Housing Preservation and Development</agency_name><complaint_type>ELECTRIC</complaint_type><descriptor>LIGHTING</descriptor><location_type>RESIDENTIAL BUILDING</location_type><incident_zip>10075</incident_zip><incident_address>401 EAST 78 STREET</incident_address><street_name>EAST 78 STREET</street_name><cross_street_1>1 AVENUE</cross_street_1><cross_street_2>YORK AVENUE</cross_street_2><address_type>ADDRESS</address_type><city>NEW YORK</city><facility_type>N/A</facility_type><status>Closed</status><resolution_action_updated_date year="2010" month="2" day="16">2010-02-16T00:00:00</resolution_action_updated_date><community_board>0 Unspecified</community_board><borough>Unspecified</borough><x_coordinate_state_plane_>997320</x_coordinate_state_plane_><y_coordinate_state_plane_>220362</y_coordinate_state_plane_><park_facility_name>Unspecified</park_facility_name><park_borough>Unspecified</park_borough><school_name>Unspecified</school_name><school_number>Unspecified</school_number><school_region>Unspecified</school_region><school_code>Unspecified</school_code><school_phone_number>Unspecified</school_phone_number><school_address>Unspecified</school_address><school_city>Unspecified</school_city><school_state>Unspecified</school_state><school_zip>Unspecified</school_zip><latitude>40.77150947655361</latitude><longitude>-73.9528130557789</longitude><location latitude="40.77150947655361" longitude="-73.9528130557789"/></row>