<?xml version="1.0" encoding="UTF-8"?>
<row _id="2590218" _uuid="021A1755-519C-45D2-8C77-42414627E888" _address="http://data.cityofnewyork.us/resource/erm2-nwe9/2590218"><unique_key>20757745</unique_key><created_date year="2011" month="7" day="2">2011-07-02T00:00:00</created_date><agency>HPD</agency><agency_name>Department of Housing Preservation and Development</agency_name><complaint_type>NONCONST</complaint_type><descriptor>JANITOR-SUPER</descriptor><location_type>RESIDENTIAL BUILDING</location_type><incident_zip>10031</incident_zip><incident_address>501 WEST 143 STREET</incident_address><street_name>WEST 143 STREET</street_name><cross_street_1>HAMILTON PLACE</cross_street_1><cross_street_2>BROADWAY</cross_street_2><address_type>ADDRESS</address_type><city>NEW YORK</city><facility_type>N/A</facility_type><status>Open</status><resolution_action_updated_date year="2011" month="7" day="23">2011-07-23T00:00:00</resolution_action_updated_date><community_board>09 MANHATTAN</community_board><borough>MANHATTAN</borough><x_coordinate_state_plane_>998298</x_coordinate_state_plane_><y_coordinate_state_plane_>239573</y_coordinate_state_plane_><park_facility_name>Unspecified</park_facility_name><park_borough>MANHATTAN</park_borough><school_name>Unspecified</school_name><school_number>Unspecified</school_number><school_region>Unspecified</school_region><school_code>Unspecified</school_code><school_phone_number>Unspecified</school_phone_number><school_address>Unspecified</school_address><school_city>Unspecified</school_city><school_state>Unspecified</school_state><school_zip>Unspecified</school_zip><latitude>40.82423693286169</latitude><longitude>-73.94924196964274</longitude><location latitude="40.82423693286169" longitude="-73.94924196964274"/></row>