<?xml version="1.0" encoding="UTF-8"?>
<row _id="3010244" _uuid="021B6712-9420-4D87-BF83-D5AA6940763F" _address="http://data.cityofnewyork.us/resource/erm2-nwe9/3010244"><unique_key>21569154</unique_key><created_date year="2011" month="10" day="3">2011-10-03T00:00:00</created_date><agency>DPR</agency><agency_name>Department of Parks and Recreation</agency_name><complaint_type>Dead Tree</complaint_type><descriptor>Dead/Dying Tree</descriptor><location_type>Street</location_type><incident_zip>10016</incident_zip><incident_address>101 EAST 37 STREET</incident_address><street_name>EAST 37 STREET</street_name><cross_street_1>PARK AVENUE</cross_street_1><cross_street_2>LEXINGTON AVENUE</cross_street_2><address_type>ADDRESS</address_type><city>NEW YORK</city><facility_type>N/A</facility_type><status>Open</status><due_date>2011-10-08T00:00:00</due_date><resolution_action_updated_date year="2011" month="10" day="3">2011-10-03T00:00:00</resolution_action_updated_date><community_board>06 MANHATTAN</community_board><borough>MANHATTAN</borough><x_coordinate_state_plane_>989897</x_coordinate_state_plane_><y_coordinate_state_plane_>212105</y_coordinate_state_plane_><park_facility_name>Unspecified</park_facility_name><park_borough>MANHATTAN</park_borough><school_name>Unspecified</school_name><school_number>Unspecified</school_number><school_region>Unspecified</school_region><school_code>Unspecified</school_code><school_phone_number>Unspecified</school_phone_number><school_address>Unspecified</school_address><school_city>Unspecified</school_city><school_state>Unspecified</school_state><school_zip>Unspecified</school_zip><latitude>40.748853987755645</latitude><longitude>-73.97961943041324</longitude><location latitude="40.748853987755645" longitude="-73.97961943041324"/></row>