<?xml version="1.0" encoding="UTF-8"?>
<row _id="542158" _uuid="022B6827-611A-461C-B74C-92902792235A" _address="http://data.cityofnewyork.us/resource/erm2-nwe9/542158"><unique_key>16571574</unique_key><created_date year="2010" month="5" day="3">2010-05-03T00:00:00</created_date><closed_date year="2010" month="5" day="10">2010-05-10T00:00:00</closed_date><agency>HPD</agency><agency_name>Department of Housing Preservation and Development</agency_name><complaint_type>HEATING</complaint_type><descriptor>HEAT</descriptor><location_type>RESIDENTIAL BUILDING</location_type><incident_zip>10019</incident_zip><incident_address>1411 6 AVENUE</incident_address><street_name>6 AVENUE</street_name><cross_street_1>WEST 57 STREET</cross_street_1><cross_street_2>WEST 58 STREET</cross_street_2><address_type>ADDRESS</address_type><city>NEW YORK</city><facility_type>N/A</facility_type><status>Closed</status><resolution_action_updated_date year="2010" month="5" day="10">2010-05-10T00:00:00</resolution_action_updated_date><community_board>0 Unspecified</community_board><borough>Unspecified</borough><x_coordinate_state_plane_>990638</x_coordinate_state_plane_><y_coordinate_state_plane_>217874</y_coordinate_state_plane_><park_facility_name>Unspecified</park_facility_name><park_borough>Unspecified</park_borough><school_name>Unspecified</school_name><school_number>Unspecified</school_number><school_region>Unspecified</school_region><school_code>Unspecified</school_code><school_phone_number>Unspecified</school_phone_number><school_address>Unspecified</school_address><school_city>Unspecified</school_city><school_state>Unspecified</school_state><school_zip>Unspecified</school_zip><latitude>40.76468791677967</latitude><longitude>-73.97693960861008</longitude><location latitude="40.76468791677967" longitude="-73.97693960861008"/></row>