<?xml version="1.0" encoding="UTF-8"?>
<row _id="3010027" _uuid="0233F9DD-6F00-481F-8BAE-5F2E3A675662" _address="http://data.cityofnewyork.us/resource/erm2-nwe9/3010027"><unique_key>21567873</unique_key><created_date year="2011" month="10" day="3">2011-10-03T00:00:00</created_date><closed_date year="2011" month="10" day="5">2011-10-05T00:00:00</closed_date><agency>DEP</agency><agency_name>Department of Environmental Protection</agency_name><complaint_type>Sewer</complaint_type><descriptor>Sewer Backup (Use Comments) (SA)</descriptor><incident_zip>11694</incident_zip><incident_address>255 BEACH 122 STREET</incident_address><street_name>BEACH 122 STREET</street_name><cross_street_1>ROCKAWAY BEACH BOULEVARD</cross_street_1><cross_street_2>NEWPORT AVENUE</cross_street_2><address_type>ADDRESS</address_type><city>ROCKAWAY PARK</city><facility_type>N/A</facility_type><status>Closed</status><resolution_action_updated_date year="2011" month="10" day="5">2011-10-05T00:00:00</resolution_action_updated_date><community_board>14 QUEENS</community_board><borough>QUEENS</borough><x_coordinate_state_plane_>1027848</x_coordinate_state_plane_><y_coordinate_state_plane_>150457</y_coordinate_state_plane_><park_facility_name>Unspecified</park_facility_name><park_borough>QUEENS</park_borough><school_name>Unspecified</school_name><school_number>Unspecified</school_number><school_region>Unspecified</school_region><school_code>Unspecified</school_code><school_phone_number>Unspecified</school_phone_number><school_address>Unspecified</school_address><school_city>Unspecified</school_city><school_state>Unspecified</school_state><school_zip>Unspecified</school_zip><latitude>40.57953854795769</latitude><longitude>-73.84304941205473</longitude><location latitude="40.57953854795769" longitude="-73.84304941205473"/></row>