<?xml version="1.0" encoding="UTF-8"?>
<row _id="4575218" _uuid="0243E3EB-3C31-45CF-8B2B-05D089DA514A" _address="http://data.cityofnewyork.us/resource/erm2-nwe9/4575218"><unique_key>24130343</unique_key><created_date year="2012" month="10" day="2">2012-10-02T00:00:00</created_date><closed_date year="2012" month="10" day="3">2012-10-03T00:00:00</closed_date><agency>DCA</agency><agency_name>Department of Consumer Affairs</agency_name><complaint_type>Consumer Complaint</complaint_type><descriptor>Overcharge</descriptor><incident_zip>10461</incident_zip><incident_address>1200 MORRIS PARK AVENUE</incident_address><street_name>MORRIS PARK AVENUE</street_name><cross_street_1>TENBROECK AVENUE</cross_street_1><cross_street_2>SEMINOLE AVENUE</cross_street_2><address_type>ADDRESS</address_type><city>BRONX</city><facility_type>N/A</facility_type><status>Closed</status><due_date>2012-11-08T00:00:00</due_date><resolution_action_updated_date year="2012" month="10" day="3">2012-10-03T00:00:00</resolution_action_updated_date><community_board>11 BRONX</community_board><borough>BRONX</borough><x_coordinate_state_plane_>1026149</x_coordinate_state_plane_><y_coordinate_state_plane_>249383</y_coordinate_state_plane_><park_facility_name>Unspecified</park_facility_name><park_borough>BRONX</park_borough><school_name>Unspecified</school_name><school_number>Unspecified</school_number><school_region>Unspecified</school_region><school_code>Unspecified</school_code><school_phone_number>Unspecified</school_phone_number><school_address>Unspecified</school_address><school_city>Unspecified</school_city><school_state>Unspecified</school_state><school_zip>Unspecified</school_zip><school_not_found>N</school_not_found><latitude>40.85107429397616</latitude><longitude>-73.84854999053458</longitude><location latitude="40.85107429397616" longitude="-73.84854999053458"/></row>