<?xml version="1.0" encoding="UTF-8"?>
<row _id="1227" _uuid="0247B012-F3C4-4895-AEA1-051105E792CB" _address="http://data.cityofnewyork.us/resource/erm2-nwe9/1227"><unique_key>15633767</unique_key><created_date year="2010" month="1" day="2">2010-01-02T00:00:00</created_date><closed_date year="2010" month="1" day="2">2010-01-02T00:00:00</closed_date><agency>NYPD</agency><agency_name>New York City Police Department</agency_name><complaint_type>Blocked Driveway</complaint_type><descriptor>No Access</descriptor><location_type>Street/Sidewalk</location_type><incident_zip>11221</incident_zip><incident_address>981 HANCOCK STREET</incident_address><street_name>HANCOCK STREET</street_name><cross_street_1>BROADWAY</cross_street_1><cross_street_2>BUSHWICK AVENUE</cross_street_2><address_type>ADDRESS</address_type><city>BROOKLYN</city><facility_type>Precinct</facility_type><status>Closed</status><due_date>2010-01-02T00:00:00</due_date><resolution_action_updated_date year="2010" month="1" day="2">2010-01-02T00:00:00</resolution_action_updated_date><community_board>04 BROOKLYN</community_board><borough>BROOKLYN</borough><x_coordinate_state_plane_>1007432</x_coordinate_state_plane_><y_coordinate_state_plane_>189546</y_coordinate_state_plane_><park_facility_name>Unspecified</park_facility_name><park_borough>BROOKLYN</park_borough><school_name>Unspecified</school_name><school_number>Unspecified</school_number><school_region>Unspecified</school_region><school_code>Unspecified</school_code><school_phone_number>Unspecified</school_phone_number><school_address>Unspecified</school_address><school_city>Unspecified</school_city><school_state>Unspecified</school_state><school_zip>Unspecified</school_zip><latitude>40.68690639676277</latitude><longitude>-73.91641163360359</longitude><location latitude="40.68690639676277" longitude="-73.91641163360359"/></row>