<?xml version="1.0" encoding="UTF-8"?>
<row _id="2723569" _uuid="02483B25-2F1E-4261-9ACE-9B73E94CEC31" _address="http://data.cityofnewyork.us/resource/erm2-nwe9/2723569"><unique_key>20959775</unique_key><created_date year="2011" month="8" day="2">2011-08-02T00:00:00</created_date><closed_date year="2011" month="8" day="8">2011-08-08T00:00:00</closed_date><agency>DOT</agency><agency_name>Department of Transportation</agency_name><complaint_type>Street Light Condition</complaint_type><descriptor>Street Light Out</descriptor><incident_zip>10469</incident_zip><intersection_street_1>FENTON AVENUE</intersection_street_1><intersection_street_2>BURKE AVENUE</intersection_street_2><address_type>INTERSECTION</address_type><city>BRONX</city><facility_type>N/A</facility_type><status>Closed</status><resolution_action_updated_date year="2011" month="8" day="8">2011-08-08T00:00:00</resolution_action_updated_date><community_board>12 BRONX</community_board><borough>BRONX</borough><x_coordinate_state_plane_>1026835</x_coordinate_state_plane_><y_coordinate_state_plane_>257187</y_coordinate_state_plane_><park_facility_name>Unspecified</park_facility_name><park_borough>BRONX</park_borough><school_name>Unspecified</school_name><school_number>Unspecified</school_number><school_region>Unspecified</school_region><school_code>Unspecified</school_code><school_phone_number>Unspecified</school_phone_number><school_address>Unspecified</school_address><school_city>Unspecified</school_city><school_state>Unspecified</school_state><school_zip>Unspecified</school_zip><latitude>40.872490605426016</latitude><longitude>-73.84602076370372</longitude><location latitude="40.872490605426016" longitude="-73.84602076370372"/></row>