<?xml version="1.0" encoding="UTF-8"?>
<row _id="3701798" _uuid="024AC5EF-C96C-469C-92BC-5BA9EF64CE12" _address="http://data.cityofnewyork.us/resource/erm2-nwe9/3701798"><unique_key>22824777</unique_key><created_date year="2012" month="3" day="5">2012-03-05T00:00:00</created_date><closed_date year="2012" month="3" day="9">2012-03-09T00:00:00</closed_date><agency>DOHMH</agency><agency_name>Department of Health and Mental Hygiene</agency_name><complaint_type>Indoor Air Quality</complaint_type><descriptor>Chemical Vapors/Gases/Odors</descriptor><location_type>1-2 Family Mixed Use Building</location_type><incident_zip>11201</incident_zip><incident_address>70 WILLOUGHBY STREET</incident_address><street_name>WILLOUGHBY STREET</street_name><cross_street_1>LAWRENCE STREET</cross_street_1><cross_street_2>BRIDGE STREET</cross_street_2><address_type>ADDRESS</address_type><city>BROOKLYN</city><facility_type>N/A</facility_type><status>Closed</status><due_date>2012-04-04T00:00:00</due_date><resolution_action_updated_date year="2012" month="3" day="9">2012-03-09T00:00:00</resolution_action_updated_date><community_board>02 BROOKLYN</community_board><borough>BROOKLYN</borough><x_coordinate_state_plane_>988151</x_coordinate_state_plane_><y_coordinate_state_plane_>191454</y_coordinate_state_plane_><park_facility_name>Unspecified</park_facility_name><park_borough>BROOKLYN</park_borough><school_name>Unspecified</school_name><school_number>Unspecified</school_number><school_region>Unspecified</school_region><school_code>Unspecified</school_code><school_phone_number>Unspecified</school_phone_number><school_address>Unspecified</school_address><school_city>Unspecified</school_city><school_state>Unspecified</school_state><school_zip>Unspecified</school_zip><school_not_found>N</school_not_found><latitude>40.692172916760626</latitude><longitude>-73.98593288218353</longitude><location latitude="40.692172916760626" longitude="-73.98593288218353"/></row>