<?xml version="1.0" encoding="UTF-8"?>
<row _id="2587092" _uuid="0259FF39-9088-435E-8082-847409BD4841" _address="http://data.cityofnewyork.us/resource/erm2-nwe9/2587092"><unique_key>20757708</unique_key><created_date year="2011" month="7" day="2">2011-07-02T00:00:00</created_date><agency>HPD</agency><agency_name>Department of Housing Preservation and Development</agency_name><complaint_type>PAINT - PLASTER</complaint_type><descriptor>WALLS</descriptor><location_type>RESIDENTIAL BUILDING</location_type><incident_zip>10458</incident_zip><incident_address>269 EAST 194 STREET</incident_address><street_name>EAST 194 STREET</street_name><cross_street_1>BRIGGS AVENUE</cross_street_1><cross_street_2>BAINBRIDGE AVENUE</cross_street_2><address_type>ADDRESS</address_type><city>BRONX</city><facility_type>N/A</facility_type><status>Open</status><resolution_action_updated_date year="2011" month="7" day="14">2011-07-14T00:00:00</resolution_action_updated_date><community_board>07 BRONX</community_board><borough>BRONX</borough><x_coordinate_state_plane_>1013989</x_coordinate_state_plane_><y_coordinate_state_plane_>254388</y_coordinate_state_plane_><park_facility_name>Unspecified</park_facility_name><park_borough>BRONX</park_borough><school_name>Unspecified</school_name><school_number>Unspecified</school_number><school_region>Unspecified</school_region><school_code>Unspecified</school_code><school_phone_number>Unspecified</school_phone_number><school_address>Unspecified</school_address><school_city>Unspecified</school_city><school_state>Unspecified</school_state><school_zip>Unspecified</school_zip><latitude>40.86486083926658</latitude><longitude>-73.89248181464502</longitude><location latitude="40.86486083926658" longitude="-73.89248181464502"/></row>