<?xml version="1.0" encoding="UTF-8"?>
<row _id="3074694" _uuid="0259DE4B-1429-49A0-8E38-F12621B523E0" _address="http://data.cityofnewyork.us/resource/erm2-nwe9/3074694"><unique_key>22443835</unique_key><created_date year="2012" month="1" day="3">2012-01-03T00:00:00</created_date><closed_date year="2012" month="1" day="13">2012-01-13T00:00:00</closed_date><agency>DOE</agency><agency_name>School - JHS 67 Louis Pasteur</agency_name><complaint_type>School Maintenance</complaint_type><descriptor>Other School Condition</descriptor><location_type>School</location_type><incident_zip>11362</incident_zip><incident_address>51-60 MARATHON PARKWAY</incident_address><street_name>MARATHON PARKWAY</street_name><cross_street_1>52 AVENUE</cross_street_1><cross_street_2>51 AVENUE</cross_street_2><city>LITTLE NECK</city><facility_type>School</facility_type><status>Closed</status><due_date>2012-01-10T00:00:00</due_date><resolution_action_updated_date year="2012" month="1" day="13">2012-01-13T00:00:00</resolution_action_updated_date><community_board>11 QUEENS</community_board><borough>QUEENS</borough><x_coordinate_state_plane_>1058022</x_coordinate_state_plane_><y_coordinate_state_plane_>217264</y_coordinate_state_plane_><park_facility_name>School - JHS 67 Louis Pasteur</park_facility_name><park_borough>QUEENS</park_borough><school_name>School - JHS 67 Louis Pasteur</school_name><school_number>067</school_number><school_region>Region 3</school_region><school_code>26Q067</school_code><school_phone_number>7184238138</school_phone_number><school_address>51-60 Marathon Parkway</school_address><school_city>LITTLE NECK</school_city><school_state>NY</school_state><school_zip>11362</school_zip><school_not_found>N</school_not_found><latitude>40.76270814215484</latitude><longitude>-73.73369392188694</longitude><location latitude="40.76270814215484" longitude="-73.73369392188694"/></row>