<?xml version="1.0" encoding="UTF-8"?>
<row _id="3701958" _uuid="025D12BD-DB02-496D-8A0D-DEB177FB742E" _address="http://data.cityofnewyork.us/resource/erm2-nwe9/3701958"><unique_key>22822038</unique_key><created_date year="2012" month="3" day="5">2012-03-05T00:00:00</created_date><closed_date year="1900" month="1" day="1">1900-01-01T00:00:00</closed_date><agency>DOHMH</agency><agency_name>Department of Health and Mental Hygiene</agency_name><complaint_type>Window Guard</complaint_type><descriptor>Tenant Refusal</descriptor><incident_zip>11220</incident_zip><incident_address>821 45 STREET</incident_address><street_name>45 STREET</street_name><cross_street_1>8 AVENUE</cross_street_1><cross_street_2>9 AVENUE</cross_street_2><address_type>ADDRESS</address_type><city>BROOKLYN</city><facility_type>N/A</facility_type><status>Pending</status><due_date>2012-04-11T00:00:00</due_date><resolution_action_updated_date year="2012" month="3" day="5">2012-03-05T00:00:00</resolution_action_updated_date><community_board>12 BROOKLYN</community_board><borough>BROOKLYN</borough><x_coordinate_state_plane_>984210</x_coordinate_state_plane_><y_coordinate_state_plane_>173733</y_coordinate_state_plane_><park_facility_name>Unspecified</park_facility_name><park_borough>BROOKLYN</park_borough><school_name>Unspecified</school_name><school_number>Unspecified</school_number><school_region>Unspecified</school_region><school_code>Unspecified</school_code><school_phone_number>Unspecified</school_phone_number><school_address>Unspecified</school_address><school_city>Unspecified</school_city><school_state>Unspecified</school_state><school_zip>Unspecified</school_zip><school_not_found>N</school_not_found><latitude>40.64353358079163</latitude><longitude>-74.00014413600016</longitude><location latitude="40.64353358079163" longitude="-74.00014413600016"/></row>