<?xml version="1.0" encoding="UTF-8"?>
<row _id="1482085" _uuid="026650E3-3224-4934-8762-20BC4B27441D" _address="http://data.cityofnewyork.us/resource/erm2-nwe9/1482085"><unique_key>19251753</unique_key><created_date year="2010" month="12" day="2">2010-12-02T00:00:00</created_date><closed_date year="2010" month="12" day="6">2010-12-06T00:00:00</closed_date><agency>DEP</agency><agency_name>Department of Environmental Protection</agency_name><complaint_type>Noise</complaint_type><descriptor>Noise: Jack Hammering (NC2)</descriptor><incident_zip>10472</incident_zip><incident_address>1146 MANOR AVE</incident_address><street_name>MANOR AVE</street_name><cross_street_1>WATSON AVE</cross_street_1><cross_street_2>WESTCHESTER AVE</cross_street_2><address_type>ADDRESS</address_type><city>BRONX</city><facility_type>N/A</facility_type><status>Closed</status><resolution_action_updated_date year="2010" month="12" day="6">2010-12-06T00:00:00</resolution_action_updated_date><community_board>Unspecified BRONX</community_board><borough>BRONX</borough><x_coordinate_state_plane_>1018541</x_coordinate_state_plane_><y_coordinate_state_plane_>240853</y_coordinate_state_plane_><park_facility_name>Unspecified</park_facility_name><park_borough>BRONX</park_borough><school_name>Unspecified</school_name><school_number>Unspecified</school_number><school_region>Unspecified</school_region><school_code>Unspecified</school_code><school_phone_number>Unspecified</school_phone_number><school_address>Unspecified</school_address><school_city>Unspecified</school_city><school_state>Unspecified</school_state><school_zip>Unspecified</school_zip><latitude>40.82769477395921</latitude><longitude>-73.8760937817929</longitude><location latitude="40.82769477395921" longitude="-73.8760937817929"/></row>