<?xml version="1.0" encoding="UTF-8"?>
<row _id="1941210" _uuid="0267955C-26EC-490F-A165-57DD434F4893" _address="http://data.cityofnewyork.us/resource/erm2-nwe9/1941210"><unique_key>20463749</unique_key><created_date year="2011" month="5" day="18">2011-05-18T00:00:00</created_date><closed_date year="2011" month="5" day="23">2011-05-23T00:00:00</closed_date><agency>DOB</agency><agency_name>Department of Buildings</agency_name><complaint_type>Building/Use</complaint_type><descriptor>Illegal Conversion Of Residential Building/Space</descriptor><incident_zip>11361</incident_zip><incident_address>214-38 36 AVENUE</incident_address><street_name>36 AVENUE</street_name><cross_street_1>214 PLACE</cross_street_1><cross_street_2>215 STREET</cross_street_2><address_type>ADDRESS</address_type><city>BAYSIDE</city><facility_type>N/A</facility_type><status>Closed</status><resolution_action_updated_date year="2011" month="5" day="23">2011-05-23T00:00:00</resolution_action_updated_date><community_board>11 QUEENS</community_board><borough>QUEENS</borough><x_coordinate_state_plane_>1047821</x_coordinate_state_plane_><y_coordinate_state_plane_>219340</y_coordinate_state_plane_><park_facility_name>Unspecified</park_facility_name><park_borough>QUEENS</park_borough><school_name>Unspecified</school_name><school_number>Unspecified</school_number><school_region>Unspecified</school_region><school_code>Unspecified</school_code><school_phone_number>Unspecified</school_phone_number><school_address>Unspecified</school_address><school_city>Unspecified</school_city><school_state>Unspecified</school_state><school_zip>Unspecified</school_zip><latitude>40.76848544125559</latitude><longitude>-73.77049821655638</longitude><location latitude="40.76848544125559" longitude="-73.77049821655638"/></row>