<?xml version="1.0" encoding="UTF-8"?>
<row _id="1636636" _uuid="026DD7A3-08BE-4D1B-BCB6-35AA355E58D1" _address="http://data.cityofnewyork.us/resource/erm2-nwe9/1636636"><unique_key>19519672</unique_key><created_date year="2011" month="1" day="3">2011-01-03T00:00:00</created_date><closed_date year="2011" month="1" day="7">2011-01-07T00:00:00</closed_date><agency>HPD</agency><agency_name>Department of Housing Preservation and Development</agency_name><complaint_type>HEATING</complaint_type><descriptor>HEAT</descriptor><location_type>RESIDENTIAL BUILDING</location_type><incident_zip>10470</incident_zip><incident_address>529 EAST 235 STREET</incident_address><street_name>EAST 235 STREET</street_name><cross_street_1>VIREO AVENUE</cross_street_1><cross_street_2>WEBSTER AVENUE</cross_street_2><address_type>ADDRESS</address_type><city>BRONX</city><facility_type>N/A</facility_type><status>Closed</status><resolution_action_updated_date year="2011" month="1" day="7">2011-01-07T00:00:00</resolution_action_updated_date><community_board>0 Unspecified</community_board><borough>Unspecified</borough><x_coordinate_state_plane_>1021990</x_coordinate_state_plane_><y_coordinate_state_plane_>266472</y_coordinate_state_plane_><park_facility_name>Unspecified</park_facility_name><park_borough>Unspecified</park_borough><school_name>Unspecified</school_name><school_number>Unspecified</school_number><school_region>Unspecified</school_region><school_code>Unspecified</school_code><school_phone_number>Unspecified</school_phone_number><school_address>Unspecified</school_address><school_city>Unspecified</school_city><school_state>Unspecified</school_state><school_zip>Unspecified</school_zip><latitude>40.89799703669679</latitude><longitude>-73.86348700892229</longitude><location latitude="40.89799703669679" longitude="-73.86348700892229"/></row>