<?xml version="1.0" encoding="UTF-8"?>
<row _id="2723263" _uuid="02788D5F-CCA4-4745-B673-46F4C1C6000F" _address="http://data.cityofnewyork.us/resource/erm2-nwe9/2723263"><unique_key>20961814</unique_key><created_date year="2011" month="8" day="2">2011-08-02T00:00:00</created_date><closed_date year="2011" month="8" day="3">2011-08-03T00:00:00</closed_date><agency>DSNY</agency><agency_name>BCC - Manhattan</agency_name><complaint_type>Sanitation Condition</complaint_type><descriptor>15 Street Cond/Dump-Out/Drop-Off</descriptor><location_type>Street</location_type><incident_zip>10014</incident_zip><intersection_street_1>HUDSON STREET</intersection_street_1><intersection_street_2>HORATIO STREET</intersection_street_2><address_type>INTERSECTION</address_type><city>NEW YORK</city><facility_type>DSNY Garage</facility_type><status>Closed</status><resolution_action_updated_date year="2011" month="8" day="3">2011-08-03T00:00:00</resolution_action_updated_date><community_board>02 MANHATTAN</community_board><borough>MANHATTAN</borough><x_coordinate_state_plane_>982727</x_coordinate_state_plane_><y_coordinate_state_plane_>208425</y_coordinate_state_plane_><park_facility_name>Unspecified</park_facility_name><park_borough>MANHATTAN</park_borough><school_name>Unspecified</school_name><school_number>Unspecified</school_number><school_region>Unspecified</school_region><school_code>Unspecified</school_code><school_phone_number>Unspecified</school_phone_number><school_address>Unspecified</school_address><school_city>Unspecified</school_city><school_state>Unspecified</school_state><school_zip>Unspecified</school_zip><latitude>40.73875497933955</latitude><longitude>-74.00549582123138</longitude><location latitude="40.73875497933955" longitude="-74.00549582123138"/></row>