<?xml version="1.0" encoding="UTF-8"?>
<row _id="2587239" _uuid="02790FBD-C86A-442D-A93C-143299CB1507" _address="http://data.cityofnewyork.us/resource/erm2-nwe9/2587239"><unique_key>20758408</unique_key><created_date year="2011" month="7" day="2">2011-07-02T00:00:00</created_date><closed_date year="2012" month="10" day="23">2012-10-23T00:00:00</closed_date><agency>DEP</agency><agency_name>Department of Environmental Protection</agency_name><complaint_type>Sewer</complaint_type><descriptor>Catch Basin Sunken/Damaged/Raised (SC1)</descriptor><incident_zip>11369</incident_zip><incident_address>96-15 JACKSON MILL ROAD</incident_address><street_name>JACKSON MILL ROAD</street_name><cross_street_1>96 STREET</cross_street_1><cross_street_2>97 STREET</cross_street_2><address_type>ADDRESS</address_type><city>East Elmhurst</city><facility_type>N/A</facility_type><status>Closed</status><resolution_action_updated_date year="2012" month="10" day="23">2012-10-23T00:00:00</resolution_action_updated_date><community_board>03 QUEENS</community_board><borough>QUEENS</borough><x_coordinate_state_plane_>1019568</x_coordinate_state_plane_><y_coordinate_state_plane_>216096</y_coordinate_state_plane_><park_facility_name>Unspecified</park_facility_name><park_borough>QUEENS</park_borough><school_name>Unspecified</school_name><school_number>Unspecified</school_number><school_region>Unspecified</school_region><school_code>Unspecified</school_code><school_phone_number>Unspecified</school_phone_number><school_address>Unspecified</school_address><school_city>Unspecified</school_city><school_state>Unspecified</school_state><school_zip>Unspecified</school_zip><latitude>40.75973953068693</latitude><longitude>-73.87251304407506</longitude><location latitude="40.75973953068693" longitude="-73.87251304407506"/></row>