<?xml version="1.0" encoding="UTF-8"?>
<row _id="1633903" _uuid="027AFFFB-1C77-497D-8FEF-D65D050CF214" _address="http://data.cityofnewyork.us/resource/erm2-nwe9/1633903"><unique_key>19508588</unique_key><created_date year="2011" month="1" day="2">2011-01-02T00:00:00</created_date><closed_date year="2011" month="1" day="2">2011-01-02T00:00:00</closed_date><agency>NYPD</agency><agency_name>New York City Police Department</agency_name><complaint_type>Noise - Commercial</complaint_type><descriptor>Loud Music/Party</descriptor><location_type>Store/Commercial</location_type><incident_zip>10024</incident_zip><incident_address>441 AMSTERDAM AVENUE</incident_address><street_name>AMSTERDAM AVENUE</street_name><cross_street_1>WEST 81 STREET</cross_street_1><cross_street_2>WEST 82 STREET</cross_street_2><address_type>ADDRESS</address_type><city>NEW YORK</city><facility_type>Precinct</facility_type><status>Closed</status><due_date>2011-01-02T00:00:00</due_date><resolution_action_updated_date year="2011" month="1" day="2">2011-01-02T00:00:00</resolution_action_updated_date><community_board>07 MANHATTAN</community_board><borough>MANHATTAN</borough><x_coordinate_state_plane_>990540</x_coordinate_state_plane_><y_coordinate_state_plane_>225112</y_coordinate_state_plane_><park_facility_name>Unspecified</park_facility_name><park_borough>MANHATTAN</park_borough><school_name>Unspecified</school_name><school_number>Unspecified</school_number><school_region>Unspecified</school_region><school_code>Unspecified</school_code><school_phone_number>Unspecified</school_phone_number><school_address>Unspecified</school_address><school_city>Unspecified</school_city><school_state>Unspecified</school_state><school_zip>Unspecified</school_zip><school_not_found>N</school_not_found><latitude>40.784554397975164</latitude><longitude>-73.97728660912533</longitude><location latitude="40.784554397975164" longitude="-73.97728660912533"/></row>