<?xml version="1.0" encoding="UTF-8"?>
<row _id="541639" _uuid="027FC21F-4904-4232-B23A-D009BDCF32B7" _address="http://data.cityofnewyork.us/resource/erm2-nwe9/541639"><unique_key>16755893</unique_key><created_date year="2010" month="5" day="28">2010-05-28T00:00:00</created_date><closed_date year="2010" month="6" day="10">2010-06-10T00:00:00</closed_date><agency>DOT</agency><agency_name>Department of Transportation</agency_name><complaint_type>Street Condition</complaint_type><descriptor>Pothole</descriptor><incident_zip>11101</incident_zip><intersection_street_1>THOMSON AVENUE</intersection_street_1><intersection_street_2>VAN DAM STREET</intersection_street_2><address_type>INTERSECTION</address_type><city>LONG ISLAND CITY</city><facility_type>N/A</facility_type><status>Closed</status><resolution_action_updated_date year="2010" month="6" day="10">2010-06-10T00:00:00</resolution_action_updated_date><community_board>02 QUEENS</community_board><borough>QUEENS</borough><x_coordinate_state_plane_>1002652</x_coordinate_state_plane_><y_coordinate_state_plane_>210610</y_coordinate_state_plane_><park_facility_name>Unspecified</park_facility_name><park_borough>QUEENS</park_borough><school_name>Unspecified</school_name><school_number>Unspecified</school_number><school_region>Unspecified</school_region><school_code>Unspecified</school_code><school_phone_number>Unspecified</school_phone_number><school_address>Unspecified</school_address><school_city>Unspecified</school_city><school_state>Unspecified</school_state><school_zip>Unspecified</school_zip><latitude>40.7447332449159</latitude><longitude>-73.93358950294318</longitude><location latitude="40.7447332449159" longitude="-73.93358950294318"/></row>