<?xml version="1.0" encoding="UTF-8"?>
<row _id="3950775" _uuid="027F9504-96DA-463C-9642-E2F8452D1264" _address="http://data.cityofnewyork.us/resource/erm2-nwe9/3950775"><unique_key>23151843</unique_key><created_date year="2012" month="5" day="2">2012-05-02T00:00:00</created_date><agency>DOHMH</agency><agency_name>Department of Health and Mental Hygiene</agency_name><complaint_type>Smoking</complaint_type><descriptor>Smoking Violation</descriptor><location_type>Restaurant/Bar/Deli/Bakery</location_type><incident_zip>11106</incident_zip><incident_address>32-69 31 STREET</incident_address><street_name>31 STREET</street_name><cross_street_1>BROADWAY</cross_street_1><cross_street_2>34 AVENUE</cross_street_2><address_type>ADDRESS</address_type><city>ASTORIA</city><facility_type>N/A</facility_type><status>Pending</status><due_date>2012-06-08T00:00:00</due_date><resolution_action_updated_date year="2012" month="5" day="2">2012-05-02T00:00:00</resolution_action_updated_date><community_board>01 QUEENS</community_board><borough>QUEENS</borough><x_coordinate_state_plane_>1004824</x_coordinate_state_plane_><y_coordinate_state_plane_>216728</y_coordinate_state_plane_><park_facility_name>Unspecified</park_facility_name><park_borough>QUEENS</park_borough><school_name>Unspecified</school_name><school_number>Unspecified</school_number><school_region>Unspecified</school_region><school_code>Unspecified</school_code><school_phone_number>Unspecified</school_phone_number><school_address>Unspecified</school_address><school_city>Unspecified</school_city><school_state>Unspecified</school_state><school_zip>Unspecified</school_zip><school_not_found>N</school_not_found><latitude>40.761520811150305</latitude><longitude>-73.92573231309994</longitude><location latitude="40.761520811150305" longitude="-73.92573231309994"/></row>