<?xml version="1.0" encoding="UTF-8"?>
<row _id="3009546" _uuid="02800F0B-6EFA-4D69-BE48-2A84FF318A3A" _address="http://data.cityofnewyork.us/resource/erm2-nwe9/3009546"><unique_key>21565623</unique_key><created_date year="2011" month="10" day="2">2011-10-02T00:00:00</created_date><closed_date year="2011" month="10" day="5">2011-10-05T00:00:00</closed_date><agency>DOB</agency><agency_name>Department of Buildings</agency_name><complaint_type>Building/Use</complaint_type><descriptor>Illegal Conversion Of Residential Building/Space</descriptor><incident_zip>11417</incident_zip><incident_address>103-30 106 STREET</incident_address><street_name>106 STREET</street_name><cross_street_1>103 AVENUE</cross_street_1><cross_street_2>LIBERTY AVENUE</cross_street_2><address_type>ADDRESS</address_type><city>OZONE PARK</city><facility_type>N/A</facility_type><status>Closed</status><resolution_action_updated_date year="2011" month="10" day="5">2011-10-05T00:00:00</resolution_action_updated_date><community_board>10 QUEENS</community_board><borough>QUEENS</borough><x_coordinate_state_plane_>1029836</x_coordinate_state_plane_><y_coordinate_state_plane_>188582</y_coordinate_state_plane_><park_facility_name>Unspecified</park_facility_name><park_borough>QUEENS</park_borough><school_name>Unspecified</school_name><school_number>Unspecified</school_number><school_region>Unspecified</school_region><school_code>Unspecified</school_code><school_phone_number>Unspecified</school_phone_number><school_address>Unspecified</school_address><school_city>Unspecified</school_city><school_state>Unspecified</school_state><school_zip>Unspecified</school_zip><latitude>40.6841734071745</latitude><longitude>-73.83563520150135</longitude><location latitude="40.6841734071745" longitude="-73.83563520150135"/></row>