<?xml version="1.0" encoding="UTF-8"?>
<row _id="3074385" _uuid="0282D41B-61DB-4F72-8371-16291FF9FA1D" _address="http://data.cityofnewyork.us/resource/erm2-nwe9/3074385"><unique_key>22373751</unique_key><created_date year="2011" month="12" day="21">2011-12-21T00:00:00</created_date><closed_date year="2012" month="1" day="17">2012-01-17T00:00:00</closed_date><agency>DPR</agency><agency_name>Department of Parks and Recreation</agency_name><complaint_type>Maintenance or Facility</complaint_type><descriptor>Grass/Weeds</descriptor><location_type>Park</location_type><incident_zip>10031</incident_zip><intersection_street_1>WEST  147 STREET</intersection_street_1><intersection_street_2>BROADWAY</intersection_street_2><address_type>INTERSECTION</address_type><city>NEW YORK</city><facility_type>N/A</facility_type><status>Closed</status><due_date>2012-01-04T00:00:00</due_date><resolution_action_updated_date year="2012" month="1" day="17">2012-01-17T00:00:00</resolution_action_updated_date><community_board>09 MANHATTAN</community_board><borough>MANHATTAN</borough><x_coordinate_state_plane_>998224</x_coordinate_state_plane_><y_coordinate_state_plane_>240845</y_coordinate_state_plane_><park_facility_name>Central Park - The Mall and Rumsey Playfield</park_facility_name><park_borough>MANHATTAN</park_borough><school_name>Central Park - The Mall and Rumsey Playfield</school_name><school_number>M010</school_number><school_phone_number>2124080100</school_phone_number><school_address>Sheep Meadow, Center Drive, 72nd Street</school_address><school_city>NEW YORK</school_city><school_state>NY</school_state><school_zip>10023</school_zip><school_not_found>N</school_not_found><latitude>40.827728327584346</latitude><longitude>-73.94950669607618</longitude><location latitude="40.827728327584346" longitude="-73.94950669607618"/></row>