<?xml version="1.0" encoding="UTF-8"?>
<row _id="1873506" _uuid="02833683-A6CA-459B-BD9E-0AB5A56ACE07" _address="http://data.cityofnewyork.us/resource/erm2-nwe9/1873506"><unique_key>20043296</unique_key><created_date year="2011" month="3" day="14">2011-03-14T00:00:00</created_date><closed_date year="2011" month="3" day="15">2011-03-15T00:00:00</closed_date><agency>DOT</agency><agency_name>Department of Transportation</agency_name><complaint_type>Street Condition</complaint_type><descriptor>Pothole</descriptor><incident_zip>11215</incident_zip><incident_address> PROSPECT PARK WEST</incident_address><street_name>PROSPECT PARK WEST</street_name><cross_street_1>10 STREET</cross_street_1><cross_street_2>11 STREET</cross_street_2><address_type>BLOCKFACE</address_type><city>BROOKLYN</city><facility_type>N/A</facility_type><status>Closed</status><resolution_action_updated_date year="2011" month="3" day="15">2011-03-15T00:00:00</resolution_action_updated_date><community_board>06 BROOKLYN</community_board><borough>BROOKLYN</borough><x_coordinate_state_plane_>990466</x_coordinate_state_plane_><y_coordinate_state_plane_>181083</y_coordinate_state_plane_><park_facility_name>Unspecified</park_facility_name><park_borough>BROOKLYN</park_borough><school_name>Unspecified</school_name><school_number>Unspecified</school_number><school_region>Unspecified</school_region><school_code>Unspecified</school_code><school_phone_number>Unspecified</school_phone_number><school_address>Unspecified</school_address><school_city>Unspecified</school_city><school_state>Unspecified</school_state><school_zip>Unspecified</school_zip><latitude>40.66370554475221</latitude><longitude>-73.9775944917681</longitude><location latitude="40.66370554475221" longitude="-73.9775944917681"/></row>