<?xml version="1.0" encoding="UTF-8"?>
<row _id="1481468" _uuid="02849713-EB85-432D-9C22-E129F3962241" _address="http://data.cityofnewyork.us/resource/erm2-nwe9/1481468"><unique_key>19244680</unique_key><created_date year="2010" month="12" day="2">2010-12-02T00:00:00</created_date><closed_date year="2010" month="12" day="2">2010-12-02T00:00:00</closed_date><agency>DPR</agency><agency_name>Department of Parks and Recreation</agency_name><complaint_type>Damaged Tree</complaint_type><descriptor>Entire Tree Has Fallen Down</descriptor><location_type>Street</location_type><incident_zip>11365</incident_zip><intersection_street_1>185 STREET</intersection_street_1><intersection_street_2>50 AVENUE</intersection_street_2><address_type>INTERSECTION</address_type><city>FRESH MEADOWS</city><facility_type>N/A</facility_type><status>Closed</status><due_date>2010-12-07T00:00:00</due_date><resolution_action_updated_date year="2010" month="12" day="2">2010-12-02T00:00:00</resolution_action_updated_date><community_board>11 QUEENS</community_board><borough>QUEENS</borough><x_coordinate_state_plane_>1041976</x_coordinate_state_plane_><y_coordinate_state_plane_>210758</y_coordinate_state_plane_><park_facility_name>Unspecified</park_facility_name><park_borough>QUEENS</park_borough><school_name>Unspecified</school_name><school_number>Unspecified</school_number><school_region>Unspecified</school_region><school_code>Unspecified</school_code><school_phone_number>Unspecified</school_phone_number><school_address>Unspecified</school_address><school_city>Unspecified</school_city><school_state>Unspecified</school_state><school_zip>Unspecified</school_zip><school_not_found>N</school_not_found><latitude>40.74497020623177</latitude><longitude>-73.79167322926706</longitude><location latitude="40.74497020623177" longitude="-73.79167322926706"/></row>