<?xml version="1.0" encoding="UTF-8"?>
<row _id="4864273" _uuid="0285C125-2241-4C4D-B0A8-0EC4E2CAC34B" _address="http://data.cityofnewyork.us/resource/erm2-nwe9/4864273"><unique_key>24519613</unique_key><created_date year="2012" month="12" day="2">2012-12-02T00:00:00</created_date><closed_date year="2012" month="12" day="4">2012-12-04T00:00:00</closed_date><agency>HPD</agency><agency_name>Department of Housing Preservation and Development</agency_name><complaint_type>HEATING</complaint_type><descriptor>HEAT</descriptor><location_type>RESIDENTIAL BUILDING</location_type><incident_zip>10462</incident_zip><incident_address>2250 HAVILAND AVENUE</incident_address><street_name>HAVILAND AVENUE</street_name><cross_street_1>CROSS BRONX EXPRESSWAY</cross_street_1><cross_street_2>HAVEMEYER AVENUE</cross_street_2><address_type>ADDRESS</address_type><city>BRONX</city><facility_type>N/A</facility_type><status>Closed</status><resolution_action_updated_date year="2012" month="12" day="4">2012-12-04T00:00:00</resolution_action_updated_date><community_board>09 BRONX</community_board><borough>BRONX</borough><x_coordinate_state_plane_>1026018</x_coordinate_state_plane_><y_coordinate_state_plane_>241959</y_coordinate_state_plane_><park_facility_name>Unspecified</park_facility_name><park_borough>BRONX</park_borough><school_name>Unspecified</school_name><school_number>Unspecified</school_number><school_region>Unspecified</school_region><school_code>Unspecified</school_code><school_phone_number>Unspecified</school_phone_number><school_address>Unspecified</school_address><school_city>Unspecified</school_city><school_state>Unspecified</school_state><school_zip>Unspecified</school_zip><latitude>40.83069822955627</latitude><longitude>-73.84906974502923</longitude><location latitude="40.83069822955627" longitude="-73.84906974502923"/></row>