<?xml version="1.0" encoding="UTF-8"?>
<row _id="3209288" _uuid="0285571E-BF6E-45A8-8660-223CB56C351A" _address="http://data.cityofnewyork.us/resource/erm2-nwe9/3209288"><unique_key>22243843</unique_key><created_date year="2011" month="12" day="2">2011-12-02T00:00:00</created_date><closed_date year="2011" month="12" day="2">2011-12-02T00:00:00</closed_date><agency>DOT</agency><agency_name>Department of Transportation</agency_name><complaint_type>Street Light Condition</complaint_type><descriptor>Street Light Out</descriptor><intersection_street_1>55 ST E</intersection_street_1><intersection_street_2>2 AVE</intersection_street_2><address_type>INTERSECTION</address_type><facility_type>N/A</facility_type><status>Closed</status><resolution_action_updated_date year="2011" month="12" day="1">2011-12-01T00:00:00</resolution_action_updated_date><community_board>Unspecified MANHATTAN</community_board><borough>MANHATTAN</borough><park_facility_name>Unspecified</park_facility_name><park_borough>MANHATTAN</park_borough><school_name>Unspecified</school_name><school_number>Unspecified</school_number><school_region>Unspecified</school_region><school_code>Unspecified</school_code><school_phone_number>Unspecified</school_phone_number><school_address>Unspecified</school_address><school_city>Unspecified</school_city><school_state>Unspecified</school_state><school_zip>Unspecified</school_zip></row>