<?xml version="1.0" encoding="UTF-8"?>
<row _id="2587081" _uuid="028748A1-8C15-4DCA-8B1F-645896D8318F" _address="http://data.cityofnewyork.us/resource/erm2-nwe9/2587081"><unique_key>20757697</unique_key><created_date year="2011" month="7" day="2">2011-07-02T00:00:00</created_date><agency>HPD</agency><agency_name>Department of Housing Preservation and Development</agency_name><complaint_type>PLUMBING</complaint_type><descriptor>BASIN/SINK</descriptor><location_type>RESIDENTIAL BUILDING</location_type><incident_zip>11226</incident_zip><incident_address>199 LINDEN BOULEVARD</incident_address><street_name>LINDEN BOULEVARD</street_name><cross_street_1>ROGERS AVENUE</cross_street_1><cross_street_2>NOSTRAND AVENUE</cross_street_2><address_type>ADDRESS</address_type><city>BROOKLYN</city><facility_type>N/A</facility_type><status>Open</status><resolution_action_updated_date year="2011" month="7" day="18">2011-07-18T00:00:00</resolution_action_updated_date><community_board>17 BROOKLYN</community_board><borough>BROOKLYN</borough><x_coordinate_state_plane_>997746</x_coordinate_state_plane_><y_coordinate_state_plane_>177028</y_coordinate_state_plane_><park_facility_name>Unspecified</park_facility_name><park_borough>BROOKLYN</park_borough><school_name>Unspecified</school_name><school_number>Unspecified</school_number><school_region>Unspecified</school_region><school_code>Unspecified</school_code><school_phone_number>Unspecified</school_phone_number><school_address>Unspecified</school_address><school_city>Unspecified</school_city><school_state>Unspecified</school_state><school_zip>Unspecified</school_zip><latitude>40.6525673583272</latitude><longitude>-73.95136192599021</longitude><location latitude="40.6525673583272" longitude="-73.95136192599021"/></row>