<?xml version="1.0" encoding="UTF-8"?>
<row _id="257797" _uuid="028BB143-774B-424A-9BAC-46CD60583A0D" _address="http://data.cityofnewyork.us/resource/erm2-nwe9/257797"><unique_key>16121798</unique_key><created_date year="2010" month="3" day="2">2010-03-02T00:00:00</created_date><agency>DOB</agency><agency_name>Department of Buildings</agency_name><complaint_type>Special Projects Inspection Team (SPIT)</complaint_type><descriptor>Sign/Awning/Marquee - Illegal/No Permit</descriptor><incident_address>437 WEST 13 STREET</incident_address><street_name>WEST 13 STREET</street_name><facility_type>N/A</facility_type><status>Open</status><community_board>Unspecified MANHATTAN</community_board><borough>MANHATTAN</borough><park_facility_name>Unspecified</park_facility_name><park_borough>MANHATTAN</park_borough><school_name>Unspecified</school_name><school_number>Unspecified</school_number><school_region>Unspecified</school_region><school_code>Unspecified</school_code><school_phone_number>Unspecified</school_phone_number><school_address>Unspecified</school_address><school_city>Unspecified</school_city><school_state>Unspecified</school_state><school_zip>Unspecified</school_zip></row>