<?xml version="1.0" encoding="UTF-8"?>
<row _id="4574619" _uuid="028C9FD3-8F17-489B-B248-466AC26160BB" _address="http://data.cityofnewyork.us/resource/erm2-nwe9/4574619"><unique_key>24125787</unique_key><created_date year="2012" month="10" day="2">2012-10-02T00:00:00</created_date><closed_date year="2012" month="10" day="2">2012-10-02T00:00:00</closed_date><agency>NYPD</agency><agency_name>New York City Police Department</agency_name><complaint_type>Blocked Driveway</complaint_type><descriptor>Partial Access</descriptor><location_type>Street/Sidewalk</location_type><incident_zip>11236</incident_zip><incident_address>1108 EAST 94 STREET</incident_address><street_name>EAST 94 STREET</street_name><cross_street_1>GLENWOOD ROAD</cross_street_1><cross_street_2>CONKLIN AVENUE</cross_street_2><address_type>ADDRESS</address_type><city>BROOKLYN</city><facility_type>Precinct</facility_type><status>Closed</status><due_date>2012-10-03T00:00:00</due_date><resolution_action_updated_date year="2012" month="10" day="2">2012-10-02T00:00:00</resolution_action_updated_date><community_board>18 BROOKLYN</community_board><borough>BROOKLYN</borough><x_coordinate_state_plane_>1010815</x_coordinate_state_plane_><y_coordinate_state_plane_>173624</y_coordinate_state_plane_><park_facility_name>Unspecified</park_facility_name><park_borough>BROOKLYN</park_borough><school_name>Unspecified</school_name><school_number>Unspecified</school_number><school_region>Unspecified</school_region><school_code>Unspecified</school_code><school_phone_number>Unspecified</school_phone_number><school_address>Unspecified</school_address><school_city>Unspecified</school_city><school_state>Unspecified</school_state><school_zip>Unspecified</school_zip><school_not_found>N</school_not_found><latitude>40.643194559446925</latitude><longitude>-73.90427614621261</longitude><location latitude="40.643194559446925" longitude="-73.90427614621261"/></row>