<?xml version="1.0" encoding="UTF-8"?>
<row _id="4997373" _uuid="0290FB5E-B009-468A-9118-42BB09B4E370" _address="http://data.cityofnewyork.us/resource/erm2-nwe9/4997373"><unique_key>24709873</unique_key><created_date year="2013" month="1" day="2">2013-01-02T00:00:00</created_date><closed_date year="2013" month="1" day="5">2013-01-05T00:00:00</closed_date><agency>HPD</agency><agency_name>Department of Housing Preservation and Development</agency_name><complaint_type>PAINT - PLASTER</complaint_type><descriptor>WALLS</descriptor><location_type>RESIDENTIAL BUILDING</location_type><incident_zip>11213</incident_zip><incident_address>805 ST MARKS AVENUE</incident_address><street_name>ST MARKS AVENUE</street_name><cross_street_1>NEW YORK AVENUE</cross_street_1><cross_street_2>BROOKLYN AVENUE</cross_street_2><address_type>ADDRESS</address_type><city>BROOKLYN</city><facility_type>N/A</facility_type><status>Closed</status><resolution_action_updated_date year="2013" month="1" day="5">2013-01-05T00:00:00</resolution_action_updated_date><community_board>08 BROOKLYN</community_board><borough>BROOKLYN</borough><x_coordinate_state_plane_>999332</x_coordinate_state_plane_><y_coordinate_state_plane_>185193</y_coordinate_state_plane_><park_facility_name>Unspecified</park_facility_name><park_borough>BROOKLYN</park_borough><school_name>Unspecified</school_name><school_number>Unspecified</school_number><school_region>Unspecified</school_region><school_code>Unspecified</school_code><school_phone_number>Unspecified</school_phone_number><school_address>Unspecified</school_address><school_city>Unspecified</school_city><school_state>Unspecified</school_state><school_zip>Unspecified</school_zip><latitude>40.67497591150255</latitude><longitude>-73.94562789610163</longitude><location latitude="40.67497591150255" longitude="-73.94562789610163"/></row>