<?xml version="1.0" encoding="UTF-8"?>
<row _id="2325933" _uuid="02976E1E-3F37-47A3-8C99-027191A5566A" _address="http://data.cityofnewyork.us/resource/erm2-nwe9/2325933"><unique_key>20343257</unique_key><created_date year="2011" month="5" day="2">2011-05-02T00:00:00</created_date><closed_date year="2011" month="5" day="9">2011-05-09T00:00:00</closed_date><agency>DOT</agency><agency_name>Department of Transportation</agency_name><complaint_type>Street Condition</complaint_type><descriptor>Failed Street Repair</descriptor><location_type>Street</location_type><incident_zip>10467</incident_zip><incident_address>712 EAST GUN HILL ROAD</incident_address><street_name>EAST GUN HILL ROAD</street_name><cross_street_1>WHITE PLAINS ROAD</cross_street_1><cross_street_2>HOLLAND AVENUE</cross_street_2><address_type>ADDRESS</address_type><city>BRONX</city><facility_type>N/A</facility_type><status>Closed</status><due_date>2011-05-12T00:00:00</due_date><resolution_action_updated_date year="2011" month="5" day="9">2011-05-09T00:00:00</resolution_action_updated_date><community_board>12 BRONX</community_board><borough>BRONX</borough><x_coordinate_state_plane_>1021355</x_coordinate_state_plane_><y_coordinate_state_plane_>258886</y_coordinate_state_plane_><park_facility_name>Unspecified</park_facility_name><park_borough>BRONX</park_borough><school_name>Unspecified</school_name><school_number>Unspecified</school_number><school_region>Unspecified</school_region><school_code>Unspecified</school_code><school_phone_number>Unspecified</school_phone_number><school_address>Unspecified</school_address><school_city>Unspecified</school_city><school_state>Unspecified</school_state><school_zip>Unspecified</school_zip><school_not_found>N</school_not_found><latitude>40.87717856959681</latitude><longitude>-73.86582595531654</longitude><location latitude="40.87717856959681" longitude="-73.86582595531654"/></row>