<?xml version="1.0" encoding="UTF-8"?>
<row _id="3210560" _uuid="029C5516-138D-4A76-894A-4C0D9051C6E0" _address="http://data.cityofnewyork.us/resource/erm2-nwe9/3210560"><unique_key>22247079</unique_key><created_date year="2011" month="12" day="2">2011-12-02T00:00:00</created_date><closed_date year="2011" month="12" day="9">2011-12-09T00:00:00</closed_date><agency>DOT</agency><agency_name>Department of Transportation</agency_name><complaint_type>Street Condition</complaint_type><descriptor>Cave-in</descriptor><location_type>Street</location_type><incident_zip>11207</incident_zip><intersection_street_1>GLENMORE AVENUE</intersection_street_1><intersection_street_2>HINSDALE STREET</intersection_street_2><address_type>INTERSECTION</address_type><city>BROOKLYN</city><facility_type>N/A</facility_type><status>Closed</status><due_date>2011-12-12T00:00:00</due_date><resolution_action_updated_date year="2011" month="12" day="9">2011-12-09T00:00:00</resolution_action_updated_date><community_board>05 BROOKLYN</community_board><borough>BROOKLYN</borough><x_coordinate_state_plane_>1011759</x_coordinate_state_plane_><y_coordinate_state_plane_>184291</y_coordinate_state_plane_><park_facility_name>Unspecified</park_facility_name><park_borough>BROOKLYN</park_borough><school_name>Unspecified</school_name><school_number>Unspecified</school_number><school_region>Unspecified</school_region><school_code>Unspecified</school_code><school_phone_number>Unspecified</school_phone_number><school_address>Unspecified</school_address><school_city>Unspecified</school_city><school_state>Unspecified</school_state><school_zip>Unspecified</school_zip><school_not_found>N</school_not_found><latitude>40.67247023152613</latitude><longitude>-73.9008310411852</longitude><location latitude="40.67247023152613" longitude="-73.9008310411852"/></row>