<?xml version="1.0" encoding="UTF-8"?>
<row _id="4997426" _uuid="029DCD4F-1468-41D6-ACB7-0231FBD43710" _address="http://data.cityofnewyork.us/resource/erm2-nwe9/4997426"><unique_key>24708627</unique_key><created_date year="2013" month="1" day="2">2013-01-02T00:00:00</created_date><closed_date year="2013" month="1" day="8">2013-01-08T00:00:00</closed_date><agency>HPD</agency><agency_name>Department of Housing Preservation and Development</agency_name><complaint_type>PAINT - PLASTER</complaint_type><descriptor>WALLS</descriptor><location_type>RESIDENTIAL BUILDING</location_type><incident_zip>10457</incident_zip><incident_address>2035 BELMONT AVENUE</incident_address><street_name>BELMONT AVENUE</street_name><cross_street_1>EAST 179 STREET</cross_street_1><cross_street_2>OAKLAND PLACE</cross_street_2><address_type>ADDRESS</address_type><city>BRONX</city><facility_type>N/A</facility_type><status>Closed</status><resolution_action_updated_date year="2013" month="1" day="8">2013-01-08T00:00:00</resolution_action_updated_date><community_board>06 BRONX</community_board><borough>BRONX</borough><x_coordinate_state_plane_>1014550</x_coordinate_state_plane_><y_coordinate_state_plane_>248156</y_coordinate_state_plane_><park_facility_name>Unspecified</park_facility_name><park_borough>BRONX</park_borough><school_name>Unspecified</school_name><school_number>Unspecified</school_number><school_region>Unspecified</school_region><school_code>Unspecified</school_code><school_phone_number>Unspecified</school_phone_number><school_address>Unspecified</school_address><school_city>Unspecified</school_city><school_state>Unspecified</school_state><school_zip>Unspecified</school_zip><latitude>40.84775396768667</latitude><longitude>-73.89048175050743</longitude><location latitude="40.84775396768667" longitude="-73.89048175050743"/></row>