<?xml version="1.0" encoding="UTF-8"?>
<row _id="3701526" _uuid="02A40786-AFEC-4136-8D49-B77F7D44C36A" _address="http://data.cityofnewyork.us/resource/erm2-nwe9/3701526"><unique_key>22815660</unique_key><created_date year="2012" month="3" day="3">2012-03-03T00:00:00</created_date><closed_date year="2012" month="3" day="7">2012-03-07T00:00:00</closed_date><agency>DOHMH</agency><agency_name>Department of Health and Mental Hygiene</agency_name><complaint_type>Unsanitary Animal Pvt Property</complaint_type><descriptor>Animal Waste</descriptor><location_type>1-2 Family Dwelling</location_type><incident_zip>10307</incident_zip><incident_address>7000 AMBOY ROAD</incident_address><street_name>AMBOY ROAD</street_name><cross_street_1>PAGE AVENUE</cross_street_1><cross_street_2>BETHEL CEMETERY BOUNDARY</cross_street_2><address_type>ADDRESS</address_type><city>STATEN ISLAND</city><facility_type>N/A</facility_type><status>Closed</status><due_date>2012-04-02T00:00:00</due_date><resolution_action_updated_date year="2012" month="3" day="7">2012-03-07T00:00:00</resolution_action_updated_date><community_board>03 STATEN ISLAND</community_board><borough>STATEN ISLAND</borough><x_coordinate_state_plane_>919231</x_coordinate_state_plane_><y_coordinate_state_plane_>127202</y_coordinate_state_plane_><park_facility_name>Unspecified</park_facility_name><park_borough>STATEN ISLAND</park_borough><school_name>Unspecified</school_name><school_number>Unspecified</school_number><school_region>Unspecified</school_region><school_code>Unspecified</school_code><school_phone_number>Unspecified</school_phone_number><school_address>Unspecified</school_address><school_city>Unspecified</school_city><school_state>Unspecified</school_state><school_zip>Unspecified</school_zip><school_not_found>N</school_not_found><latitude>40.51557698707387</latitude><longitude>-74.23384131279126</longitude><location latitude="40.51557698707387" longitude="-74.23384131279126"/></row>