<?xml version="1.0" encoding="UTF-8"?>
<row _id="3422934" _uuid="02AD66F6-B2C8-41DF-B2AD-8375DAF09EFE" _address="http://data.cityofnewyork.us/resource/erm2-nwe9/3422934"><unique_key>22517439</unique_key><created_date year="2012" month="1" day="14">2012-01-14T00:00:00</created_date><closed_date year="2012" month="1" day="14">2012-01-14T00:00:00</closed_date><agency>DSNY</agency><agency_name>BCC - Queens East</agency_name><complaint_type>Sanitation Condition</complaint_type><descriptor>15 Street Cond/Dump-Out/Drop-Off</descriptor><location_type>Street</location_type><incident_zip>11411</incident_zip><incident_address>115-58 218 STREET</incident_address><street_name>218 STREET</street_name><cross_street_1>115 AVENUE</cross_street_1><cross_street_2>115 ROAD</cross_street_2><address_type>ADDRESS</address_type><city>CAMBRIA HEIGHTS</city><facility_type>DSNY Garage</facility_type><status>Closed</status><resolution_action_updated_date year="2012" month="1" day="14">2012-01-14T00:00:00</resolution_action_updated_date><community_board>13 QUEENS</community_board><borough>QUEENS</borough><x_coordinate_state_plane_>1056341</x_coordinate_state_plane_><y_coordinate_state_plane_>194144</y_coordinate_state_plane_><park_facility_name>Unspecified</park_facility_name><park_borough>QUEENS</park_borough><school_name>Unspecified</school_name><school_number>Unspecified</school_number><school_region>Unspecified</school_region><school_code>Unspecified</school_code><school_phone_number>Unspecified</school_phone_number><school_address>Unspecified</school_address><school_city>Unspecified</school_city><school_state>Unspecified</school_state><school_zip>Unspecified</school_zip><latitude>40.69926355624277</latitude><longitude>-73.74000975830123</longitude><location latitude="40.69926355624277" longitude="-73.74000975830123"/></row>