<?xml version="1.0" encoding="UTF-8"?>
<row _id="3074573" _uuid="02AF8BBA-F389-4514-9ACA-91E958E9B66E" _address="http://data.cityofnewyork.us/resource/erm2-nwe9/3074573"><unique_key>22487356</unique_key><created_date year="2012" month="1" day="9">2012-01-09T00:00:00</created_date><closed_date year="2012" month="1" day="12">2012-01-12T00:00:00</closed_date><agency>DPR</agency><agency_name>Department of Parks and Recreation</agency_name><complaint_type>Maintenance or Facility</complaint_type><descriptor>Structure - Indoors</descriptor><location_type>Park</location_type><incident_zip>11105</incident_zip><city>ASTORIA</city><facility_type>N/A</facility_type><status>Closed</status><due_date>2012-01-23T00:00:00</due_date><resolution_action_updated_date year="2012" month="1" day="12">2012-01-12T00:00:00</resolution_action_updated_date><community_board>01 QUEENS</community_board><borough>QUEENS</borough><park_facility_name>Astoria Park</park_facility_name><park_borough>QUEENS</park_borough><school_name>Astoria Park</school_name><school_number>Q004</school_number><school_phone_number>7185205900</school_phone_number><school_address>Astoria Park South, 21st Street, Hoyt Avenue, Ditmars Boulevard, East River</school_address><school_city>ASTORIA</school_city><school_state>NY</school_state><school_zip>11105</school_zip><school_not_found>N</school_not_found></row>