<?xml version="1.0" encoding="UTF-8"?>
<row _id="3209084" _uuid="02B1C1C1-30E1-4B37-B20E-45C163074D76" _address="http://data.cityofnewyork.us/resource/erm2-nwe9/3209084"><unique_key>22244600</unique_key><created_date year="2011" month="12" day="3">2011-12-03T00:00:00</created_date><closed_date year="2011" month="12" day="3">2011-12-03T00:00:00</closed_date><agency>NYPD</agency><agency_name>New York City Police Department</agency_name><complaint_type>Blocked Driveway</complaint_type><descriptor>Partial Access</descriptor><location_type>Street/Sidewalk</location_type><incident_zip>10463</incident_zip><incident_address>3902 ORLOFF AVENUE</incident_address><street_name>ORLOFF AVENUE</street_name><cross_street_1>CHARLES HALLEY PLACE</cross_street_1><cross_street_2>BEND</cross_street_2><address_type>ADDRESS</address_type><city>BRONX</city><facility_type>Precinct</facility_type><status>Closed</status><due_date>2011-12-03T00:00:00</due_date><resolution_action_updated_date year="2011" month="12" day="3">2011-12-03T00:00:00</resolution_action_updated_date><community_board>08 BRONX</community_board><borough>BRONX</borough><x_coordinate_state_plane_>1013200</x_coordinate_state_plane_><y_coordinate_state_plane_>261513</y_coordinate_state_plane_><park_facility_name>Unspecified</park_facility_name><park_borough>BRONX</park_borough><school_name>Unspecified</school_name><school_number>Unspecified</school_number><school_region>Unspecified</school_region><school_code>Unspecified</school_code><school_phone_number>Unspecified</school_phone_number><school_address>Unspecified</school_address><school_city>Unspecified</school_city><school_state>Unspecified</school_state><school_zip>Unspecified</school_zip><school_not_found>N</school_not_found><latitude>40.88441937928314</latitude><longitude>-73.89530356929441</longitude><location latitude="40.88441937928314" longitude="-73.89530356929441"/></row>