<?xml version="1.0" encoding="UTF-8"?>
<row _id="932048" _uuid="02B98EF0-07A2-436E-9FF5-C04D8D8F29AF" _address="http://data.cityofnewyork.us/resource/erm2-nwe9/932048"><unique_key>18395750</unique_key><created_date year="2010" month="8" day="2">2010-08-02T00:00:00</created_date><closed_date year="2010" month="8" day="4">2010-08-04T00:00:00</closed_date><agency>DSNY</agency><agency_name>A - Manhattan</agency_name><complaint_type>Other Enforcement</complaint_type><descriptor>E2A Storage Of Receptacles</descriptor><location_type>Sidewalk</location_type><incident_zip>10022</incident_zip><incident_address>326 EAST 58 STREET</incident_address><street_name>EAST 58 STREET</street_name><cross_street_1>QUEENSBORO BRIDGE APPROACH</cross_street_1><cross_street_2>1 AVENUE</cross_street_2><address_type>ADDRESS</address_type><city>NEW YORK</city><facility_type>N/A</facility_type><status>Closed</status><resolution_action_updated_date year="2010" month="8" day="4">2010-08-04T00:00:00</resolution_action_updated_date><community_board>06 MANHATTAN</community_board><borough>MANHATTAN</borough><x_coordinate_state_plane_>994336</x_coordinate_state_plane_><y_coordinate_state_plane_>215972</y_coordinate_state_plane_><park_facility_name>Unspecified</park_facility_name><park_borough>MANHATTAN</park_borough><school_name>Unspecified</school_name><school_number>Unspecified</school_number><school_region>Unspecified</school_region><school_code>Unspecified</school_code><school_phone_number>Unspecified</school_phone_number><school_address>Unspecified</school_address><school_city>Unspecified</school_city><school_state>Unspecified</school_state><school_zip>Unspecified</school_zip><latitude>40.759463970832314</latitude><longitude>-73.96359285064304</longitude><location latitude="40.759463970832314" longitude="-73.96359285064304"/></row>