<?xml version="1.0" encoding="UTF-8"?>
<row _id="3423027" _uuid="02BA191D-C46B-47D4-8E3E-B724B388F1D0" _address="http://data.cityofnewyork.us/resource/erm2-nwe9/3423027"><unique_key>22518208</unique_key><created_date year="2012" month="1" day="14">2012-01-14T00:00:00</created_date><closed_date year="2012" month="1" day="20">2012-01-20T00:00:00</closed_date><agency>HPD</agency><agency_name>Department of Housing Preservation and Development</agency_name><complaint_type>HEATING</complaint_type><descriptor>HEAT</descriptor><location_type>RESIDENTIAL BUILDING</location_type><incident_zip>11355</incident_zip><incident_address>42-45 KISSENA BOULEVARD</incident_address><street_name>KISSENA BOULEVARD</street_name><cross_street_1>SANFORD AVENUE</cross_street_1><cross_street_2>MAPLE AVENUE</cross_street_2><address_type>ADDRESS</address_type><city>FLUSHING</city><facility_type>N/A</facility_type><status>Closed</status><resolution_action_updated_date year="2012" month="1" day="20">2012-01-20T00:00:00</resolution_action_updated_date><community_board>07 QUEENS</community_board><borough>QUEENS</borough><x_coordinate_state_plane_>1032454</x_coordinate_state_plane_><y_coordinate_state_plane_>214940</y_coordinate_state_plane_><park_facility_name>Unspecified</park_facility_name><park_borough>QUEENS</park_borough><school_name>Unspecified</school_name><school_number>Unspecified</school_number><school_region>Unspecified</school_region><school_code>Unspecified</school_code><school_phone_number>Unspecified</school_phone_number><school_address>Unspecified</school_address><school_city>Unspecified</school_city><school_state>Unspecified</school_state><school_zip>Unspecified</school_zip><latitude>40.75650574704612</latitude><longitude>-73.82600700062987</longitude><location latitude="40.75650574704612" longitude="-73.82600700062987"/></row>