<?xml version="1.0" encoding="UTF-8"?>
<row _id="2588836" _uuid="02BB5ED7-DE26-418A-AAF1-FF2FE700DDB1" _address="http://data.cityofnewyork.us/resource/erm2-nwe9/2588836"><unique_key>20755361</unique_key><created_date year="2011" month="7" day="2">2011-07-02T00:00:00</created_date><closed_date year="2011" month="7" day="2">2011-07-02T00:00:00</closed_date><agency>NYPD</agency><agency_name>New York City Police Department</agency_name><complaint_type>Blocked Driveway</complaint_type><descriptor>No Access</descriptor><location_type>Street/Sidewalk</location_type><incident_zip>10462</incident_zip><incident_address>2246 HAVILAND AVENUE</incident_address><street_name>HAVILAND AVENUE</street_name><cross_street_1>CROSS BRONX EXPRESSWAY</cross_street_1><cross_street_2>HAVEMEYER AVENUE</cross_street_2><address_type>ADDRESS</address_type><city>BRONX</city><facility_type>Precinct</facility_type><status>Closed</status><due_date>2011-07-02T00:00:00</due_date><resolution_action_updated_date year="2011" month="7" day="2">2011-07-02T00:00:00</resolution_action_updated_date><community_board>09 BRONX</community_board><borough>BRONX</borough><x_coordinate_state_plane_>1025995</x_coordinate_state_plane_><y_coordinate_state_plane_>241954</y_coordinate_state_plane_><park_facility_name>Unspecified</park_facility_name><park_borough>BRONX</park_borough><school_name>Unspecified</school_name><school_number>Unspecified</school_number><school_region>Unspecified</school_region><school_code>Unspecified</school_code><school_phone_number>Unspecified</school_phone_number><school_address>Unspecified</school_address><school_city>Unspecified</school_city><school_state>Unspecified</school_state><school_zip>Unspecified</school_zip><school_not_found>N</school_not_found><latitude>40.830684614751085</latitude><longitude>-73.84915288735228</longitude><location latitude="40.830684614751085" longitude="-73.84915288735228"/></row>