<?xml version="1.0" encoding="UTF-8"?>
<row _id="4997443" _uuid="02BD4BD9-572E-48F8-B050-75B4145CB896" _address="http://data.cityofnewyork.us/resource/erm2-nwe9/4997443"><unique_key>24708619</unique_key><created_date year="2013" month="1" day="2">2013-01-02T00:00:00</created_date><closed_date year="2013" month="1" day="4">2013-01-04T00:00:00</closed_date><agency>HPD</agency><agency_name>Department of Housing Preservation and Development</agency_name><complaint_type>PLUMBING</complaint_type><descriptor>BASIN/SINK</descriptor><location_type>RESIDENTIAL BUILDING</location_type><incident_zip>10031</incident_zip><incident_address>450 WEST 149 STREET</incident_address><street_name>WEST 149 STREET</street_name><cross_street_1>CONVENT AVENUE</cross_street_1><cross_street_2>AMSTERDAM AVENUE</cross_street_2><address_type>ADDRESS</address_type><city>NEW YORK</city><facility_type>N/A</facility_type><status>Closed</status><resolution_action_updated_date year="2013" month="1" day="4">2013-01-04T00:00:00</resolution_action_updated_date><community_board>09 MANHATTAN</community_board><borough>MANHATTAN</borough><x_coordinate_state_plane_>999528</x_coordinate_state_plane_><y_coordinate_state_plane_>240714</y_coordinate_state_plane_><park_facility_name>Unspecified</park_facility_name><park_borough>MANHATTAN</park_borough><school_name>Unspecified</school_name><school_number>Unspecified</school_number><school_region>Unspecified</school_region><school_code>Unspecified</school_code><school_phone_number>Unspecified</school_phone_number><school_address>Unspecified</school_address><school_city>Unspecified</school_city><school_state>Unspecified</school_state><school_zip>Unspecified</school_zip><latitude>40.82736661068927</latitude><longitude>-73.94479515442661</longitude><location latitude="40.82736661068927" longitude="-73.94479515442661"/></row>