<?xml version="1.0" encoding="UTF-8"?>
<row _id="542702" _uuid="02CAC3DD-A829-4CBF-AE3E-AFC8482DAD60" _address="http://data.cityofnewyork.us/resource/erm2-nwe9/542702"><unique_key>16564281</unique_key><created_date year="2010" month="5" day="2">2010-05-02T00:00:00</created_date><closed_date year="2010" month="5" day="2">2010-05-02T00:00:00</closed_date><agency>NYPD</agency><agency_name>New York City Police Department</agency_name><complaint_type>Vending</complaint_type><descriptor>In Prohibited Area</descriptor><location_type>Store/Commercial</location_type><incident_zip>10012</incident_zip><incident_address>99 PRINCE STREET</incident_address><street_name>PRINCE STREET</street_name><cross_street_1>MERCER STREET</cross_street_1><cross_street_2>GREENE STREET</cross_street_2><address_type>ADDRESS</address_type><city>NEW YORK</city><facility_type>Precinct</facility_type><status>Closed</status><due_date>2010-05-02T00:00:00</due_date><resolution_action_updated_date year="2010" month="5" day="2">2010-05-02T00:00:00</resolution_action_updated_date><community_board>02 MANHATTAN</community_board><borough>MANHATTAN</borough><x_coordinate_state_plane_>984549</x_coordinate_state_plane_><y_coordinate_state_plane_>203344</y_coordinate_state_plane_><park_facility_name>Unspecified</park_facility_name><park_borough>MANHATTAN</park_borough><school_name>Unspecified</school_name><school_number>Unspecified</school_number><school_region>Unspecified</school_region><school_code>Unspecified</school_code><school_phone_number>Unspecified</school_phone_number><school_address>Unspecified</school_address><school_city>Unspecified</school_city><school_state>Unspecified</school_state><school_zip>Unspecified</school_zip><school_not_found>N</school_not_found><latitude>40.72480900674262</latitude><longitude>-73.99892126942073</longitude><location latitude="40.72480900674262" longitude="-73.99892126942073"/></row>