<?xml version="1.0" encoding="UTF-8"?>
<row _id="3702011" _uuid="02CCA112-FCB5-4F52-9F90-FEF0332B4B5E" _address="http://data.cityofnewyork.us/resource/erm2-nwe9/3702011"><unique_key>22819474</unique_key><created_date year="2012" month="3" day="5">2012-03-05T00:00:00</created_date><closed_date year="2012" month="3" day="5">2012-03-05T00:00:00</closed_date><agency>NYPD</agency><agency_name>New York City Police Department</agency_name><complaint_type>Blocked Driveway</complaint_type><descriptor>Partial Access</descriptor><incident_zip>11226</incident_zip><intersection_street_1>EAST   16 STREET</intersection_street_1><intersection_street_2>CHURCH AVENUE</intersection_street_2><address_type>INTERSECTION</address_type><city>BROOKLYN</city><facility_type>Precinct</facility_type><status>Closed</status><due_date>2012-03-06T00:00:00</due_date><resolution_action_updated_date year="2012" month="3" day="5">2012-03-05T00:00:00</resolution_action_updated_date><community_board>14 BROOKLYN</community_board><borough>BROOKLYN</borough><x_coordinate_state_plane_>993989</x_coordinate_state_plane_><y_coordinate_state_plane_>175625</y_coordinate_state_plane_><park_facility_name>Unspecified</park_facility_name><park_borough>BROOKLYN</park_borough><school_name>Unspecified</school_name><school_number>Unspecified</school_number><school_region>Unspecified</school_region><school_code>Unspecified</school_code><school_phone_number>Unspecified</school_phone_number><school_address>Unspecified</school_address><school_city>Unspecified</school_city><school_state>Unspecified</school_state><school_zip>Unspecified</school_zip><school_not_found>N</school_not_found><latitude>40.64872135733629</latitude><longitude>-73.96490375772466</longitude><location latitude="40.64872135733629" longitude="-73.96490375772466"/></row>