<?xml version="1.0" encoding="UTF-8"?>
<row _id="973782" _uuid="02CF6CE5-75C7-4052-BEC9-FB3FDFD72741" _address="http://data.cityofnewyork.us/resource/erm2-nwe9/973782"><unique_key>18888743</unique_key><created_date year="2010" month="10" day="13">2010-10-13T00:00:00</created_date><closed_date year="2010" month="11" day="29">2010-11-29T00:00:00</closed_date><agency>DSNY</agency><agency_name>Department of Sanitation</agency_name><complaint_type>Graffiti</complaint_type><descriptor>Graffiti</descriptor><location_type>Mixed Use</location_type><incident_zip>11218</incident_zip><incident_address>901 CHURCH AVENUE</incident_address><street_name>CHURCH AVENUE</street_name><cross_street_1>CONEY ISLAND AVENUE</cross_street_1><cross_street_2>EAST 10 STREET</cross_street_2><address_type>ADDRESS</address_type><city>BROOKLYN</city><facility_type>N/A</facility_type><status>Closed</status><resolution_action_updated_date year="2010" month="12" day="13">2010-12-13T00:00:00</resolution_action_updated_date><community_board>14 BROOKLYN</community_board><borough>BROOKLYN</borough><x_coordinate_state_plane_>992362</x_coordinate_state_plane_><y_coordinate_state_plane_>174786</y_coordinate_state_plane_><park_facility_name>Unspecified</park_facility_name><park_borough>BROOKLYN</park_borough><school_name>Unspecified</school_name><school_number>Unspecified</school_number><school_region>Unspecified</school_region><school_code>Unspecified</school_code><school_phone_number>Unspecified</school_phone_number><school_address>Unspecified</school_address><school_city>Unspecified</school_city><school_state>Unspecified</school_state><school_zip>Unspecified</school_zip><latitude>40.6464201237608</latitude><longitude>-73.97076795403319</longitude><location latitude="40.6464201237608" longitude="-73.97076795403319"/></row>