<?xml version="1.0" encoding="UTF-8"?>
<row _id="2016" _uuid="02D2C8BD-7462-4B2C-B005-A0BF529C5AE7" _address="http://data.cityofnewyork.us/resource/erm2-nwe9/2016"><unique_key>15639245</unique_key><created_date year="2010" month="1" day="2">2010-01-02T00:00:00</created_date><closed_date year="2010" month="1" day="5">2010-01-05T00:00:00</closed_date><agency>HPD</agency><agency_name>Department of Housing Preservation and Development</agency_name><complaint_type>HEATING</complaint_type><descriptor>HEAT</descriptor><location_type>RESIDENTIAL BUILDING</location_type><incident_zip>11373</incident_zip><incident_address>40-38 77 STREET</incident_address><street_name>77 STREET</street_name><cross_street_1>ROOSEVELT AVENUE</cross_street_1><cross_street_2>41 AVENUE</cross_street_2><address_type>ADDRESS</address_type><city>ELMHURST</city><facility_type>N/A</facility_type><status>Closed</status><resolution_action_updated_date year="2010" month="1" day="5">2010-01-05T00:00:00</resolution_action_updated_date><community_board>0 Unspecified</community_board><borough>Unspecified</borough><x_coordinate_state_plane_>1015129</x_coordinate_state_plane_><y_coordinate_state_plane_>211247</y_coordinate_state_plane_><park_facility_name>Unspecified</park_facility_name><park_borough>Unspecified</park_borough><school_name>Unspecified</school_name><school_number>Unspecified</school_number><school_region>Unspecified</school_region><school_code>Unspecified</school_code><school_phone_number>Unspecified</school_phone_number><school_address>Unspecified</school_address><school_city>Unspecified</school_city><school_state>Unspecified</school_state><school_zip>Unspecified</school_zip><latitude>40.74644688376743</latitude><longitude>-73.88855869776542</longitude><location latitude="40.74644688376743" longitude="-73.88855869776542"/></row>