<?xml version="1.0" encoding="UTF-8"?>
<row _id="3210381" _uuid="02D5D8CB-E8D6-4E47-A9A3-0813B7765E2A" _address="http://data.cityofnewyork.us/resource/erm2-nwe9/3210381"><unique_key>22244911</unique_key><created_date year="2011" month="12" day="2">2011-12-02T00:00:00</created_date><closed_date year="2012" month="3" day="19">2012-03-19T00:00:00</closed_date><agency>DOB</agency><agency_name>Department of Buildings</agency_name><complaint_type>Building/Use</complaint_type><descriptor>Illegal Conversion Of Residential Building/Space</descriptor><incident_zip>11418</incident_zip><incident_address>87-20 125 STREET</incident_address><street_name>125 STREET</street_name><cross_street_1>JAMAICA AVENUE</cross_street_1><cross_street_2>89 AVENUE</cross_street_2><address_type>ADDRESS</address_type><city>RICHMOND HILL</city><facility_type>N/A</facility_type><status>Closed</status><resolution_action_updated_date year="2012" month="3" day="19">2012-03-19T00:00:00</resolution_action_updated_date><community_board>09 QUEENS</community_board><borough>QUEENS</borough><x_coordinate_state_plane_>1032678</x_coordinate_state_plane_><y_coordinate_state_plane_>194467</y_coordinate_state_plane_><park_facility_name>Unspecified</park_facility_name><park_borough>QUEENS</park_borough><school_name>Unspecified</school_name><school_number>Unspecified</school_number><school_region>Unspecified</school_region><school_code>Unspecified</school_code><school_phone_number>Unspecified</school_phone_number><school_address>Unspecified</school_address><school_city>Unspecified</school_city><school_state>Unspecified</school_state><school_zip>Unspecified</school_zip><latitude>40.70031124767253</latitude><longitude>-73.82534581087334</longitude><location latitude="40.70031124767253" longitude="-73.82534581087334"/></row>