<?xml version="1.0" encoding="UTF-8"?>
<row _id="2589240" _uuid="02D6793A-2F6B-43B3-9CE0-CE22CB8745F6" _address="http://data.cityofnewyork.us/resource/erm2-nwe9/2589240"><unique_key>20750702</unique_key><created_date year="2011" month="7" day="2">2011-07-02T00:00:00</created_date><closed_date year="2011" month="8" day="4">2011-08-04T00:00:00</closed_date><agency>TLC</agency><agency_name>Taxi and Limousine Commission</agency_name><complaint_type>Taxi Complaint</complaint_type><descriptor>Driver Complaint</descriptor><incident_zip>11040</incident_zip><incident_address>10 PATTON BLVD</incident_address><street_name>PATTON BLVD</street_name><city>NEW HYDE PARK</city><facility_type>N/A</facility_type><status>Closed</status><due_date>2011-08-04T00:00:00</due_date><resolution_action_updated_date year="2011" month="8" day="4">2011-08-04T00:00:00</resolution_action_updated_date><community_board>0 Unspecified</community_board><borough>Unspecified</borough><park_facility_name>Unspecified</park_facility_name><park_borough>Unspecified</park_borough><school_name>Unspecified</school_name><school_number>Unspecified</school_number><school_region>Unspecified</school_region><school_code>Unspecified</school_code><school_phone_number>Unspecified</school_phone_number><school_address>Unspecified</school_address><school_city>Unspecified</school_city><school_state>Unspecified</school_state><school_zip>Unspecified</school_zip><school_not_found>N</school_not_found><taxi_pick_up_location>JFK Airport</taxi_pick_up_location></row>