<?xml version="1.0" encoding="UTF-8"?>
<row _id="3074319" _uuid="02D8D9A0-629C-4BC7-9D9D-B12C3F1D4EE6" _address="http://data.cityofnewyork.us/resource/erm2-nwe9/3074319"><unique_key>22325460</unique_key><created_date year="2011" month="12" day="14">2011-12-14T00:00:00</created_date><closed_date year="2011" month="12" day="19">2011-12-19T00:00:00</closed_date><agency>DOE</agency><agency_name>School - PS 129 John H Finley</agency_name><complaint_type>School Maintenance</complaint_type><descriptor>Unclean Condition</descriptor><location_type>School</location_type><incident_zip>10027</incident_zip><incident_address>425 WEST 130 STREET</incident_address><street_name>WEST 130 STREET</street_name><cross_street_1>CONVENT AVENUE</cross_street_1><cross_street_2>ST NICHOLAS TERRACE</cross_street_2><city>NEW YORK</city><facility_type>School</facility_type><status>Closed</status><due_date>2011-12-21T00:00:00</due_date><resolution_action_updated_date year="2011" month="12" day="19">2011-12-19T00:00:00</resolution_action_updated_date><community_board>09 MANHATTAN</community_board><borough>MANHATTAN</borough><x_coordinate_state_plane_>997561</x_coordinate_state_plane_><y_coordinate_state_plane_>236075</y_coordinate_state_plane_><park_facility_name>School - PS 129 John H Finley</park_facility_name><park_borough>MANHATTAN</park_borough><school_name>School - PS 129 John H Finley</school_name><school_number>129</school_number><school_region>Region 10</school_region><school_code>05M129</school_code><school_phone_number>2126905932</school_phone_number><school_address>425 West 130 Street</school_address><school_city>NEW YORK</school_city><school_state>NY</school_state><school_zip>10027</school_zip><school_not_found>N</school_not_found><latitude>40.8146370510209</latitude><longitude>-73.9519118252079</longitude><location latitude="40.8146370510209" longitude="-73.9519118252079"/></row>