<?xml version="1.0" encoding="UTF-8"?>
<row _id="2722077" _uuid="02DB9460-E048-4AF7-8EEA-468856130E98" _address="http://data.cityofnewyork.us/resource/erm2-nwe9/2722077"><unique_key>20954849</unique_key><created_date year="2011" month="8" day="2">2011-08-02T00:00:00</created_date><closed_date year="2011" month="8" day="2">2011-08-02T00:00:00</closed_date><agency>DOT</agency><agency_name>Department of Transportation</agency_name><complaint_type>Bridge Condition</complaint_type><descriptor>Rough Pavement</descriptor><location_type>Bridge</location_type><incident_zip>10033</incident_zip><city>NEW YORK</city><facility_type>N/A</facility_type><status>Closed</status><due_date>2012-01-29T00:00:00</due_date><resolution_action_updated_date year="2011" month="8" day="2">2011-08-02T00:00:00</resolution_action_updated_date><community_board>12 MANHATTAN</community_board><borough>MANHATTAN</borough><x_coordinate_state_plane_>1003605</x_coordinate_state_plane_><y_coordinate_state_plane_>247466</y_coordinate_state_plane_><park_facility_name>Unspecified</park_facility_name><park_borough>MANHATTAN</park_borough><school_name>Unspecified</school_name><school_number>Unspecified</school_number><school_region>Unspecified</school_region><school_code>Unspecified</school_code><school_phone_number>Unspecified</school_phone_number><school_address>Unspecified</school_address><school_city>Unspecified</school_city><school_state>Unspecified</school_state><school_zip>Unspecified</school_zip><school_not_found>N</school_not_found><bridge_highway_name>Alexander Hamilton/I-95 Cross Bronx Br</bridge_highway_name><bridge_highway_direction>Manhattan/South Bound</bridge_highway_direction><road_ramp>Roadway</road_ramp><bridge_highway_segment>Roadway</bridge_highway_segment><latitude>40.84589089639703</latitude><longitude>-73.93004402561948</longitude><location latitude="40.84589089639703" longitude="-73.93004402561948"/></row>