<?xml version="1.0" encoding="UTF-8"?>
<row _id="3701892" _uuid="02DC2981-9CC0-4A9D-BC51-7E30CB759C78" _address="http://data.cityofnewyork.us/resource/erm2-nwe9/3701892"><unique_key>22818468</unique_key><created_date year="2012" month="3" day="4">2012-03-04T00:00:00</created_date><closed_date year="1900" month="1" day="1">1900-01-01T00:00:00</closed_date><agency>DOHMH</agency><agency_name>Department of Health and Mental Hygiene</agency_name><complaint_type>Smoking</complaint_type><descriptor>Smoking Violation</descriptor><location_type>Residential Building</location_type><incident_zip>10075</incident_zip><incident_address>420 EAST 80 STREET</incident_address><street_name>EAST 80 STREET</street_name><cross_street_1>1 AVENUE</cross_street_1><cross_street_2>YORK AVENUE</cross_street_2><address_type>ADDRESS</address_type><city>NEW YORK</city><facility_type>N/A</facility_type><status>Assigned</status><due_date>2012-04-10T00:00:00</due_date><resolution_action_updated_date year="2012" month="3" day="5">2012-03-05T00:00:00</resolution_action_updated_date><community_board>08 MANHATTAN</community_board><borough>MANHATTAN</borough><x_coordinate_state_plane_>997752</x_coordinate_state_plane_><y_coordinate_state_plane_>220766</y_coordinate_state_plane_><park_facility_name>Unspecified</park_facility_name><park_borough>MANHATTAN</park_borough><school_name>Unspecified</school_name><school_number>Unspecified</school_number><school_region>Unspecified</school_region><school_code>Unspecified</school_code><school_phone_number>Unspecified</school_phone_number><school_address>Unspecified</school_address><school_city>Unspecified</school_city><school_state>Unspecified</school_state><school_zip>Unspecified</school_zip><school_not_found>N</school_not_found><latitude>40.772617701567825</latitude><longitude>-73.95125258412499</longitude><location latitude="40.772617701567825" longitude="-73.95125258412499"/></row>