<?xml version="1.0" encoding="UTF-8"?>
<row _id="4997447" _uuid="02F8F010-9D5F-4992-988C-56D8A897DAF6" _address="http://data.cityofnewyork.us/resource/erm2-nwe9/4997447"><unique_key>24705022</unique_key><created_date year="2013" month="1" day="2">2013-01-02T00:00:00</created_date><closed_date year="2013" month="1" day="8">2013-01-08T00:00:00</closed_date><agency>HPD</agency><agency_name>Department of Housing Preservation and Development</agency_name><complaint_type>PLUMBING</complaint_type><descriptor>BASIN/SINK</descriptor><location_type>RESIDENTIAL BUILDING</location_type><incident_zip>11226</incident_zip><incident_address>49 EAST 17 STREET</incident_address><street_name>EAST 17 STREET</street_name><cross_street_1>CATON AVENUE</cross_street_1><cross_street_2>CHURCH AVENUE</cross_street_2><address_type>ADDRESS</address_type><city>BROOKLYN</city><facility_type>N/A</facility_type><status>Closed</status><resolution_action_updated_date year="2013" month="1" day="8">2013-01-08T00:00:00</resolution_action_updated_date><community_board>14 BROOKLYN</community_board><borough>BROOKLYN</borough><x_coordinate_state_plane_>994207</x_coordinate_state_plane_><y_coordinate_state_plane_>176026</y_coordinate_state_plane_><park_facility_name>Unspecified</park_facility_name><park_borough>BROOKLYN</park_borough><school_name>Unspecified</school_name><school_number>Unspecified</school_number><school_region>Unspecified</school_region><school_code>Unspecified</school_code><school_phone_number>Unspecified</school_phone_number><school_address>Unspecified</school_address><school_city>Unspecified</school_city><school_state>Unspecified</school_state><school_zip>Unspecified</school_zip><latitude>40.6498217728548</latitude><longitude>-73.96411756356383</longitude><location latitude="40.6498217728548" longitude="-73.96411756356383"/></row>