<?xml version="1.0" encoding="UTF-8"?>
<row _id="3010222" _uuid="0301A3F5-216C-4789-9B3C-59A4E0CDDEAD" _address="http://data.cityofnewyork.us/resource/erm2-nwe9/3010222"><unique_key>21568874</unique_key><created_date year="2011" month="10" day="3">2011-10-03T00:00:00</created_date><closed_date year="2011" month="10" day="5">2011-10-05T00:00:00</closed_date><agency>DEP</agency><agency_name>Department of Environmental Protection</agency_name><complaint_type>Noise</complaint_type><descriptor>Noise, Ice Cream Truck (NR4)</descriptor><incident_zip>11232</incident_zip><intersection_street_1>39 STREET</intersection_street_1><intersection_street_2>8 AVENUE</intersection_street_2><address_type>INTERSECTION</address_type><city>BROOKLYN</city><facility_type>N/A</facility_type><status>Closed</status><resolution_action_updated_date year="2011" month="10" day="5">2011-10-05T00:00:00</resolution_action_updated_date><community_board>07 BROOKLYN</community_board><borough>BROOKLYN</borough><x_coordinate_state_plane_>984999</x_coordinate_state_plane_><y_coordinate_state_plane_>175095</y_coordinate_state_plane_><park_facility_name>Unspecified</park_facility_name><park_borough>BROOKLYN</park_borough><school_name>Unspecified</school_name><school_number>Unspecified</school_number><school_region>Unspecified</school_region><school_code>Unspecified</school_code><school_phone_number>Unspecified</school_phone_number><school_address>Unspecified</school_address><school_city>Unspecified</school_city><school_state>Unspecified</school_state><school_zip>Unspecified</school_zip><latitude>40.64727194544114</latitude><longitude>-73.99730090217507</longitude><location latitude="40.64727194544114" longitude="-73.99730090217507"/></row>