<?xml version="1.0" encoding="UTF-8"?>
<row _id="3074462" _uuid="0308308C-B275-4817-9771-1D064653F466" _address="http://data.cityofnewyork.us/resource/erm2-nwe9/3074462"><unique_key>22389437</unique_key><created_date year="2011" month="12" day="24">2011-12-24T00:00:00</created_date><closed_date year="2012" month="1" day="3">2012-01-03T00:00:00</closed_date><agency>DPR</agency><agency_name>Department of Parks and Recreation</agency_name><complaint_type>Animal in a Park</complaint_type><descriptor>Dog Off Leash</descriptor><location_type>Park</location_type><incident_zip>11426</incident_zip><city>BELLEROSE</city><facility_type>N/A</facility_type><status>Closed</status><due_date>2012-01-07T00:00:00</due_date><resolution_action_updated_date year="2012" month="1" day="3">2012-01-03T00:00:00</resolution_action_updated_date><community_board>13 QUEENS</community_board><borough>QUEENS</borough><park_facility_name>Alley Pond Park</park_facility_name><park_borough>QUEENS</park_borough><school_name>Alley Pond Park</school_name><school_number>Q001</school_number><school_phone_number>7185205900</school_phone_number><school_address>Little Neck Bay to Spring Boulevard, Union Turnpike</school_address><school_city>BELLEROSE</school_city><school_state>NY</school_state><school_zip>11426</school_zip><school_not_found>N</school_not_found></row>