<?xml version="1.0" encoding="UTF-8"?>
<row _id="2588904" _uuid="030B493F-968C-4A7E-AD72-D6EB475576D3" _address="http://data.cityofnewyork.us/resource/erm2-nwe9/2588904"><unique_key>20755596</unique_key><created_date year="2011" month="7" day="2">2011-07-02T00:00:00</created_date><closed_date year="2011" month="7" day="11">2011-07-11T00:00:00</closed_date><agency>DOT</agency><agency_name>Department of Transportation</agency_name><complaint_type>Street Condition</complaint_type><descriptor>Cave-in</descriptor><location_type>Street</location_type><incident_zip>11366</incident_zip><incident_address>73-27 UTOPIA PARKWAY</incident_address><street_name>UTOPIA PARKWAY</street_name><cross_street_1>73 AVENUE</cross_street_1><cross_street_2>74 AVENUE</cross_street_2><address_type>ADDRESS</address_type><city>FRESH MEADOWS</city><facility_type>N/A</facility_type><status>Closed</status><due_date>2011-07-12T00:00:00</due_date><resolution_action_updated_date year="2011" month="7" day="11">2011-07-11T00:00:00</resolution_action_updated_date><community_board>08 QUEENS</community_board><borough>QUEENS</borough><x_coordinate_state_plane_>1041549</x_coordinate_state_plane_><y_coordinate_state_plane_>205105</y_coordinate_state_plane_><park_facility_name>Unspecified</park_facility_name><park_borough>QUEENS</park_borough><school_name>Unspecified</school_name><school_number>Unspecified</school_number><school_region>Unspecified</school_region><school_code>Unspecified</school_code><school_phone_number>Unspecified</school_phone_number><school_address>Unspecified</school_address><school_city>Unspecified</school_city><school_state>Unspecified</school_state><school_zip>Unspecified</school_zip><school_not_found>N</school_not_found><latitude>40.729456939789</latitude><longitude>-73.79326236775316</longitude><location latitude="40.729456939789" longitude="-73.79326236775316"/></row>