<?xml version="1.0" encoding="UTF-8"?>
<row _id="3701755" _uuid="030CF5BF-D640-47D0-82E6-AB50FB97153B" _address="http://data.cityofnewyork.us/resource/erm2-nwe9/3701755"><unique_key>22825352</unique_key><created_date year="2012" month="3" day="5">2012-03-05T00:00:00</created_date><closed_date year="2012" month="3" day="6">2012-03-06T00:00:00</closed_date><agency>DOF</agency><agency_name>Exemption Unit</agency_name><complaint_type>DOF Parking - Tax Exemption</complaint_type><descriptor>Tax Exemption</descriptor><incident_zip>10065</incident_zip><incident_address>301 EAST 66 STREET</incident_address><street_name>EAST 66 STREET</street_name><cross_street_1>2 AVENUE</cross_street_1><cross_street_2>1 AVENUE</cross_street_2><address_type>ADDRESS</address_type><city>NEW YORK</city><facility_type>N/A</facility_type><status>Closed</status><due_date>2012-03-10T00:00:00</due_date><resolution_action_updated_date year="2012" month="3" day="6">2012-03-06T00:00:00</resolution_action_updated_date><community_board>08 MANHATTAN</community_board><borough>MANHATTAN</borough><x_coordinate_state_plane_>995112</x_coordinate_state_plane_><y_coordinate_state_plane_>217933</y_coordinate_state_plane_><park_facility_name>Unspecified</park_facility_name><park_borough>MANHATTAN</park_borough><school_name>Unspecified</school_name><school_number>Unspecified</school_number><school_region>Unspecified</school_region><school_code>Unspecified</school_code><school_phone_number>Unspecified</school_phone_number><school_address>Unspecified</school_address><school_city>Unspecified</school_city><school_state>Unspecified</school_state><school_zip>Unspecified</school_zip><school_not_found>N</school_not_found><latitude>40.76484549169191</latitude><longitude>-73.96078857711855</longitude><location latitude="40.76484549169191" longitude="-73.96078857711855"/></row>