<?xml version="1.0" encoding="UTF-8"?>
<row _id="2588667" _uuid="030E6DF0-3E2A-4BF4-9197-722A84E5CB23" _address="http://data.cityofnewyork.us/resource/erm2-nwe9/2588667"><unique_key>20757107</unique_key><created_date year="2011" month="7" day="2">2011-07-02T00:00:00</created_date><closed_date year="2011" month="7" day="3">2011-07-03T00:00:00</closed_date><agency>NYPD</agency><agency_name>New York City Police Department</agency_name><complaint_type>Noise - Street/Sidewalk</complaint_type><descriptor>Loud Music/Party</descriptor><location_type>Street/Sidewalk</location_type><incident_zip>10301</incident_zip><incident_address>11 MONROE AVENUE</incident_address><street_name>MONROE AVENUE</street_name><cross_street_1>FORT PLACE</cross_street_1><cross_street_2>BENZIGER AVENUE</cross_street_2><address_type>ADDRESS</address_type><city>STATEN ISLAND</city><facility_type>Precinct</facility_type><status>Closed</status><due_date>2011-07-03T00:00:00</due_date><resolution_action_updated_date year="2011" month="7" day="3">2011-07-03T00:00:00</resolution_action_updated_date><community_board>01 STATEN ISLAND</community_board><borough>STATEN ISLAND</borough><x_coordinate_state_plane_>962178</x_coordinate_state_plane_><y_coordinate_state_plane_>172968</y_coordinate_state_plane_><park_facility_name>Unspecified</park_facility_name><park_borough>STATEN ISLAND</park_borough><school_name>Unspecified</school_name><school_number>Unspecified</school_number><school_region>Unspecified</school_region><school_code>Unspecified</school_code><school_phone_number>Unspecified</school_phone_number><school_address>Unspecified</school_address><school_city>Unspecified</school_city><school_state>Unspecified</school_state><school_zip>Unspecified</school_zip><school_not_found>N</school_not_found><latitude>40.641406317830274</latitude><longitude>-74.07953172024143</longitude><location latitude="40.641406317830274" longitude="-74.07953172024143"/></row>