<?xml version="1.0" encoding="UTF-8"?>
<row _id="2587227" _uuid="03144384-5841-4AB1-92A4-05D0268169D9" _address="http://data.cityofnewyork.us/resource/erm2-nwe9/2587227"><unique_key>20758395</unique_key><created_date year="2011" month="7" day="2">2011-07-02T00:00:00</created_date><closed_date year="2011" month="7" day="2">2011-07-02T00:00:00</closed_date><agency>DEP</agency><agency_name>Department of Environmental Protection</agency_name><complaint_type>Water System</complaint_type><descriptor>Hydrant Locking Device Request (Use Comments) (WC5)</descriptor><incident_zip>11237</incident_zip><incident_address>1397 GREENE AVE</incident_address><street_name>GREENE AVE</street_name><cross_street_1>IRVING AVE</cross_street_1><cross_street_2>WYCKOFF AVE</cross_street_2><address_type>ADDRESS</address_type><city>BROOKLYN</city><facility_type>N/A</facility_type><status>Closed</status><resolution_action_updated_date year="2011" month="7" day="2">2011-07-02T00:00:00</resolution_action_updated_date><community_board>Unspecified BROOKLYN</community_board><borough>BROOKLYN</borough><x_coordinate_state_plane_>1007363</x_coordinate_state_plane_><y_coordinate_state_plane_>194679</y_coordinate_state_plane_><park_facility_name>Unspecified</park_facility_name><park_borough>BROOKLYN</park_borough><school_name>Unspecified</school_name><school_number>Unspecified</school_number><school_region>Unspecified</school_region><school_code>Unspecified</school_code><school_phone_number>Unspecified</school_phone_number><school_address>Unspecified</school_address><school_city>Unspecified</school_city><school_state>Unspecified</school_state><school_zip>Unspecified</school_zip><latitude>40.70099546722196</latitude><longitude>-73.91664281740857</longitude><location latitude="40.70099546722196" longitude="-73.91664281740857"/></row>