<?xml version="1.0" encoding="UTF-8"?>
<row _id="4575272" _uuid="0317867F-61A3-491F-BBEB-71AFA7D10E11" _address="http://data.cityofnewyork.us/resource/erm2-nwe9/4575272"><unique_key>24129887</unique_key><created_date year="2012" month="10" day="3">2012-10-03T00:00:00</created_date><closed_date year="2012" month="10" day="3">2012-10-03T00:00:00</closed_date><agency>NYPD</agency><agency_name>New York City Police Department</agency_name><complaint_type>Noise - Commercial</complaint_type><descriptor>Loud Music/Party</descriptor><location_type>Club/Bar/Restaurant</location_type><incident_zip>11216</incident_zip><intersection_street_1>NOSTRAND AVENUE</intersection_street_1><intersection_street_2>HALSEY STREET</intersection_street_2><address_type>INTERSECTION</address_type><city>BROOKLYN</city><facility_type>Precinct</facility_type><status>Closed</status><due_date>2012-10-03T00:00:00</due_date><resolution_action_updated_date year="2012" month="10" day="3">2012-10-03T00:00:00</resolution_action_updated_date><community_board>03 BROOKLYN</community_board><borough>BROOKLYN</borough><x_coordinate_state_plane_>998156</x_coordinate_state_plane_><y_coordinate_state_plane_>187680</y_coordinate_state_plane_><park_facility_name>Unspecified</park_facility_name><park_borough>BROOKLYN</park_borough><school_name>Unspecified</school_name><school_number>Unspecified</school_number><school_region>Unspecified</school_region><school_code>Unspecified</school_code><school_phone_number>Unspecified</school_phone_number><school_address>Unspecified</school_address><school_city>Unspecified</school_city><school_state>Unspecified</school_state><school_zip>Unspecified</school_zip><school_not_found>N</school_not_found><latitude>40.681804088115726</latitude><longitude>-73.94986235986009</longitude><location latitude="40.681804088115726" longitude="-73.94986235986009"/></row>