<?xml version="1.0" encoding="UTF-8"?>
<row _id="932601" _uuid="0319A1CD-7C3F-40C0-8F88-383FEDE69A25" _address="http://data.cityofnewyork.us/resource/erm2-nwe9/932601"><unique_key>18396619</unique_key><created_date year="2010" month="8" day="2">2010-08-02T00:00:00</created_date><closed_date year="2010" month="8" day="3">2010-08-03T00:00:00</closed_date><agency>DSNY</agency><agency_name>BCC - Brooklyn South</agency_name><complaint_type>Sanitation Condition</complaint_type><descriptor>15 Street Cond/Dump-Out/Drop-Off</descriptor><location_type>Street</location_type><incident_zip>11215</incident_zip><incident_address>77 GARFIELD PLACE</incident_address><street_name>GARFIELD PLACE</street_name><cross_street_1>5 AVENUE</cross_street_1><cross_street_2>6 AVENUE</cross_street_2><address_type>ADDRESS</address_type><city>BROOKLYN</city><facility_type>DSNY Garage</facility_type><status>Closed</status><resolution_action_updated_date year="2010" month="8" day="3">2010-08-03T00:00:00</resolution_action_updated_date><community_board>06 BROOKLYN</community_board><borough>BROOKLYN</borough><x_coordinate_state_plane_>989405</x_coordinate_state_plane_><y_coordinate_state_plane_>184993</y_coordinate_state_plane_><park_facility_name>Unspecified</park_facility_name><park_borough>BROOKLYN</park_borough><school_name>Unspecified</school_name><school_number>Unspecified</school_number><school_region>Unspecified</school_region><school_code>Unspecified</school_code><school_phone_number>Unspecified</school_phone_number><school_address>Unspecified</school_address><school_city>Unspecified</school_city><school_state>Unspecified</school_state><school_zip>Unspecified</school_zip><latitude>40.67443830317334</latitude><longitude>-73.98141586524793</longitude><location latitude="40.67443830317334" longitude="-73.98141586524793"/></row>