<?xml version="1.0" encoding="UTF-8"?>
<row _id="4340607" _uuid="031B10D3-3D3C-4C66-B2D0-D4019D471E6C" _address="http://data.cityofnewyork.us/resource/erm2-nwe9/4340607"><unique_key>23734537</unique_key><created_date year="2012" month="8" day="2">2012-08-02T00:00:00</created_date><closed_date year="2012" month="8" day="7">2012-08-07T00:00:00</closed_date><agency>HPD</agency><agency_name>Department of Housing Preservation and Development</agency_name><complaint_type>PLUMBING</complaint_type><descriptor>TOILET</descriptor><location_type>RESIDENTIAL BUILDING</location_type><incident_zip>11226</incident_zip><incident_address>567 EAST 22 STREET</incident_address><street_name>EAST 22 STREET</street_name><cross_street_1>NEWKIRK AVENUE</cross_street_1><cross_street_2>FOSTER AVENUE</cross_street_2><address_type>ADDRESS</address_type><city>BROOKLYN</city><facility_type>N/A</facility_type><status>Closed</status><resolution_action_updated_date year="2012" month="8" day="7">2012-08-07T00:00:00</resolution_action_updated_date><community_board>14 BROOKLYN</community_board><borough>BROOKLYN</borough><x_coordinate_state_plane_>996250</x_coordinate_state_plane_><y_coordinate_state_plane_>171830</y_coordinate_state_plane_><park_facility_name>Unspecified</park_facility_name><park_borough>BROOKLYN</park_borough><school_name>Unspecified</school_name><school_number>Unspecified</school_number><school_region>Unspecified</school_region><school_code>Unspecified</school_code><school_phone_number>Unspecified</school_phone_number><school_address>Unspecified</school_address><school_city>Unspecified</school_city><school_state>Unspecified</school_state><school_zip>Unspecified</school_zip><latitude>40.63830212488888</latitude><longitude>-73.95676258816981</longitude><location latitude="40.63830212488888" longitude="-73.95676258816981"/></row>