<?xml version="1.0" encoding="UTF-8"?>
<row _id="3701697" _uuid="031E9366-602C-416D-853C-448859B07EFD" _address="http://data.cityofnewyork.us/resource/erm2-nwe9/3701697"><unique_key>22824868</unique_key><created_date year="2012" month="3" day="5">2012-03-05T00:00:00</created_date><closed_date year="2012" month="3" day="23">2012-03-23T00:00:00</closed_date><agency>DOHMH</agency><agency_name>Department of Health and Mental Hygiene</agency_name><complaint_type>Rodent</complaint_type><descriptor>Mouse Sighting</descriptor><location_type>3+ Family Apt. Building</location_type><incident_zip>10030</incident_zip><incident_address>680 SAINT NICHOLAS AVENUE</incident_address><street_name>SAINT NICHOLAS AVENUE</street_name><cross_street_1>WEST 141 STREET</cross_street_1><cross_street_2>WEST 145 STREET</cross_street_2><address_type>ADDRESS</address_type><city>NEW YORK</city><facility_type>N/A</facility_type><status>Closed</status><due_date>2012-04-04T00:00:00</due_date><resolution_action_updated_date year="2012" month="3" day="23">2012-03-23T00:00:00</resolution_action_updated_date><community_board>09 MANHATTAN</community_board><borough>MANHATTAN</borough><x_coordinate_state_plane_>999448</x_coordinate_state_plane_><y_coordinate_state_plane_>239240</y_coordinate_state_plane_><park_facility_name>Unspecified</park_facility_name><park_borough>MANHATTAN</park_borough><school_name>Unspecified</school_name><school_number>Unspecified</school_number><school_region>Unspecified</school_region><school_code>Unspecified</school_code><school_phone_number>Unspecified</school_phone_number><school_address>Unspecified</school_address><school_city>Unspecified</school_city><school_state>Unspecified</school_state><school_zip>Unspecified</school_zip><school_not_found>N</school_not_found><latitude>40.82332103865043</latitude><longitude>-73.94508756157713</longitude><location latitude="40.82332103865043" longitude="-73.94508756157713"/></row>