<?xml version="1.0" encoding="UTF-8"?>
<row _id="1137242" _uuid="0326312E-84F7-49B4-8819-43BE687BC36C" _address="http://data.cityofnewyork.us/resource/erm2-nwe9/1137242"><unique_key>18860558</unique_key><created_date year="2010" month="10" day="9">2010-10-09T00:00:00</created_date><closed_date year="2010" month="10" day="10">2010-10-10T00:00:00</closed_date><agency>NYPD</agency><agency_name>New York City Police Department</agency_name><complaint_type>Blocked Driveway</complaint_type><descriptor>No Access</descriptor><location_type>Street/Sidewalk</location_type><incident_zip>11106</incident_zip><incident_address>32-30 32 STREET</incident_address><street_name>32 STREET</street_name><cross_street_1>BROADWAY</cross_street_1><cross_street_2>34 AVENUE</cross_street_2><address_type>ADDRESS</address_type><city>ASTORIA</city><facility_type>Precinct</facility_type><status>Closed</status><due_date>2010-10-10T00:00:00</due_date><resolution_action_updated_date year="2010" month="10" day="10">2010-10-10T00:00:00</resolution_action_updated_date><community_board>01 QUEENS</community_board><borough>QUEENS</borough><x_coordinate_state_plane_>1005051</x_coordinate_state_plane_><y_coordinate_state_plane_>216616</y_coordinate_state_plane_><park_facility_name>Unspecified</park_facility_name><park_borough>QUEENS</park_borough><school_name>Unspecified</school_name><school_number>Unspecified</school_number><school_region>Unspecified</school_region><school_code>Unspecified</school_code><school_phone_number>Unspecified</school_phone_number><school_address>Unspecified</school_address><school_city>Unspecified</school_city><school_state>Unspecified</school_state><school_zip>Unspecified</school_zip><school_not_found>N</school_not_found><latitude>40.76121286886935</latitude><longitude>-73.92491323918665</longitude><location latitude="40.76121286886935" longitude="-73.92491323918665"/></row>