<?xml version="1.0" encoding="UTF-8"?>
<row _id="4864274" _uuid="0328D2C7-53ED-479B-B98D-F46D42793178" _address="http://data.cityofnewyork.us/resource/erm2-nwe9/4864274"><unique_key>24519611</unique_key><created_date year="2012" month="12" day="2">2012-12-02T00:00:00</created_date><closed_date year="2012" month="12" day="13">2012-12-13T00:00:00</closed_date><agency>HPD</agency><agency_name>Department of Housing Preservation and Development</agency_name><complaint_type>HEATING</complaint_type><descriptor>HEAT</descriptor><location_type>RESIDENTIAL BUILDING</location_type><incident_zip>11434</incident_zip><incident_address>179-46 144 AVENUE</incident_address><street_name>144 AVENUE</street_name><cross_street_1>FARMERS BOULEVARD</cross_street_1><cross_street_2>180 STREET</cross_street_2><address_type>ADDRESS</address_type><city>Jamaica</city><facility_type>N/A</facility_type><status>Closed</status><resolution_action_updated_date year="2012" month="12" day="13">2012-12-13T00:00:00</resolution_action_updated_date><community_board>12 QUEENS</community_board><borough>QUEENS</borough><x_coordinate_state_plane_>1049335</x_coordinate_state_plane_><y_coordinate_state_plane_>182854</y_coordinate_state_plane_><park_facility_name>Unspecified</park_facility_name><park_borough>QUEENS</park_borough><school_name>Unspecified</school_name><school_number>Unspecified</school_number><school_region>Unspecified</school_region><school_code>Unspecified</school_code><school_phone_number>Unspecified</school_phone_number><school_address>Unspecified</school_address><school_city>Unspecified</school_city><school_state>Unspecified</school_state><school_zip>Unspecified</school_zip><latitude>40.66832949401914</latitude><longitude>-73.76538524374232</longitude><location latitude="40.66832949401914" longitude="-73.76538524374232"/></row>