<?xml version="1.0" encoding="UTF-8"?>
<row _id="4574457" _uuid="032BEFA0-F15B-4733-8865-466DF3211D32" _address="http://data.cityofnewyork.us/resource/erm2-nwe9/4574457"><unique_key>24130680</unique_key><created_date year="2012" month="10" day="2">2012-10-02T00:00:00</created_date><closed_date year="2012" month="10" day="3">2012-10-03T00:00:00</closed_date><agency>NYPD</agency><agency_name>New York City Police Department</agency_name><complaint_type>Noise - Street/Sidewalk</complaint_type><descriptor>Loud Music/Party</descriptor><location_type>Street/Sidewalk</location_type><incident_zip>11004</incident_zip><intersection_street_1>74 AVENUE</intersection_street_1><intersection_street_2>260 STREET</intersection_street_2><address_type>INTERSECTION</address_type><city>GLEN OAKS</city><facility_type>Precinct</facility_type><status>Closed</status><due_date>2012-10-03T00:00:00</due_date><resolution_action_updated_date year="2012" month="10" day="3">2012-10-03T00:00:00</resolution_action_updated_date><community_board>13 QUEENS</community_board><borough>QUEENS</borough><x_coordinate_state_plane_>1063209</x_coordinate_state_plane_><y_coordinate_state_plane_>212596</y_coordinate_state_plane_><park_facility_name>Unspecified</park_facility_name><park_borough>QUEENS</park_borough><school_name>Unspecified</school_name><school_number>Unspecified</school_number><school_region>Unspecified</school_region><school_code>Unspecified</school_code><school_phone_number>Unspecified</school_phone_number><school_address>Unspecified</school_address><school_city>Unspecified</school_city><school_state>Unspecified</school_state><school_zip>Unspecified</school_zip><school_not_found>N</school_not_found><latitude>40.749850935754395</latitude><longitude>-73.715024561596</longitude><location latitude="40.749850935754395" longitude="-73.715024561596"/></row>