<?xml version="1.0" encoding="UTF-8"?>
<row _id="2722593" _uuid="033AE45A-D688-43DA-9DC9-066558CCA542" _address="http://data.cityofnewyork.us/resource/erm2-nwe9/2722593"><unique_key>20961025</unique_key><created_date year="2011" month="8" day="2">2011-08-02T00:00:00</created_date><closed_date year="2011" month="8" day="10">2011-08-10T00:00:00</closed_date><agency>DOB</agency><agency_name>Department of Buildings</agency_name><complaint_type>General Construction/Plumbing</complaint_type><descriptor>Building - Vacant, Open And Unguarded</descriptor><incident_zip>11233</incident_zip><incident_address>32 ROOSEVELT PLACE</incident_address><street_name>ROOSEVELT PLACE</street_name><cross_street_1>HERKIMER STREET</cross_street_1><cross_street_2>ATLANTIC AVENUE</cross_street_2><address_type>ADDRESS</address_type><city>BROOKLYN</city><facility_type>N/A</facility_type><status>Closed</status><resolution_action_updated_date year="2011" month="8" day="10">2011-08-10T00:00:00</resolution_action_updated_date><community_board>16 BROOKLYN</community_board><borough>BROOKLYN</borough><x_coordinate_state_plane_>1007679</x_coordinate_state_plane_><y_coordinate_state_plane_>185879</y_coordinate_state_plane_><park_facility_name>Unspecified</park_facility_name><park_borough>BROOKLYN</park_borough><school_name>Unspecified</school_name><school_number>Unspecified</school_number><school_region>Unspecified</school_region><school_code>Unspecified</school_code><school_phone_number>Unspecified</school_phone_number><school_address>Unspecified</school_address><school_city>Unspecified</school_city><school_state>Unspecified</school_state><school_zip>Unspecified</school_zip><latitude>40.67684067004651</latitude><longitude>-73.91553376494527</longitude><location latitude="40.67684067004651" longitude="-73.91553376494527"/></row>