<?xml version="1.0" encoding="UTF-8"?>
<row _id="1481880" _uuid="0341B852-B047-4CE9-B169-2887808624C8" _address="http://data.cityofnewyork.us/resource/erm2-nwe9/1481880"><unique_key>19248429</unique_key><created_date year="2010" month="12" day="2">2010-12-02T00:00:00</created_date><closed_date year="2011" month="1" day="28">2011-01-28T00:00:00</closed_date><agency>HPD</agency><agency_name>Department of Housing Preservation and Development</agency_name><complaint_type>GENERAL CONSTRUCTION</complaint_type><descriptor>STAIRS</descriptor><location_type>RESIDENTIAL BUILDING</location_type><incident_zip>11233</incident_zip><incident_address>1261 HERKIMER STREET</incident_address><street_name>HERKIMER STREET</street_name><cross_street_1>MARCONI PLACE</cross_street_1><cross_street_2>GUNTHER PLACE</cross_street_2><address_type>ADDRESS</address_type><city>BROOKLYN</city><facility_type>N/A</facility_type><status>Closed</status><resolution_action_updated_date year="2011" month="1" day="28">2011-01-28T00:00:00</resolution_action_updated_date><community_board>0 Unspecified</community_board><borough>Unspecified</borough><x_coordinate_state_plane_>1008691</x_coordinate_state_plane_><y_coordinate_state_plane_>186152</y_coordinate_state_plane_><park_facility_name>Unspecified</park_facility_name><park_borough>Unspecified</park_borough><school_name>Unspecified</school_name><school_number>Unspecified</school_number><school_region>Unspecified</school_region><school_code>Unspecified</school_code><school_phone_number>Unspecified</school_phone_number><school_address>Unspecified</school_address><school_city>Unspecified</school_city><school_state>Unspecified</school_state><school_zip>Unspecified</school_zip><latitude>40.67758725673304</latitude><longitude>-73.91188431472715</longitude><location latitude="40.67758725673304" longitude="-73.91188431472715"/></row>