<?xml version="1.0" encoding="UTF-8"?>
<row _id="932511" _uuid="03424BD2-D12F-4E59-BB85-DCE070BF552F" _address="http://data.cityofnewyork.us/resource/erm2-nwe9/932511"><unique_key>18394941</unique_key><created_date year="2010" month="8" day="2">2010-08-02T00:00:00</created_date><closed_date year="2010" month="8" day="13">2010-08-13T00:00:00</closed_date><agency>HPD</agency><agency_name>Department of Housing Preservation and Development</agency_name><complaint_type>PLUMBING</complaint_type><descriptor>BATHTUB</descriptor><location_type>RESIDENTIAL BUILDING</location_type><incident_zip>11355</incident_zip><incident_address>140-18 ASH AVENUE</incident_address><street_name>ASH AVENUE</street_name><cross_street_1>KISSENA BOULEVARD</cross_street_1><cross_street_2>BOWNE STREET</cross_street_2><address_type>ADDRESS</address_type><city>FLUSHING</city><facility_type>N/A</facility_type><status>Closed</status><resolution_action_updated_date year="2010" month="8" day="13">2010-08-13T00:00:00</resolution_action_updated_date><community_board>0 Unspecified</community_board><borough>Unspecified</borough><x_coordinate_state_plane_>1033129</x_coordinate_state_plane_><y_coordinate_state_plane_>214437</y_coordinate_state_plane_><park_facility_name>Unspecified</park_facility_name><park_borough>Unspecified</park_borough><school_name>Unspecified</school_name><school_number>Unspecified</school_number><school_region>Unspecified</school_region><school_code>Unspecified</school_code><school_phone_number>Unspecified</school_phone_number><school_address>Unspecified</school_address><school_city>Unspecified</school_city><school_state>Unspecified</school_state><school_zip>Unspecified</school_zip><latitude>40.75512143716417</latitude><longitude>-73.8235742420985</longitude><location latitude="40.75512143716417" longitude="-73.8235742420985"/></row>