<?xml version="1.0" encoding="UTF-8"?>
<row _id="1481816" _uuid="0349DA58-1574-4280-B6AB-D5F78F760B11" _address="http://data.cityofnewyork.us/resource/erm2-nwe9/1481816"><unique_key>19248117</unique_key><created_date year="2010" month="12" day="2">2010-12-02T00:00:00</created_date><closed_date year="2010" month="12" day="3">2010-12-03T00:00:00</closed_date><agency>HPD</agency><agency_name>Department of Housing Preservation and Development</agency_name><complaint_type>HEATING</complaint_type><descriptor>HEAT</descriptor><location_type>RESIDENTIAL BUILDING</location_type><incident_zip>10033</incident_zip><incident_address>619 WEST 175 STREET</incident_address><street_name>WEST 175 STREET</street_name><cross_street_1>ST NICHOLAS AVENUE</cross_street_1><cross_street_2>WADSWORTH AVENUE</cross_street_2><address_type>ADDRESS</address_type><city>NEW YORK</city><facility_type>N/A</facility_type><status>Closed</status><resolution_action_updated_date year="2010" month="12" day="3">2010-12-03T00:00:00</resolution_action_updated_date><community_board>0 Unspecified</community_board><borough>Unspecified</borough><x_coordinate_state_plane_>1001629</x_coordinate_state_plane_><y_coordinate_state_plane_>247394</y_coordinate_state_plane_><park_facility_name>Unspecified</park_facility_name><park_borough>Unspecified</park_borough><school_name>Unspecified</school_name><school_number>Unspecified</school_number><school_region>Unspecified</school_region><school_code>Unspecified</school_code><school_phone_number>Unspecified</school_phone_number><school_address>Unspecified</school_address><school_city>Unspecified</school_city><school_state>Unspecified</school_state><school_zip>Unspecified</school_zip><latitude>40.845697387800115</latitude><longitude>-73.937186188734</longitude><location latitude="40.845697387800115" longitude="-73.937186188734"/></row>