<?xml version="1.0" encoding="UTF-8"?>
<row _id="4864118" _uuid="034A98A3-D6D1-4F79-B1AC-F9FF908A165D" _address="http://data.cityofnewyork.us/resource/erm2-nwe9/4864118"><unique_key>24518927</unique_key><created_date year="2012" month="12" day="2">2012-12-02T00:00:00</created_date><closed_date year="2012" month="12" day="8">2012-12-08T00:00:00</closed_date><agency>HPD</agency><agency_name>Department of Housing Preservation and Development</agency_name><complaint_type>GENERAL CONSTRUCTION</complaint_type><descriptor>MOLD</descriptor><location_type>RESIDENTIAL BUILDING</location_type><incident_zip>10467</incident_zip><incident_address>3158 PERRY AVENUE</incident_address><street_name>PERRY AVENUE</street_name><cross_street_1>EAST 204 STREET</cross_street_1><cross_street_2>EAST 205 STREET</cross_street_2><address_type>ADDRESS</address_type><city>BRONX</city><facility_type>N/A</facility_type><status>Closed</status><resolution_action_updated_date year="2012" month="12" day="8">2012-12-08T00:00:00</resolution_action_updated_date><community_board>07 BRONX</community_board><borough>BRONX</borough><x_coordinate_state_plane_>1018016</x_coordinate_state_plane_><y_coordinate_state_plane_>257625</y_coordinate_state_plane_><park_facility_name>Unspecified</park_facility_name><park_borough>BRONX</park_borough><school_name>Unspecified</school_name><school_number>Unspecified</school_number><school_region>Unspecified</school_region><school_code>Unspecified</school_code><school_phone_number>Unspecified</school_phone_number><school_address>Unspecified</school_address><school_city>Unspecified</school_city><school_state>Unspecified</school_state><school_zip>Unspecified</school_zip><latitude>40.87373092256209</latitude><longitude>-73.87790633125535</longitude><location latitude="40.87373092256209" longitude="-73.87790633125535"/></row>