<?xml version="1.0" encoding="UTF-8"?>
<row _id="2590044" _uuid="034C2F58-01F7-4866-BEF1-62AEF09DA6B6" _address="http://data.cityofnewyork.us/resource/erm2-nwe9/2590044"><unique_key>20757120</unique_key><created_date year="2011" month="7" day="3">2011-07-03T00:00:00</created_date><closed_date year="2011" month="7" day="3">2011-07-03T00:00:00</closed_date><agency>NYPD</agency><agency_name>New York City Police Department</agency_name><complaint_type>Noise - Street/Sidewalk</complaint_type><descriptor>Loud Music/Party</descriptor><location_type>Street/Sidewalk</location_type><incident_zip>10467</incident_zip><incident_address>3424 GATES PLACE</incident_address><street_name>GATES PLACE</street_name><cross_street_1>WEST MOSHOLU PARKWAY NORTH</cross_street_1><cross_street_2>WEST GUN HILL ROAD</cross_street_2><address_type>ADDRESS</address_type><city>BRONX</city><facility_type>Precinct</facility_type><status>Closed</status><due_date>2011-07-03T00:00:00</due_date><resolution_action_updated_date year="2011" month="7" day="3">2011-07-03T00:00:00</resolution_action_updated_date><community_board>07 BRONX</community_board><borough>BRONX</borough><x_coordinate_state_plane_>1016339</x_coordinate_state_plane_><y_coordinate_state_plane_>260855</y_coordinate_state_plane_><park_facility_name>Unspecified</park_facility_name><park_borough>BRONX</park_borough><school_name>Unspecified</school_name><school_number>Unspecified</school_number><school_region>Unspecified</school_region><school_code>Unspecified</school_code><school_phone_number>Unspecified</school_phone_number><school_address>Unspecified</school_address><school_city>Unspecified</school_city><school_state>Unspecified</school_state><school_zip>Unspecified</school_zip><school_not_found>N</school_not_found><latitude>40.88260252077106</latitude><longitude>-73.8839546757793</longitude><location latitude="40.88260252077106" longitude="-73.8839546757793"/></row>