<?xml version="1.0" encoding="UTF-8"?>
<row _id="4863754" _uuid="034D268D-D5E8-4F91-8300-708D7DD8A779" _address="http://data.cityofnewyork.us/resource/erm2-nwe9/4863754"><unique_key>24519971</unique_key><created_date year="2012" month="12" day="2">2012-12-02T00:00:00</created_date><closed_date year="2012" month="12" day="15">2012-12-15T00:00:00</closed_date><agency>HPD</agency><agency_name>Department of Housing Preservation and Development</agency_name><complaint_type>NONCONST</complaint_type><descriptor>VERMIN</descriptor><location_type>RESIDENTIAL BUILDING</location_type><incident_zip>11378</incident_zip><incident_address>54-16 FLUSHING AVENUE</incident_address><street_name>FLUSHING AVENUE</street_name><cross_street_1>54 STREET</cross_street_1><cross_street_2>54 PLACE</cross_street_2><address_type>ADDRESS</address_type><city>Maspeth</city><facility_type>N/A</facility_type><status>Closed</status><resolution_action_updated_date year="2012" month="12" day="15">2012-12-15T00:00:00</resolution_action_updated_date><community_board>05 QUEENS</community_board><borough>QUEENS</borough><x_coordinate_state_plane_>1008358</x_coordinate_state_plane_><y_coordinate_state_plane_>199863</y_coordinate_state_plane_><park_facility_name>Unspecified</park_facility_name><park_borough>QUEENS</park_borough><school_name>Unspecified</school_name><school_number>Unspecified</school_number><school_region>Unspecified</school_region><school_code>Unspecified</school_code><school_phone_number>Unspecified</school_phone_number><school_address>Unspecified</school_address><school_city>Unspecified</school_city><school_state>Unspecified</school_state><school_zip>Unspecified</school_zip><latitude>40.71522165909254</latitude><longitude>-73.91303578482514</longitude><location latitude="40.71522165909254" longitude="-73.91303578482514"/></row>