<?xml version="1.0" encoding="UTF-8"?>
<row _id="4204168" _uuid="03541797-47E1-48C6-AB06-050F6C6CAC62" _address="http://data.cityofnewyork.us/resource/erm2-nwe9/4204168"><unique_key>23535816</unique_key><created_date year="2012" month="7" day="2">2012-07-02T00:00:00</created_date><closed_date year="2012" month="7" day="3">2012-07-03T00:00:00</closed_date><agency>DSNY</agency><agency_name>BCC - Queens East</agency_name><complaint_type>Sanitation Condition</complaint_type><descriptor>22 Weeds</descriptor><location_type>Sidewalk</location_type><incident_zip>11364</incident_zip><incident_address>53-31 BELL BOULEVARD</incident_address><street_name>BELL BOULEVARD</street_name><cross_street_1>LUKE PLACE</cross_street_1><cross_street_2>56 AVENUE</cross_street_2><address_type>ADDRESS</address_type><city>OAKLAND GARDENS</city><facility_type>DSNY Garage</facility_type><status>Closed</status><resolution_action_updated_date year="2012" month="7" day="3">2012-07-03T00:00:00</resolution_action_updated_date><community_board>11 QUEENS</community_board><borough>QUEENS</borough><x_coordinate_state_plane_>1049735</x_coordinate_state_plane_><y_coordinate_state_plane_>213303</y_coordinate_state_plane_><park_facility_name>Unspecified</park_facility_name><park_borough>QUEENS</park_borough><school_name>Unspecified</school_name><school_number>Unspecified</school_number><school_region>Unspecified</school_region><school_code>Unspecified</school_code><school_phone_number>Unspecified</school_phone_number><school_address>Unspecified</school_address><school_city>Unspecified</school_city><school_state>Unspecified</school_state><school_zip>Unspecified</school_zip><latitude>40.75190151338091</latitude><longitude>-73.76364719971822</longitude><location latitude="40.75190151338091" longitude="-73.76364719971822"/></row>