<?xml version="1.0" encoding="UTF-8"?>
<row _id="1374316" _uuid="03552222-7C15-4F35-B83D-29FE0166A624" _address="http://data.cityofnewyork.us/resource/erm2-nwe9/1374316"><unique_key>20417118</unique_key><created_date year="2011" month="3" day="5">2011-03-05T00:00:00</created_date><closed_date year="2011" month="6" day="15">2011-06-15T00:00:00</closed_date><agency>DOB</agency><agency_name>Department of Buildings</agency_name><complaint_type>General Construction/Plumbing</complaint_type><descriptor>Vent/Exhaust - Illegal/Improper</descriptor><incident_zip>10003</incident_zip><incident_address>54 EAST 13 STREET</incident_address><street_name>EAST 13 STREET</street_name><cross_street_1>UNIVERSITY PLACE</cross_street_1><cross_street_2>BROADWAY</cross_street_2><address_type>ADDRESS</address_type><city>NEW YORK</city><facility_type>N/A</facility_type><status>Closed</status><resolution_action_updated_date year="2011" month="6" day="15">2011-06-15T00:00:00</resolution_action_updated_date><community_board>02 MANHATTAN</community_board><borough>MANHATTAN</borough><x_coordinate_state_plane_>986610</x_coordinate_state_plane_><y_coordinate_state_plane_>206764</y_coordinate_state_plane_><park_facility_name>Unspecified</park_facility_name><park_borough>MANHATTAN</park_borough><school_name>Unspecified</school_name><school_number>Unspecified</school_number><school_region>Unspecified</school_region><school_code>Unspecified</school_code><school_phone_number>Unspecified</school_phone_number><school_address>Unspecified</school_address><school_city>Unspecified</school_city><school_state>Unspecified</school_state><school_zip>Unspecified</school_zip><latitude>40.73419576100388</latitude><longitude>-73.99148440534007</longitude><location latitude="40.73419576100388" longitude="-73.99148440534007"/></row>