<?xml version="1.0" encoding="UTF-8"?>
<row _id="2590090" _uuid="035C066C-51B1-4640-B56A-2000411F94F0" _address="http://data.cityofnewyork.us/resource/erm2-nwe9/2590090"><unique_key>20757482</unique_key><created_date year="2011" month="7" day="2">2011-07-02T00:00:00</created_date><closed_date year="2011" month="7" day="6">2011-07-06T00:00:00</closed_date><agency>HPD</agency><agency_name>Department of Housing Preservation and Development</agency_name><complaint_type>PLUMBING</complaint_type><descriptor>WATER-SUPPLY</descriptor><location_type>RESIDENTIAL BUILDING</location_type><incident_zip>10466</incident_zip><incident_address>3535 GRACE AVENUE</incident_address><street_name>GRACE AVENUE</street_name><cross_street_1>BOSTON ROAD</cross_street_1><cross_street_2>EAST 229 STREET</cross_street_2><address_type>ADDRESS</address_type><city>BRONX</city><facility_type>N/A</facility_type><status>Closed</status><resolution_action_updated_date year="2011" month="7" day="6">2011-07-06T00:00:00</resolution_action_updated_date><community_board>12 BRONX</community_board><borough>BRONX</borough><x_coordinate_state_plane_>1028276</x_coordinate_state_plane_><y_coordinate_state_plane_>260376</y_coordinate_state_plane_><park_facility_name>Unspecified</park_facility_name><park_borough>BRONX</park_borough><school_name>Unspecified</school_name><school_number>Unspecified</school_number><school_region>Unspecified</school_region><school_code>Unspecified</school_code><school_phone_number>Unspecified</school_phone_number><school_address>Unspecified</school_address><school_city>Unspecified</school_city><school_state>Unspecified</school_state><school_zip>Unspecified</school_zip><latitude>40.881236340633635</latitude><longitude>-73.84078943630436</longitude><location latitude="40.881236340633635" longitude="-73.84078943630436"/></row>