<?xml version="1.0" encoding="UTF-8"?>
<row _id="3951767" _uuid="035D2F49-98A6-4DD8-B2FB-CA249AA7ECC9" _address="http://data.cityofnewyork.us/resource/erm2-nwe9/3951767"><unique_key>23158223</unique_key><created_date year="2012" month="5" day="2">2012-05-02T00:00:00</created_date><closed_date year="2012" month="5" day="2">2012-05-02T00:00:00</closed_date><agency>DEP</agency><agency_name>Department of Environmental Protection</agency_name><complaint_type>Sewer</complaint_type><descriptor>Manhole Overflow (Use Comments) (SA1)</descriptor><incident_zip>11385</incident_zip><intersection_street_1>CENTRAL AVENUE</intersection_street_1><intersection_street_2>73 STREET</intersection_street_2><address_type>INTERSECTION</address_type><city>RIDGEWOOD</city><facility_type>N/A</facility_type><status>Closed</status><resolution_action_updated_date year="2012" month="5" day="2">2012-05-02T00:00:00</resolution_action_updated_date><community_board>05 QUEENS</community_board><borough>QUEENS</borough><x_coordinate_state_plane_>1018162</x_coordinate_state_plane_><y_coordinate_state_plane_>196308</y_coordinate_state_plane_><park_facility_name>Unspecified</park_facility_name><park_borough>QUEENS</park_borough><school_name>Unspecified</school_name><school_number>Unspecified</school_number><school_region>Unspecified</school_region><school_code>Unspecified</school_code><school_phone_number>Unspecified</school_phone_number><school_address>Unspecified</school_address><school_city>Unspecified</school_city><school_state>Unspecified</school_state><school_zip>Unspecified</school_zip><latitude>40.70543189009261</latitude><longitude>-73.8776879940199</longitude><location latitude="40.70543189009261" longitude="-73.8776879940199"/></row>