<?xml version="1.0" encoding="UTF-8"?>
<row _id="2359" _uuid="035F5C08-E37A-44CA-B204-8459AC1B3EAB" _address="http://data.cityofnewyork.us/resource/erm2-nwe9/2359"><unique_key>15637926</unique_key><created_date year="2010" month="1" day="2">2010-01-02T00:00:00</created_date><closed_date year="2010" month="1" day="4">2010-01-04T00:00:00</closed_date><agency>DOT</agency><agency_name>Department of Transportation</agency_name><complaint_type>Broken Muni Meter</complaint_type><descriptor>No Receipt</descriptor><location_type>Street</location_type><incident_zip>10003</incident_zip><intersection_street_1>5 AVENUE</intersection_street_1><intersection_street_2>EAST   12 STREET</intersection_street_2><address_type>INTERSECTION</address_type><city>NEW YORK</city><facility_type>N/A</facility_type><status>Closed</status><due_date>2010-01-16T00:00:00</due_date><resolution_action_updated_date year="2010" month="1" day="4">2010-01-04T00:00:00</resolution_action_updated_date><community_board>02 MANHATTAN</community_board><borough>MANHATTAN</borough><x_coordinate_state_plane_>985751</x_coordinate_state_plane_><y_coordinate_state_plane_>206938</y_coordinate_state_plane_><park_facility_name>Unspecified</park_facility_name><park_borough>MANHATTAN</park_borough><school_name>Unspecified</school_name><school_number>Unspecified</school_number><school_region>Unspecified</school_region><school_code>Unspecified</school_code><school_phone_number>Unspecified</school_phone_number><school_address>Unspecified</school_address><school_city>Unspecified</school_city><school_state>Unspecified</school_state><school_zip>Unspecified</school_zip><latitude>40.734673535638656</latitude><longitude>-73.99458389863463</longitude><location latitude="40.734673535638656" longitude="-73.99458389863463"/></row>