<?xml version="1.0" encoding="UTF-8"?>
<row _id="4864242" _uuid="03609395-0B16-4C85-AE33-14A59679666E" _address="http://data.cityofnewyork.us/resource/erm2-nwe9/4864242"><unique_key>24520009</unique_key><created_date year="2012" month="12" day="2">2012-12-02T00:00:00</created_date><closed_date year="2012" month="12" day="3">2012-12-03T00:00:00</closed_date><agency>HPD</agency><agency_name>Department of Housing Preservation and Development</agency_name><complaint_type>HEATING</complaint_type><descriptor>HEAT</descriptor><location_type>RESIDENTIAL BUILDING</location_type><incident_zip>10035</incident_zip><incident_address>1900 LEXINGTON AVENUE</incident_address><street_name>LEXINGTON AVENUE</street_name><cross_street_1>EAST 118 STREET</cross_street_1><cross_street_2>EAST 119 STREET</cross_street_2><address_type>ADDRESS</address_type><city>NEW YORK</city><facility_type>N/A</facility_type><status>Closed</status><resolution_action_updated_date year="2012" month="12" day="3">2012-12-03T00:00:00</resolution_action_updated_date><community_board>11 MANHATTAN</community_board><borough>MANHATTAN</borough><x_coordinate_state_plane_>1000700</x_coordinate_state_plane_><y_coordinate_state_plane_>230764</y_coordinate_state_plane_><park_facility_name>Unspecified</park_facility_name><park_borough>MANHATTAN</park_borough><school_name>Unspecified</school_name><school_number>Unspecified</school_number><school_region>Unspecified</school_region><school_code>Unspecified</school_code><school_phone_number>Unspecified</school_phone_number><school_address>Unspecified</school_address><school_city>Unspecified</school_city><school_state>Unspecified</school_state><school_zip>Unspecified</school_zip><latitude>40.80005453928576</latitude><longitude>-73.94058468907889</longitude><location latitude="40.80005453928576" longitude="-73.94058468907889"/></row>