<?xml version="1.0" encoding="UTF-8"?>
<row _id="4861460" _uuid="0360F18B-1C64-4297-B35B-F53791B6F818" _address="http://data.cityofnewyork.us/resource/erm2-nwe9/4861460"><unique_key>24514663</unique_key><created_date year="2012" month="12" day="2">2012-12-02T00:00:00</created_date><closed_date year="2012" month="12" day="2">2012-12-02T00:00:00</closed_date><agency>NYPD</agency><agency_name>New York City Police Department</agency_name><complaint_type>Blocked Driveway</complaint_type><descriptor>No Access</descriptor><location_type>Street/Sidewalk</location_type><incident_zip>11368</incident_zip><incident_address>34-52 97 STREET</incident_address><street_name>97 STREET</street_name><cross_street_1>34 AVENUE</cross_street_1><cross_street_2>35 AVENUE</cross_street_2><address_type>ADDRESS</address_type><city>CORONA</city><facility_type>Precinct</facility_type><status>Closed</status><due_date>2012-12-02T00:00:00</due_date><resolution_action_updated_date year="2012" month="12" day="2">2012-12-02T00:00:00</resolution_action_updated_date><community_board>03 QUEENS</community_board><borough>QUEENS</borough><x_coordinate_state_plane_>1020033</x_coordinate_state_plane_><y_coordinate_state_plane_>214124</y_coordinate_state_plane_><park_facility_name>Unspecified</park_facility_name><park_borough>QUEENS</park_borough><school_name>Unspecified</school_name><school_number>Unspecified</school_number><school_region>Unspecified</school_region><school_code>Unspecified</school_code><school_phone_number>Unspecified</school_phone_number><school_address>Unspecified</school_address><school_city>Unspecified</school_city><school_state>Unspecified</school_state><school_zip>Unspecified</school_zip><school_not_found>N</school_not_found><latitude>40.75432502991644</latitude><longitude>-73.87084503698712</longitude><location latitude="40.75432502991644" longitude="-73.87084503698712"/></row>