<?xml version="1.0" encoding="UTF-8"?>
<row _id="137" _uuid="036AD99B-8C3F-4B40-829C-F9930A17D098" _address="http://data.cityofnewyork.us/resource/erm2-nwe9/137"><unique_key>16713718</unique_key><created_date year="2010" month="5" day="22">2010-05-22T00:00:00</created_date><closed_date year="2010" month="5" day="26">2010-05-26T00:00:00</closed_date><agency>HPD</agency><agency_name>Department of Housing Preservation and Development</agency_name><complaint_type>PLUMBING</complaint_type><descriptor>WATER-LEAKS</descriptor><location_type>RESIDENTIAL BUILDING</location_type><incident_zip>11208</incident_zip><incident_address>1143 SUTTER AVENUE</incident_address><street_name>SUTTER AVENUE</street_name><cross_street_1>MILFORD STREET</cross_street_1><cross_street_2>LOGAN STREET</cross_street_2><address_type>ADDRESS</address_type><city>BROOKLYN</city><facility_type>N/A</facility_type><status>Closed</status><resolution_action_updated_date year="2010" month="5" day="26">2010-05-26T00:00:00</resolution_action_updated_date><community_board>0 Unspecified</community_board><borough>Unspecified</borough><x_coordinate_state_plane_>1018669</x_coordinate_state_plane_><y_coordinate_state_plane_>184209</y_coordinate_state_plane_><park_facility_name>Unspecified</park_facility_name><park_borough>Unspecified</park_borough><school_name>Unspecified</school_name><school_number>Unspecified</school_number><school_region>Unspecified</school_region><school_code>Unspecified</school_code><school_phone_number>Unspecified</school_phone_number><school_address>Unspecified</school_address><school_city>Unspecified</school_city><school_state>Unspecified</school_state><school_zip>Unspecified</school_zip><latitude>40.67222099149138</latitude><longitude>-73.87592118759893</longitude><location latitude="40.67222099149138" longitude="-73.87592118759893"/></row>