<?xml version="1.0" encoding="UTF-8"?>
<row _id="1481045" _uuid="036EA687-54DE-46DE-81ED-D474F26BA789" _address="http://data.cityofnewyork.us/resource/erm2-nwe9/1481045"><unique_key>19251328</unique_key><created_date year="2010" month="12" day="2">2010-12-02T00:00:00</created_date><closed_date year="2011" month="4" day="4">2011-04-04T00:00:00</closed_date><agency>DOB</agency><agency_name>Department of Buildings</agency_name><complaint_type>Building/Use</complaint_type><descriptor>Illegal Conversion Of Residential Building/Space</descriptor><incident_zip>11419</incident_zip><incident_address>101-56 130 STREET</incident_address><street_name>130 STREET</street_name><cross_street_1>101 AVENUE</cross_street_1><cross_street_2>103 AVENUE</cross_street_2><address_type>ADDRESS</address_type><city>SOUTH RICHMOND HILL</city><facility_type>N/A</facility_type><status>Assigned</status><resolution_action_updated_date year="2011" month="4" day="4">2011-04-04T00:00:00</resolution_action_updated_date><community_board>09 QUEENS</community_board><borough>QUEENS</borough><x_coordinate_state_plane_>1035142</x_coordinate_state_plane_><y_coordinate_state_plane_>191192</y_coordinate_state_plane_><park_facility_name>Unspecified</park_facility_name><park_borough>QUEENS</park_borough><school_name>Unspecified</school_name><school_number>Unspecified</school_number><school_region>Unspecified</school_region><school_code>Unspecified</school_code><school_phone_number>Unspecified</school_phone_number><school_address>Unspecified</school_address><school_city>Unspecified</school_city><school_state>Unspecified</school_state><school_zip>Unspecified</school_zip><latitude>40.69130832534104</latitude><longitude>-73.8164842354731</longitude><location latitude="40.69130832534104" longitude="-73.8164842354731"/></row>