<?xml version="1.0" encoding="UTF-8"?>
<row _id="257535" _uuid="036FAE89-257E-488D-A8E6-D503E083849F" _address="http://data.cityofnewyork.us/resource/erm2-nwe9/257535"><unique_key>16119855</unique_key><created_date year="2010" month="3" day="2">2010-03-02T00:00:00</created_date><closed_date year="2010" month="3" day="9">2010-03-09T00:00:00</closed_date><agency>HPD</agency><agency_name>Department of Housing Preservation and Development</agency_name><complaint_type>PAINT - PLASTER</complaint_type><descriptor>CEILING</descriptor><location_type>RESIDENTIAL BUILDING</location_type><incident_zip>11221</incident_zip><incident_address>140 GROVE STREET</incident_address><street_name>GROVE STREET</street_name><cross_street_1>EVERGREEN AVENUE</cross_street_1><cross_street_2>CENTRAL AVENUE</cross_street_2><address_type>ADDRESS</address_type><city>BROOKLYN</city><facility_type>N/A</facility_type><status>Closed</status><resolution_action_updated_date year="2010" month="3" day="9">2010-03-09T00:00:00</resolution_action_updated_date><community_board>0 Unspecified</community_board><borough>Unspecified</borough><x_coordinate_state_plane_>1006453</x_coordinate_state_plane_><y_coordinate_state_plane_>192144</y_coordinate_state_plane_><park_facility_name>Unspecified</park_facility_name><park_borough>Unspecified</park_borough><school_name>Unspecified</school_name><school_number>Unspecified</school_number><school_region>Unspecified</school_region><school_code>Unspecified</school_code><school_phone_number>Unspecified</school_phone_number><school_address>Unspecified</school_address><school_city>Unspecified</school_city><school_state>Unspecified</school_state><school_zip>Unspecified</school_zip><latitude>40.69403981532836</latitude><longitude>-73.91993309292769</longitude><location latitude="40.69403981532836" longitude="-73.91993309292769"/></row>