<?xml version="1.0" encoding="UTF-8"?>
<row _id="257630" _uuid="03715CD1-6355-40F3-8599-6CBA888E42DA" _address="http://data.cityofnewyork.us/resource/erm2-nwe9/257630"><unique_key>16120529</unique_key><created_date year="2010" month="3" day="2">2010-03-02T00:00:00</created_date><closed_date year="2010" month="4" day="14">2010-04-14T00:00:00</closed_date><agency>DOT</agency><agency_name>Department of Transportation</agency_name><complaint_type>Street Light Condition</complaint_type><descriptor>Street Light Out</descriptor><incident_zip>11220</incident_zip><intersection_street_1>48 STREET</intersection_street_1><intersection_street_2>5 AVENUE</intersection_street_2><address_type>INTERSECTION</address_type><city>BROOKLYN</city><facility_type>N/A</facility_type><status>Closed</status><resolution_action_updated_date year="2010" month="4" day="14">2010-04-14T00:00:00</resolution_action_updated_date><community_board>07 BROOKLYN</community_board><borough>BROOKLYN</borough><x_coordinate_state_plane_>981710</x_coordinate_state_plane_><y_coordinate_state_plane_>174714</y_coordinate_state_plane_><park_facility_name>Unspecified</park_facility_name><park_borough>BROOKLYN</park_borough><school_name>Unspecified</school_name><school_number>Unspecified</school_number><school_region>Unspecified</school_region><school_code>Unspecified</school_code><school_phone_number>Unspecified</school_phone_number><school_address>Unspecified</school_address><school_city>Unspecified</school_city><school_state>Unspecified</school_state><school_zip>Unspecified</school_zip><latitude>40.64622585021083</latitude><longitude>-74.00915300534044</longitude><location latitude="40.64622585021083" longitude="-74.00915300534044"/></row>