<?xml version="1.0" encoding="UTF-8"?>
<row _id="1482173" _uuid="0373A3BB-1763-4225-BDD1-3D15D4B0338A" _address="http://data.cityofnewyork.us/resource/erm2-nwe9/1482173"><unique_key>19251946</unique_key><created_date year="2010" month="12" day="2">2010-12-02T00:00:00</created_date><closed_date year="2011" month="1" day="14">2011-01-14T00:00:00</closed_date><agency>DOB</agency><agency_name>Department of Buildings</agency_name><complaint_type>Building/Use</complaint_type><descriptor>Illegal Conversion Of Residential Building/Space</descriptor><incident_zip>10036</incident_zip><incident_address>228 WEST 47 STREET</incident_address><street_name>WEST 47 STREET</street_name><cross_street_1>BROADWAY</cross_street_1><cross_street_2>8 AVENUE</cross_street_2><address_type>ADDRESS</address_type><city>NEW YORK</city><facility_type>N/A</facility_type><status>Closed</status><resolution_action_updated_date year="2011" month="1" day="14">2011-01-14T00:00:00</resolution_action_updated_date><community_board>05 MANHATTAN</community_board><borough>MANHATTAN</borough><x_coordinate_state_plane_>988166</x_coordinate_state_plane_><y_coordinate_state_plane_>216063</y_coordinate_state_plane_><park_facility_name>Unspecified</park_facility_name><park_borough>MANHATTAN</park_borough><school_name>Unspecified</school_name><school_number>Unspecified</school_number><school_region>Unspecified</school_region><school_code>Unspecified</school_code><school_phone_number>Unspecified</school_phone_number><school_address>Unspecified</school_address><school_city>Unspecified</school_city><school_state>Unspecified</school_state><school_zip>Unspecified</school_zip><latitude>40.75971862819378</latitude><longitude>-73.9858644716955</longitude><location latitude="40.75971862819378" longitude="-73.9858644716955"/></row>