<?xml version="1.0" encoding="UTF-8"?>
<row _id="791483" _uuid="037529BE-14BA-432A-9CB8-2C26DF9750F6" _address="http://data.cityofnewyork.us/resource/erm2-nwe9/791483"><unique_key>17567306</unique_key><created_date year="2010" month="7" day="2">2010-07-02T00:00:00</created_date><closed_date year="2010" month="7" day="8">2010-07-08T00:00:00</closed_date><agency>DOT</agency><agency_name>Department of Transportation</agency_name><complaint_type>Broken Muni Meter</complaint_type><descriptor>No Receipt</descriptor><location_type>Street</location_type><incident_zip>10019</incident_zip><incident_address>200 WEST 55 STREET</incident_address><street_name>WEST 55 STREET</street_name><cross_street_1>7 AVENUE</cross_street_1><cross_street_2>BROADWAY</cross_street_2><address_type>ADDRESS</address_type><city>NEW YORK</city><facility_type>N/A</facility_type><status>Closed</status><due_date>2010-07-16T00:00:00</due_date><resolution_action_updated_date year="2010" month="7" day="8">2010-07-08T00:00:00</resolution_action_updated_date><community_board>05 MANHATTAN</community_board><borough>MANHATTAN</borough><x_coordinate_state_plane_>989466</x_coordinate_state_plane_><y_coordinate_state_plane_>217729</y_coordinate_state_plane_><park_facility_name>Unspecified</park_facility_name><park_borough>MANHATTAN</park_borough><school_name>Unspecified</school_name><school_number>Unspecified</school_number><school_region>Unspecified</school_region><school_code>Unspecified</school_code><school_phone_number>Unspecified</school_phone_number><school_address>Unspecified</school_address><school_city>Unspecified</school_city><school_state>Unspecified</school_state><school_zip>Unspecified</school_zip><school_not_found>N</school_not_found><latitude>40.764290698378126</latitude><longitude>-73.9811705880306</longitude><location latitude="40.764290698378126" longitude="-73.9811705880306"/></row>