<?xml version="1.0" encoding="UTF-8"?>
<row _id="1480856" _uuid="037CD3BC-C0FC-484F-9D23-B2606F6961B1" _address="http://data.cityofnewyork.us/resource/erm2-nwe9/1480856"><unique_key>19250762</unique_key><created_date year="2010" month="12" day="2">2010-12-02T00:00:00</created_date><closed_date year="2010" month="12" day="2">2010-12-02T00:00:00</closed_date><agency>DOT</agency><agency_name>Department of Transportation</agency_name><complaint_type>Traffic Signal Condition</complaint_type><descriptor>Controller</descriptor><intersection_street_1>LACONIA AVE</intersection_street_1><intersection_street_2>222 ST E</intersection_street_2><address_type>INTERSECTION</address_type><facility_type>N/A</facility_type><status>Closed</status><resolution_action_updated_date year="2010" month="12" day="2">2010-12-02T00:00:00</resolution_action_updated_date><community_board>Unspecified BRONX</community_board><borough>BRONX</borough><park_facility_name>Unspecified</park_facility_name><park_borough>BRONX</park_borough><school_name>Unspecified</school_name><school_number>Unspecified</school_number><school_region>Unspecified</school_region><school_code>Unspecified</school_code><school_phone_number>Unspecified</school_phone_number><school_address>Unspecified</school_address><school_city>Unspecified</school_city><school_state>Unspecified</school_state><school_zip>Unspecified</school_zip></row>