<?xml version="1.0" encoding="UTF-8"?>
<row _id="3210542" _uuid="037E0A20-CEA9-4804-84FC-D0E2717FE4BF" _address="http://data.cityofnewyork.us/resource/erm2-nwe9/3210542"><unique_key>22247342</unique_key><created_date year="2011" month="12" day="2">2011-12-02T00:00:00</created_date><closed_date year="2011" month="12" day="6">2011-12-06T00:00:00</closed_date><agency>DOT</agency><agency_name>Department of Transportation</agency_name><complaint_type>Street Condition</complaint_type><descriptor>Cave-in</descriptor><location_type>Street</location_type><incident_zip>10027</incident_zip><intersection_street_1>WEST  116 STREET</intersection_street_1><intersection_street_2>BROADWAY</intersection_street_2><address_type>INTERSECTION</address_type><city>NEW YORK</city><facility_type>N/A</facility_type><status>Closed</status><due_date>2011-12-12T00:00:00</due_date><resolution_action_updated_date year="2011" month="12" day="6">2011-12-06T00:00:00</resolution_action_updated_date><community_board>09 MANHATTAN</community_board><borough>MANHATTAN</borough><x_coordinate_state_plane_>994244</x_coordinate_state_plane_><y_coordinate_state_plane_>233656</y_coordinate_state_plane_><park_facility_name>Unspecified</park_facility_name><park_borough>MANHATTAN</park_borough><school_name>Unspecified</school_name><school_number>Unspecified</school_number><school_region>Unspecified</school_region><school_code>Unspecified</school_code><school_phone_number>Unspecified</school_phone_number><school_address>Unspecified</school_address><school_city>Unspecified</school_city><school_state>Unspecified</school_state><school_zip>Unspecified</school_zip><school_not_found>N</school_not_found><latitude>40.808001944384515</latitude><longitude>-73.96389863279262</longitude><location latitude="40.808001944384515" longitude="-73.96389863279262"/></row>