<?xml version="1.0" encoding="UTF-8"?>
<row _id="3209205" _uuid="03852FA6-4031-434F-8695-F8F87C98849E" _address="http://data.cityofnewyork.us/resource/erm2-nwe9/3209205"><unique_key>22244064</unique_key><created_date year="2011" month="12" day="2">2011-12-02T00:00:00</created_date><closed_date year="2011" month="12" day="2">2011-12-02T00:00:00</closed_date><agency>DSNY</agency><agency_name>BCC - Brooklyn South</agency_name><complaint_type>Missed Collection (All Materials)</complaint_type><descriptor>1RG Missed Recycling Paper</descriptor><location_type>Sidewalk</location_type><incident_zip>11215</incident_zip><incident_address>195 8 STREET</incident_address><street_name>8 STREET</street_name><cross_street_1>3 AVENUE</cross_street_1><cross_street_2>4 AVENUE</cross_street_2><address_type>ADDRESS</address_type><city>BROOKLYN</city><facility_type>DSNY Garage</facility_type><status>Closed</status><resolution_action_updated_date year="2011" month="12" day="2">2011-12-02T00:00:00</resolution_action_updated_date><community_board>06 BROOKLYN</community_board><borough>BROOKLYN</borough><x_coordinate_state_plane_>987299</x_coordinate_state_plane_><y_coordinate_state_plane_>183868</y_coordinate_state_plane_><park_facility_name>Unspecified</park_facility_name><park_borough>BROOKLYN</park_borough><school_name>Unspecified</school_name><school_number>Unspecified</school_number><school_region>Unspecified</school_region><school_code>Unspecified</school_code><school_phone_number>Unspecified</school_phone_number><school_address>Unspecified</school_address><school_city>Unspecified</school_city><school_state>Unspecified</school_state><school_zip>Unspecified</school_zip><latitude>40.671351406537724</latitude><longitude>-73.98900865100558</longitude><location latitude="40.671351406537724" longitude="-73.98900865100558"/></row>