<?xml version="1.0" encoding="UTF-8"?>
<row _id="540146" _uuid="03858F84-85CA-4877-A412-E8FA2FE23F8A" _address="http://data.cityofnewyork.us/resource/erm2-nwe9/540146"><unique_key>16761093</unique_key><created_date year="2010" month="5" day="29">2010-05-29T00:00:00</created_date><closed_date year="2010" month="6" day="3">2010-06-03T00:00:00</closed_date><agency>HPD</agency><agency_name>Department of Housing Preservation and Development</agency_name><complaint_type>NONCONST</complaint_type><descriptor>VERMIN</descriptor><location_type>RESIDENTIAL BUILDING</location_type><incident_zip>11220</incident_zip><incident_address>5224 8 AVENUE</incident_address><street_name>8 AVENUE</street_name><cross_street_1>52 STREET</cross_street_1><cross_street_2>53 STREET</cross_street_2><address_type>ADDRESS</address_type><city>BROOKLYN</city><facility_type>N/A</facility_type><status>Closed</status><resolution_action_updated_date year="2010" month="6" day="3">2010-06-03T00:00:00</resolution_action_updated_date><community_board>0 Unspecified</community_board><borough>Unspecified</borough><x_coordinate_state_plane_>982843</x_coordinate_state_plane_><y_coordinate_state_plane_>172380</y_coordinate_state_plane_><park_facility_name>Unspecified</park_facility_name><park_borough>Unspecified</park_borough><school_name>Unspecified</school_name><school_number>Unspecified</school_number><school_region>Unspecified</school_region><school_code>Unspecified</school_code><school_phone_number>Unspecified</school_phone_number><school_address>Unspecified</school_address><school_city>Unspecified</school_city><school_state>Unspecified</school_state><school_zip>Unspecified</school_zip><latitude>40.63981977441617</latitude><longitude>-74.00506970163516</longitude><location latitude="40.63981977441617" longitude="-74.00506970163516"/></row>