<?xml version="1.0" encoding="UTF-8"?>
<row _id="4340893" _uuid="038B0317-F741-4667-99ED-1F8755181AAB" _address="http://data.cityofnewyork.us/resource/erm2-nwe9/4340893"><unique_key>23730240</unique_key><created_date year="2012" month="8" day="2">2012-08-02T00:00:00</created_date><closed_date year="2012" month="8" day="6">2012-08-06T00:00:00</closed_date><agency>HPD</agency><agency_name>Department of Housing Preservation and Development</agency_name><complaint_type>PAINT - PLASTER</complaint_type><descriptor>WALLS</descriptor><location_type>RESIDENTIAL BUILDING</location_type><incident_zip>10466</incident_zip><incident_address>642 EAST 233 STREET</incident_address><street_name>EAST 233 STREET</street_name><cross_street_1>CARPENTER AVENUE</cross_street_1><cross_street_2>WHITE PLAINS ROAD</cross_street_2><address_type>ADDRESS</address_type><city>BRONX</city><facility_type>N/A</facility_type><status>Closed</status><resolution_action_updated_date year="2012" month="8" day="6">2012-08-06T00:00:00</resolution_action_updated_date><community_board>12 BRONX</community_board><borough>BRONX</borough><x_coordinate_state_plane_>1023156</x_coordinate_state_plane_><y_coordinate_state_plane_>265015</y_coordinate_state_plane_><park_facility_name>Unspecified</park_facility_name><park_borough>BRONX</park_borough><school_name>Unspecified</school_name><school_number>Unspecified</school_number><school_region>Unspecified</school_region><school_code>Unspecified</school_code><school_phone_number>Unspecified</school_phone_number><school_address>Unspecified</school_address><school_city>Unspecified</school_city><school_state>Unspecified</school_state><school_zip>Unspecified</school_zip><latitude>40.89399297678001</latitude><longitude>-73.8592778315909</longitude><location latitude="40.89399297678001" longitude="-73.8592778315909"/></row>