<?xml version="1.0" encoding="UTF-8"?>
<row _id="3951623" _uuid="038F5B11-9243-4ED1-8054-233E424888E4" _address="http://data.cityofnewyork.us/resource/erm2-nwe9/3951623"><unique_key>23158561</unique_key><created_date year="2012" month="5" day="2">2012-05-02T00:00:00</created_date><closed_date year="2012" month="5" day="2">2012-05-02T00:00:00</closed_date><agency>NYPD</agency><agency_name>New York City Police Department</agency_name><complaint_type>Derelict Vehicle</complaint_type><descriptor>With License Plate</descriptor><location_type>Street/Sidewalk</location_type><incident_zip>11426</incident_zip><incident_address>244-50 88 AVENUE</incident_address><street_name>88 AVENUE</street_name><cross_street_1>CROSS ISLAND PARKWAY</cross_street_1><cross_street_2>247 STREET</cross_street_2><address_type>ADDRESS</address_type><city>BELLEROSE</city><facility_type>Precinct</facility_type><status>Closed</status><due_date>2012-05-03T00:00:00</due_date><resolution_action_updated_date year="2012" month="5" day="2">2012-05-02T00:00:00</resolution_action_updated_date><community_board>13 QUEENS</community_board><borough>QUEENS</borough><x_coordinate_state_plane_>1061094</x_coordinate_state_plane_><y_coordinate_state_plane_>205189</y_coordinate_state_plane_><park_facility_name>Unspecified</park_facility_name><park_borough>QUEENS</park_borough><school_name>Unspecified</school_name><school_number>Unspecified</school_number><school_region>Unspecified</school_region><school_code>Unspecified</school_code><school_phone_number>Unspecified</school_phone_number><school_address>Unspecified</school_address><school_city>Unspecified</school_city><school_state>Unspecified</school_state><school_zip>Unspecified</school_zip><school_not_found>N</school_not_found><latitude>40.72953929455311</latitude><longitude>-73.72274249073668</longitude><location latitude="40.72953929455311" longitude="-73.72274249073668"/></row>