<?xml version="1.0" encoding="UTF-8"?>
<row _id="4204138" _uuid="0390D973-4B58-4349-9AC9-D0BDF6B3A9DF" _address="http://data.cityofnewyork.us/resource/erm2-nwe9/4204138"><unique_key>23540713</unique_key><created_date year="2012" month="7" day="2">2012-07-02T00:00:00</created_date><agency>DOHMH</agency><agency_name>Department of Health and Mental Hygiene</agency_name><complaint_type>Unsanitary Animal Pvt Property</complaint_type><descriptor>Animal Waste</descriptor><location_type>1-2 Family Dwelling</location_type><incident_zip>11433</incident_zip><incident_address>110-35 156 STREET</incident_address><street_name>156 STREET</street_name><cross_street_1>BRINKERHOFF AVENUE</cross_street_1><cross_street_2>111 AVENUE</cross_street_2><address_type>ADDRESS</address_type><city>JAMAICA</city><facility_type>N/A</facility_type><status>Pending</status><due_date>2012-08-01T00:00:00</due_date><resolution_action_updated_date year="2012" month="7" day="2">2012-07-02T00:00:00</resolution_action_updated_date><community_board>12 QUEENS</community_board><borough>QUEENS</borough><x_coordinate_state_plane_>1041505</x_coordinate_state_plane_><y_coordinate_state_plane_>190956</y_coordinate_state_plane_><park_facility_name>Unspecified</park_facility_name><park_borough>QUEENS</park_borough><school_name>Unspecified</school_name><school_number>Unspecified</school_number><school_region>Unspecified</school_region><school_code>Unspecified</school_code><school_phone_number>Unspecified</school_phone_number><school_address>Unspecified</school_address><school_city>Unspecified</school_city><school_state>Unspecified</school_state><school_zip>Unspecified</school_zip><school_not_found>N</school_not_found><latitude>40.69062168520853</latitude><longitude>-73.79354144193576</longitude><location latitude="40.69062168520853" longitude="-73.79354144193576"/></row>