<?xml version="1.0" encoding="UTF-8"?>
<row _id="540830" _uuid="03949239-DF43-4F5E-B398-1F7326A419EF" _address="http://data.cityofnewyork.us/resource/erm2-nwe9/540830"><unique_key>16761224</unique_key><created_date year="2010" month="5" day="29">2010-05-29T00:00:00</created_date><closed_date year="2010" month="9" day="29">2010-09-29T00:00:00</closed_date><agency>DOB</agency><agency_name>Department of Buildings</agency_name><complaint_type>Building/Use</complaint_type><descriptor>Illegal Conversion Of Residential Building/Space</descriptor><incident_zip>11355</incident_zip><incident_address>142-20 LABURNUM AVENUE</incident_address><street_name>LABURNUM AVENUE</street_name><cross_street_1>ROBINSON STREET</cross_street_1><cross_street_2>BOWNE STREET</cross_street_2><address_type>ADDRESS</address_type><city>FLUSHING</city><facility_type>N/A</facility_type><status>Closed</status><resolution_action_updated_date year="2010" month="9" day="29">2010-09-29T00:00:00</resolution_action_updated_date><community_board>07 QUEENS</community_board><borough>QUEENS</borough><x_coordinate_state_plane_>1035343</x_coordinate_state_plane_><y_coordinate_state_plane_>212787</y_coordinate_state_plane_><park_facility_name>Unspecified</park_facility_name><park_borough>QUEENS</park_borough><school_name>Unspecified</school_name><school_number>Unspecified</school_number><school_region>Unspecified</school_region><school_code>Unspecified</school_code><school_phone_number>Unspecified</school_phone_number><school_address>Unspecified</school_address><school_city>Unspecified</school_city><school_state>Unspecified</school_state><school_zip>Unspecified</school_zip><latitude>40.75058009905119</latitude><longitude>-73.81559550505212</longitude><location latitude="40.75058009905119" longitude="-73.81559550505212"/></row>