<?xml version="1.0" encoding="UTF-8"?>
<row _id="542294" _uuid="039522EA-3EC7-422E-8B79-0A74425E2B4F" _address="http://data.cityofnewyork.us/resource/erm2-nwe9/542294"><unique_key>16573224</unique_key><created_date year="2010" month="5" day="3">2010-05-03T00:00:00</created_date><closed_date year="2010" month="5" day="3">2010-05-03T00:00:00</closed_date><agency>DOB</agency><agency_name>Department of Buildings</agency_name><complaint_type>General Construction/Plumbing</complaint_type><descriptor>Adjacent Buildings Not Protected</descriptor><incident_zip>11220</incident_zip><incident_address>844 55 STREET</incident_address><street_name>55 STREET</street_name><cross_street_1>8 AVENUE</cross_street_1><cross_street_2>9 AVENUE</cross_street_2><address_type>ADDRESS</address_type><city>BROOKLYN</city><facility_type>N/A</facility_type><status>Closed</status><resolution_action_updated_date year="2010" month="5" day="3">2010-05-03T00:00:00</resolution_action_updated_date><community_board>12 BROOKLYN</community_board><borough>BROOKLYN</borough><x_coordinate_state_plane_>982694</x_coordinate_state_plane_><y_coordinate_state_plane_>171604</y_coordinate_state_plane_><park_facility_name>Unspecified</park_facility_name><park_borough>BROOKLYN</park_borough><school_name>Unspecified</school_name><school_number>Unspecified</school_number><school_region>Unspecified</school_region><school_code>Unspecified</school_code><school_phone_number>Unspecified</school_phone_number><school_address>Unspecified</school_address><school_city>Unspecified</school_city><school_state>Unspecified</school_state><school_zip>Unspecified</school_zip><latitude>40.63768979530435</latitude><longitude>-74.00560639939783</longitude><location latitude="40.63768979530435" longitude="-74.00560639939783"/></row>