<?xml version="1.0" encoding="UTF-8"?>
<row _id="1481787" _uuid="03960877-FCD2-44C7-A29E-2CE15719EB47" _address="http://data.cityofnewyork.us/resource/erm2-nwe9/1481787"><unique_key>19248041</unique_key><created_date year="2010" month="12" day="2">2010-12-02T00:00:00</created_date><agency>HPD</agency><agency_name>Department of Housing Preservation and Development</agency_name><complaint_type>GENERAL CONSTRUCTION</complaint_type><descriptor>FLOOR</descriptor><location_type>RESIDENTIAL BUILDING</location_type><incident_zip>11231</incident_zip><incident_address>131 COLUMBIA STREET</incident_address><street_name>COLUMBIA STREET</street_name><cross_street_1>KANE STREET</cross_street_1><cross_street_2>IRVING STREET</cross_street_2><address_type>ADDRESS</address_type><city>BROOKLYN</city><facility_type>N/A</facility_type><status>Open</status><resolution_action_updated_date year="2011" month="3" day="9">2011-03-09T00:00:00</resolution_action_updated_date><community_board>0 Unspecified</community_board><borough>Unspecified</borough><x_coordinate_state_plane_>983810</x_coordinate_state_plane_><y_coordinate_state_plane_>189683</y_coordinate_state_plane_><park_facility_name>Unspecified</park_facility_name><park_borough>Unspecified</park_borough><school_name>Unspecified</school_name><school_number>Unspecified</school_number><school_region>Unspecified</school_region><school_code>Unspecified</school_code><school_phone_number>Unspecified</school_phone_number><school_address>Unspecified</school_address><school_city>Unspecified</school_city><school_state>Unspecified</school_state><school_zip>Unspecified</school_zip><latitude>40.68731277807763</latitude><longitude>-74.00158653695894</longitude><location latitude="40.68731277807763" longitude="-74.00158653695894"/></row>