<?xml version="1.0" encoding="UTF-8"?>
<row _id="1873386" _uuid="03A2C3DA-730F-4497-A99B-5E2E2B1506DF" _address="http://data.cityofnewyork.us/resource/erm2-nwe9/1873386"><unique_key>20042904</unique_key><created_date year="2011" month="3" day="16">2011-03-16T00:00:00</created_date><closed_date year="2011" month="3" day="16">2011-03-16T00:00:00</closed_date><agency>DOT</agency><agency_name>Department of Transportation</agency_name><complaint_type>Street Light Condition</complaint_type><descriptor>Street Light Out</descriptor><incident_zip>11217</incident_zip><intersection_street_1>ATLANTIC AVENUE</intersection_street_1><intersection_street_2>FORT GREENE PLACE</intersection_street_2><address_type>INTERSECTION</address_type><city>BROOKLYN</city><facility_type>N/A</facility_type><status>Closed</status><resolution_action_updated_date year="2011" month="3" day="15">2011-03-15T00:00:00</resolution_action_updated_date><community_board>02 BROOKLYN</community_board><borough>BROOKLYN</borough><x_coordinate_state_plane_>990919</x_coordinate_state_plane_><y_coordinate_state_plane_>188286</y_coordinate_state_plane_><park_facility_name>Unspecified</park_facility_name><park_borough>BROOKLYN</park_borough><school_name>Unspecified</school_name><school_number>Unspecified</school_number><school_region>Unspecified</school_region><school_code>Unspecified</school_code><school_phone_number>Unspecified</school_phone_number><school_address>Unspecified</school_address><school_city>Unspecified</school_city><school_state>Unspecified</school_state><school_zip>Unspecified</school_zip><latitude>40.68347583104558</latitude><longitude>-73.9759545311042</longitude><location latitude="40.68347583104558" longitude="-73.9759545311042"/></row>