<?xml version="1.0" encoding="UTF-8"?>
<row _id="37" _uuid="03A58E5E-934F-4EB8-BAAB-6DD75595C558" _address="http://data.cityofnewyork.us/resource/erm2-nwe9/37"><unique_key>20428317</unique_key><created_date year="2011" month="5" day="13">2011-05-13T00:00:00</created_date><closed_date year="2011" month="5" day="23">2011-05-23T00:00:00</closed_date><agency>DOT</agency><agency_name>Department of Transportation</agency_name><complaint_type>Street Condition</complaint_type><descriptor>Failed Street Repair</descriptor><location_type>Street</location_type><incident_zip>11204</incident_zip><incident_address>1636 59 STREET</incident_address><street_name>59 STREET</street_name><cross_street_1>LONG ISLAND RR</cross_street_1><cross_street_2>17 AVENUE</cross_street_2><address_type>ADDRESS</address_type><city>BROOKLYN</city><facility_type>N/A</facility_type><status>Closed</status><due_date>2011-08-11T00:00:00</due_date><resolution_action_updated_date year="2011" month="5" day="23">2011-05-23T00:00:00</resolution_action_updated_date><community_board>12 BROOKLYN</community_board><borough>BROOKLYN</borough><x_coordinate_state_plane_>986904</x_coordinate_state_plane_><y_coordinate_state_plane_>166938</y_coordinate_state_plane_><park_facility_name>Unspecified</park_facility_name><park_borough>BROOKLYN</park_borough><school_name>Unspecified</school_name><school_number>Unspecified</school_number><school_region>Unspecified</school_region><school_code>Unspecified</school_code><school_phone_number>Unspecified</school_phone_number><school_address>Unspecified</school_address><school_city>Unspecified</school_city><school_state>Unspecified</school_state><school_zip>Unspecified</school_zip><school_not_found>N</school_not_found><latitude>40.624882351053174</latitude><longitude>-73.99043924884104</longitude><location latitude="40.624882351053174" longitude="-73.99043924884104"/></row>