<?xml version="1.0" encoding="UTF-8"?>
<row _id="257691" _uuid="03AD9548-6F42-4363-8FD1-3197A3B865A8" _address="http://data.cityofnewyork.us/resource/erm2-nwe9/257691"><unique_key>16120870</unique_key><created_date year="2010" month="3" day="2">2010-03-02T00:00:00</created_date><closed_date year="2010" month="4" day="21">2010-04-21T00:00:00</closed_date><agency>HPD</agency><agency_name>Department of Housing Preservation and Development</agency_name><complaint_type>GENERAL CONSTRUCTION</complaint_type><descriptor>DOORS</descriptor><location_type>RESIDENTIAL BUILDING</location_type><incident_zip>10457</incident_zip><incident_address>306 EAST 180 STREET</incident_address><street_name>EAST 180 STREET</street_name><cross_street_1>VALENTINE AVENUE</cross_street_1><cross_street_2>TIEBOUT AVENUE</cross_street_2><address_type>ADDRESS</address_type><city>BRONX</city><facility_type>N/A</facility_type><status>Closed</status><resolution_action_updated_date year="2010" month="4" day="21">2010-04-21T00:00:00</resolution_action_updated_date><community_board>0 Unspecified</community_board><borough>Unspecified</borough><x_coordinate_state_plane_>1011986</x_coordinate_state_plane_><y_coordinate_state_plane_>249850</y_coordinate_state_plane_><park_facility_name>Unspecified</park_facility_name><park_borough>Unspecified</park_borough><school_name>Unspecified</school_name><school_number>Unspecified</school_number><school_region>Unspecified</school_region><school_code>Unspecified</school_code><school_phone_number>Unspecified</school_phone_number><school_address>Unspecified</school_address><school_city>Unspecified</school_city><school_state>Unspecified</school_state><school_zip>Unspecified</school_zip><latitude>40.85241191961306</latitude><longitude>-73.89974221906522</longitude><location latitude="40.85241191961306" longitude="-73.89974221906522"/></row>