<?xml version="1.0" encoding="UTF-8"?>
<row _id="3952094" _uuid="03AEAF64-2C44-480C-9BC5-DCF4EEB7A39A" _address="http://data.cityofnewyork.us/resource/erm2-nwe9/3952094"><unique_key>23158185</unique_key><created_date year="2012" month="5" day="2">2012-05-02T00:00:00</created_date><closed_date year="2012" month="6" day="26">2012-06-26T00:00:00</closed_date><agency>DSNY</agency><agency_name>Department of Sanitation</agency_name><complaint_type>Graffiti</complaint_type><descriptor>Graffiti</descriptor><location_type>Comercial</location_type><incident_zip>11377</incident_zip><incident_address>67-02 QUEENS BOULEVARD</incident_address><street_name>QUEENS BOULEVARD</street_name><cross_street_1>LAUREL HILL BOULEVARD</cross_street_1><cross_street_2>67 STREET</cross_street_2><address_type>ADDRESS</address_type><city>WOODSIDE</city><facility_type>N/A</facility_type><status>Closed</status><resolution_action_updated_date year="2012" month="7" day="10">2012-07-10T00:00:00</resolution_action_updated_date><community_board>02 QUEENS</community_board><borough>QUEENS</borough><x_coordinate_state_plane_>1012623</x_coordinate_state_plane_><y_coordinate_state_plane_>209109</y_coordinate_state_plane_><park_facility_name>Unspecified</park_facility_name><park_borough>QUEENS</park_borough><school_name>Unspecified</school_name><school_number>Unspecified</school_number><school_region>Unspecified</school_region><school_code>Unspecified</school_code><school_phone_number>Unspecified</school_phone_number><school_address>Unspecified</school_address><school_city>Unspecified</school_city><school_state>Unspecified</school_state><school_zip>Unspecified</school_zip><latitude>40.74058700737317</latitude><longitude>-73.89761178012394</longitude><location latitude="40.74058700737317" longitude="-73.89761178012394"/></row>