<?xml version="1.0" encoding="UTF-8"?>
<row _id="1634537" _uuid="03B14F3C-7E52-425D-8B2B-0357598C92A5" _address="http://data.cityofnewyork.us/resource/erm2-nwe9/1634537"><unique_key>19512663</unique_key><created_date year="2011" month="1" day="2">2011-01-02T00:00:00</created_date><closed_date year="2010" month="12" day="13">2010-12-13T00:00:00</closed_date><agency>DOHMH</agency><agency_name>Department of Health and Mental Hygiene</agency_name><complaint_type>Rodent</complaint_type><descriptor>Condition Attracting Rodents</descriptor><location_type>3+ Family Apt. Building</location_type><incident_zip>10014</incident_zip><incident_address>57 LEROY STREET</incident_address><street_name>LEROY STREET</street_name><cross_street_1>7 AVENUE SOUTH</cross_street_1><cross_street_2>ST LUKE'S PLACE</cross_street_2><address_type>ADDRESS</address_type><city>NEW YORK</city><facility_type>N/A</facility_type><status>Pending</status><due_date>2011-02-01T00:00:00</due_date><resolution_action_updated_date year="2011" month="1" day="7">2011-01-07T00:00:00</resolution_action_updated_date><community_board>02 MANHATTAN</community_board><borough>MANHATTAN</borough><x_coordinate_state_plane_>982765</x_coordinate_state_plane_><y_coordinate_state_plane_>205288</y_coordinate_state_plane_><park_facility_name>Unspecified</park_facility_name><park_borough>MANHATTAN</park_borough><school_name>Unspecified</school_name><school_number>Unspecified</school_number><school_region>Unspecified</school_region><school_code>Unspecified</school_code><school_phone_number>Unspecified</school_phone_number><school_address>Unspecified</school_address><school_city>Unspecified</school_city><school_state>Unspecified</school_state><school_zip>Unspecified</school_zip><school_not_found>N</school_not_found><latitude>40.730144693459756</latitude><longitude>-74.00535800393772</longitude><location latitude="40.730144693459756" longitude="-74.00535800393772"/></row>