<?xml version="1.0" encoding="UTF-8"?>
<row _id="1482006" _uuid="03B40D88-DD0E-489B-BD56-35275AA080F8" _address="http://data.cityofnewyork.us/resource/erm2-nwe9/1482006"><unique_key>19250506</unique_key><created_date year="2010" month="12" day="3">2010-12-03T00:00:00</created_date><closed_date year="2010" month="12" day="3">2010-12-03T00:00:00</closed_date><agency>DOT</agency><agency_name>Department of Transportation</agency_name><complaint_type>Traffic Signal Condition</complaint_type><descriptor>LED Pedestrian Unit</descriptor><intersection_street_1>1 AVE</intersection_street_1><intersection_street_2>74 ST E</intersection_street_2><address_type>INTERSECTION</address_type><facility_type>N/A</facility_type><status>Closed</status><resolution_action_updated_date year="2010" month="12" day="3">2010-12-03T00:00:00</resolution_action_updated_date><community_board>Unspecified MANHATTAN</community_board><borough>MANHATTAN</borough><park_facility_name>Unspecified</park_facility_name><park_borough>MANHATTAN</park_borough><school_name>Unspecified</school_name><school_number>Unspecified</school_number><school_region>Unspecified</school_region><school_code>Unspecified</school_code><school_phone_number>Unspecified</school_phone_number><school_address>Unspecified</school_address><school_city>Unspecified</school_city><school_state>Unspecified</school_state><school_zip>Unspecified</school_zip></row>