<?xml version="1.0" encoding="UTF-8"?>
<row _id="4997649" _uuid="03B605BD-2BB4-49AD-A9FD-5C3E6D3BE76C" _address="http://data.cityofnewyork.us/resource/erm2-nwe9/4997649"><unique_key>24702605</unique_key><created_date year="2013" month="1" day="2">2013-01-02T00:00:00</created_date><agency>HPD</agency><agency_name>Department of Housing Preservation and Development</agency_name><complaint_type>PLUMBING</complaint_type><descriptor>WATER-LEAKS</descriptor><location_type>RESIDENTIAL BUILDING</location_type><incident_zip>11208</incident_zip><incident_address>1432 LORING AVENUE</incident_address><street_name>LORING AVENUE</street_name><cross_street_1>EMERALD STREET</cross_street_1><cross_street_2>AMBER STREET</cross_street_2><address_type>ADDRESS</address_type><city>BROOKLYN</city><facility_type>N/A</facility_type><status>Open</status><resolution_action_updated_date year="2013" month="1" day="2">2013-01-02T00:00:00</resolution_action_updated_date><community_board>05 BROOKLYN</community_board><borough>BROOKLYN</borough><x_coordinate_state_plane_>1023518</x_coordinate_state_plane_><y_coordinate_state_plane_>182814</y_coordinate_state_plane_><park_facility_name>Unspecified</park_facility_name><park_borough>BROOKLYN</park_borough><school_name>Unspecified</school_name><school_number>Unspecified</school_number><school_region>Unspecified</school_region><school_code>Unspecified</school_code><school_phone_number>Unspecified</school_phone_number><school_address>Unspecified</school_address><school_city>Unspecified</school_city><school_state>Unspecified</school_state><school_zip>Unspecified</school_zip><latitude>40.66837185302867</latitude><longitude>-73.85844893455756</longitude><location latitude="40.66837185302867" longitude="-73.85844893455756"/></row>