<?xml version="1.0" encoding="UTF-8"?>
<row _id="2588584" _uuid="03B9A1D8-9E1D-4CE5-9C76-0636B9D06B6B" _address="http://data.cityofnewyork.us/resource/erm2-nwe9/2588584"><unique_key>20756559</unique_key><created_date year="2011" month="7" day="2">2011-07-02T00:00:00</created_date><closed_date year="2011" month="7" day="5">2011-07-05T00:00:00</closed_date><agency>DOT</agency><agency_name>Department of Transportation</agency_name><complaint_type>Broken Muni Meter</complaint_type><descriptor>No Receipt</descriptor><location_type>Street</location_type><incident_zip>11375</incident_zip><intersection_street_1>72 DRIVE</intersection_street_1><intersection_street_2>ASCAN AVENUE</intersection_street_2><address_type>INTERSECTION</address_type><city>FOREST HILLS</city><facility_type>N/A</facility_type><status>Closed</status><due_date>2011-07-16T00:00:00</due_date><resolution_action_updated_date year="2011" month="7" day="5">2011-07-05T00:00:00</resolution_action_updated_date><community_board>06 QUEENS</community_board><borough>QUEENS</borough><x_coordinate_state_plane_>1028665</x_coordinate_state_plane_><y_coordinate_state_plane_>201481</y_coordinate_state_plane_><park_facility_name>Unspecified</park_facility_name><park_borough>QUEENS</park_borough><school_name>Unspecified</school_name><school_number>Unspecified</school_number><school_region>Unspecified</school_region><school_code>Unspecified</school_code><school_phone_number>Unspecified</school_phone_number><school_address>Unspecified</school_address><school_city>Unspecified</school_city><school_state>Unspecified</school_state><school_zip>Unspecified</school_zip><school_not_found>N</school_not_found><latitude>40.719584033150895</latitude><longitude>-73.83977227669764</longitude><location latitude="40.719584033150895" longitude="-73.83977227669764"/></row>