<?xml version="1.0" encoding="UTF-8"?>
<row _id="1927141" _uuid="03BA28FA-6765-4060-872F-76E236388EE9" _address="http://data.cityofnewyork.us/resource/erm2-nwe9/1927141"><unique_key>19943873</unique_key><created_date year="2011" month="3" day="2">2011-03-02T00:00:00</created_date><closed_date year="2011" month="3" day="4">2011-03-04T00:00:00</closed_date><agency>DSNY</agency><agency_name>BCC - Manhattan</agency_name><complaint_type>Missed Collection (All Materials)</complaint_type><descriptor>1 Missed Collection</descriptor><location_type>Sidewalk</location_type><incident_zip>10002</incident_zip><incident_address>149 CANAL STREET</incident_address><street_name>CANAL STREET</street_name><cross_street_1>MANHATTAN BRIDGE</cross_street_1><cross_street_2>BOWERY</cross_street_2><address_type>ADDRESS</address_type><city>NEW YORK</city><facility_type>DSNY Garage</facility_type><status>Closed</status><resolution_action_updated_date year="2011" month="3" day="4">2011-03-04T00:00:00</resolution_action_updated_date><community_board>03 MANHATTAN</community_board><borough>MANHATTAN</borough><x_coordinate_state_plane_>985435</x_coordinate_state_plane_><y_coordinate_state_plane_>200318</y_coordinate_state_plane_><park_facility_name>Unspecified</park_facility_name><park_borough>MANHATTAN</park_borough><school_name>Unspecified</school_name><school_number>Unspecified</school_number><school_region>Unspecified</school_region><school_code>Unspecified</school_code><school_phone_number>Unspecified</school_phone_number><school_address>Unspecified</school_address><school_city>Unspecified</school_city><school_state>Unspecified</school_state><school_zip>Unspecified</school_zip><latitude>40.716503292080134</latitude><longitude>-73.99572529618001</longitude><location latitude="40.716503292080134" longitude="-73.99572529618001"/></row>