<?xml version="1.0" encoding="UTF-8"?>
<row _id="1629621" _uuid="03BB2865-746F-4524-8D0D-B3E2F7E6046C" _address="http://data.cityofnewyork.us/resource/erm2-nwe9/1629621"><unique_key>19510060</unique_key><created_date year="2011" month="1" day="2">2011-01-02T00:00:00</created_date><closed_date year="2011" month="1" day="10">2011-01-10T00:00:00</closed_date><agency>HPD</agency><agency_name>Department of Housing Preservation and Development</agency_name><complaint_type>NONCONST</complaint_type><descriptor>JANITOR-SUPER</descriptor><location_type>RESIDENTIAL BUILDING</location_type><incident_zip>11226</incident_zip><incident_address>650 EAST 21 STREET</incident_address><street_name>EAST 21 STREET</street_name><cross_street_1>NEWKIRK AVENUE</cross_street_1><cross_street_2>FOSTER AVENUE</cross_street_2><address_type>ADDRESS</address_type><city>BROOKLYN</city><facility_type>N/A</facility_type><status>Closed</status><resolution_action_updated_date year="2011" month="1" day="10">2011-01-10T00:00:00</resolution_action_updated_date><community_board>0 Unspecified</community_board><borough>Unspecified</borough><x_coordinate_state_plane_>996004</x_coordinate_state_plane_><y_coordinate_state_plane_>171670</y_coordinate_state_plane_><park_facility_name>Unspecified</park_facility_name><park_borough>Unspecified</park_borough><school_name>Unspecified</school_name><school_number>Unspecified</school_number><school_region>Unspecified</school_region><school_code>Unspecified</school_code><school_phone_number>Unspecified</school_phone_number><school_address>Unspecified</school_address><school_city>Unspecified</school_city><school_state>Unspecified</school_state><school_zip>Unspecified</school_zip><latitude>40.637863288961455</latitude><longitude>-73.9576492336935</longitude><location latitude="40.637863288961455" longitude="-73.9576492336935"/></row>