<?xml version="1.0" encoding="UTF-8"?>
<row _id="2721831" _uuid="03BD65BD-84BA-4151-8A5A-EDD99336AEB8" _address="http://data.cityofnewyork.us/resource/erm2-nwe9/2721831"><unique_key>20960258</unique_key><created_date year="2011" month="8" day="2">2011-08-02T00:00:00</created_date><closed_date year="2011" month="8" day="2">2011-08-02T00:00:00</closed_date><agency>DEP</agency><agency_name>Department of Environmental Protection</agency_name><complaint_type>Water System</complaint_type><descriptor>Hydrant Running (WC3)</descriptor><incident_zip>10031</incident_zip><cross_street_1>W 146 ST</cross_street_1><cross_street_2>BROADWAY</cross_street_2><intersection_street_1>WEST 146 STREET</intersection_street_1><intersection_street_2>BROADWAY</intersection_street_2><address_type>INTERSECTION</address_type><city>NEW YORK</city><facility_type>N/A</facility_type><status>Closed</status><resolution_action_updated_date year="2011" month="8" day="2">2011-08-02T00:00:00</resolution_action_updated_date><community_board>Unspecified MANHATTAN</community_board><borough>MANHATTAN</borough><x_coordinate_state_plane_>998100</x_coordinate_state_plane_><y_coordinate_state_plane_>240617</y_coordinate_state_plane_><park_facility_name>Unspecified</park_facility_name><park_borough>MANHATTAN</park_borough><school_name>Unspecified</school_name><school_number>Unspecified</school_number><school_region>Unspecified</school_region><school_code>Unspecified</school_code><school_phone_number>Unspecified</school_phone_number><school_address>Unspecified</school_address><school_city>Unspecified</school_city><school_state>Unspecified</school_state><school_zip>Unspecified</school_zip><latitude>40.82710272804978</latitude><longitude>-73.94995522516277</longitude><location latitude="40.82710272804978" longitude="-73.94995522516277"/></row>