<?xml version="1.0" encoding="UTF-8"?>
<row _id="2590028" _uuid="03C00874-1EBB-4103-9A4A-16BFF4B2CE7E" _address="http://data.cityofnewyork.us/resource/erm2-nwe9/2590028"><unique_key>20756917</unique_key><created_date year="2011" month="7" day="2">2011-07-02T00:00:00</created_date><closed_date year="2011" month="7" day="2">2011-07-02T00:00:00</closed_date><agency>NYPD</agency><agency_name>New York City Police Department</agency_name><complaint_type>Blocked Driveway</complaint_type><descriptor>Partial Access</descriptor><location_type>Street/Sidewalk</location_type><incident_zip>11220</incident_zip><incident_address>704 50 STREET</incident_address><street_name>50 STREET</street_name><cross_street_1>7 AVENUE</cross_street_1><cross_street_2>8 AVENUE</cross_street_2><address_type>ADDRESS</address_type><city>BROOKLYN</city><facility_type>Precinct</facility_type><status>Closed</status><due_date>2011-07-03T00:00:00</due_date><resolution_action_updated_date year="2011" month="7" day="2">2011-07-02T00:00:00</resolution_action_updated_date><community_board>07 BROOKLYN</community_board><borough>BROOKLYN</borough><x_coordinate_state_plane_>982664</x_coordinate_state_plane_><y_coordinate_state_plane_>173289</y_coordinate_state_plane_><park_facility_name>Unspecified</park_facility_name><park_borough>BROOKLYN</park_borough><school_name>Unspecified</school_name><school_number>Unspecified</school_number><school_region>Unspecified</school_region><school_code>Unspecified</school_code><school_phone_number>Unspecified</school_phone_number><school_address>Unspecified</school_address><school_city>Unspecified</school_city><school_state>Unspecified</school_state><school_zip>Unspecified</school_zip><school_not_found>N</school_not_found><latitude>40.64231475430773</latitude><longitude>-74.00571488801891</longitude><location latitude="40.64231475430773" longitude="-74.00571488801891"/></row>