<?xml version="1.0" encoding="UTF-8"?>
<row _id="542521" _uuid="03C12962-A27E-42CF-B229-0005FB1BE2CB" _address="http://data.cityofnewyork.us/resource/erm2-nwe9/542521"><unique_key>16567432</unique_key><created_date year="2010" month="5" day="3">2010-05-03T00:00:00</created_date><closed_date year="2010" month="5" day="12">2010-05-12T00:00:00</closed_date><agency>DOF</agency><agency_name>Refunds and Adjustments</agency_name><complaint_type>DOF Parking - Payment Issue</complaint_type><descriptor>Status of Refund</descriptor><location_type>N/A</location_type><facility_type>N/A</facility_type><status>Closed</status><due_date>2010-05-08T00:00:00</due_date><resolution_action_updated_date year="2010" month="5" day="12">2010-05-12T00:00:00</resolution_action_updated_date><community_board>0 Unspecified</community_board><borough>Unspecified</borough><park_facility_name>Unspecified</park_facility_name><park_borough>Unspecified</park_borough><school_name>Unspecified</school_name><school_number>Unspecified</school_number><school_region>Unspecified</school_region><school_code>Unspecified</school_code><school_phone_number>Unspecified</school_phone_number><school_address>Unspecified</school_address><school_city>Unspecified</school_city><school_state>Unspecified</school_state><school_zip>Unspecified</school_zip><school_not_found>N</school_not_found></row>