<?xml version="1.0" encoding="UTF-8"?>
<row _id="4997064" _uuid="03C37232-6141-47FA-A843-CB4662FE02C6" _address="http://data.cityofnewyork.us/resource/erm2-nwe9/4997064"><unique_key>24709797</unique_key><created_date year="2013" month="1" day="2">2013-01-02T00:00:00</created_date><closed_date year="2013" month="1" day="4">2013-01-04T00:00:00</closed_date><agency>DSNY</agency><agency_name>A - Illegal Posting Manhattan and Bronx</agency_name><complaint_type>Dirty Conditions</complaint_type><descriptor>E15 Illegal Postering</descriptor><location_type>Sidewalk</location_type><incident_zip>10454</incident_zip><intersection_street_1>ST ANNS AVENUE</intersection_street_1><intersection_street_2>EAST 138 STREET</intersection_street_2><address_type>INTERSECTION</address_type><city>BRONX</city><facility_type>N/A</facility_type><status>Closed</status><resolution_action_updated_date year="2013" month="1" day="4">2013-01-04T00:00:00</resolution_action_updated_date><community_board>01 BRONX</community_board><borough>BRONX</borough><x_coordinate_state_plane_>1007095</x_coordinate_state_plane_><y_coordinate_state_plane_>233235</y_coordinate_state_plane_><park_facility_name>Unspecified</park_facility_name><park_borough>BRONX</park_borough><school_name>Unspecified</school_name><school_number>Unspecified</school_number><school_region>Unspecified</school_region><school_code>Unspecified</school_code><school_phone_number>Unspecified</school_phone_number><school_address>Unspecified</school_address><school_city>Unspecified</school_city><school_state>Unspecified</school_state><school_zip>Unspecified</school_zip><latitude>40.80682253319743</latitude><longitude>-73.91747836516495</longitude><location latitude="40.80682253319743" longitude="-73.91747836516495"/></row>