<?xml version="1.0" encoding="UTF-8"?>
<row _id="3422466" _uuid="03C3CAD4-BBEE-4C60-9AC5-B709B47DEDA7" _address="http://data.cityofnewyork.us/resource/erm2-nwe9/3422466"><unique_key>22515513</unique_key><created_date year="2012" month="1" day="13">2012-01-13T00:00:00</created_date><closed_date year="2012" month="1" day="15">2012-01-15T00:00:00</closed_date><agency>HPD</agency><agency_name>Department of Housing Preservation and Development</agency_name><complaint_type>HEATING</complaint_type><descriptor>HEAT</descriptor><location_type>RESIDENTIAL BUILDING</location_type><incident_zip>11218</incident_zip><incident_address>39 TURNER PLACE</incident_address><street_name>TURNER PLACE</street_name><cross_street_1>CONEY ISLAND AVENUE</cross_street_1><cross_street_2>EAST 11 STREET</cross_street_2><address_type>ADDRESS</address_type><city>BROOKLYN</city><facility_type>N/A</facility_type><status>Closed</status><resolution_action_updated_date year="2012" month="1" day="15">2012-01-15T00:00:00</resolution_action_updated_date><community_board>14 BROOKLYN</community_board><borough>BROOKLYN</borough><x_coordinate_state_plane_>992487</x_coordinate_state_plane_><y_coordinate_state_plane_>174396</y_coordinate_state_plane_><park_facility_name>Unspecified</park_facility_name><park_borough>BROOKLYN</park_borough><school_name>Unspecified</school_name><school_number>Unspecified</school_number><school_region>Unspecified</school_region><school_code>Unspecified</school_code><school_phone_number>Unspecified</school_phone_number><school_address>Unspecified</school_address><school_city>Unspecified</school_city><school_state>Unspecified</school_state><school_zip>Unspecified</school_zip><latitude>40.64534954262103</latitude><longitude>-73.97031798578249</longitude><location latitude="40.64534954262103" longitude="-73.97031798578249"/></row>