<?xml version="1.0" encoding="UTF-8"?>
<row _id="3946992" _uuid="03C6B388-B9F7-4C62-8DC9-7B1C23E3BFD7" _address="http://data.cityofnewyork.us/resource/erm2-nwe9/3946992"><unique_key>23158005</unique_key><created_date year="2012" month="5" day="2">2012-05-02T00:00:00</created_date><agency>HPD</agency><agency_name>Department of Housing Preservation and Development</agency_name><complaint_type>ELECTRIC</complaint_type><descriptor>LIGHTING</descriptor><location_type>RESIDENTIAL BUILDING</location_type><incident_zip>11237</incident_zip><incident_address>792 HART STREET</incident_address><street_name>HART STREET</street_name><cross_street_1>WILSON AVENUE</cross_street_1><cross_street_2>KNICKERBOCKER AVENUE</cross_street_2><address_type>ADDRESS</address_type><city>BROOKLYN</city><facility_type>N/A</facility_type><status>Open</status><resolution_action_updated_date year="2012" month="5" day="2">2012-05-02T00:00:00</resolution_action_updated_date><community_board>04 BROOKLYN</community_board><borough>BROOKLYN</borough><x_coordinate_state_plane_>1005437</x_coordinate_state_plane_><y_coordinate_state_plane_>194698</y_coordinate_state_plane_><park_facility_name>Unspecified</park_facility_name><park_borough>BROOKLYN</park_borough><school_name>Unspecified</school_name><school_number>Unspecified</school_number><school_region>Unspecified</school_region><school_code>Unspecified</school_code><school_phone_number>Unspecified</school_phone_number><school_address>Unspecified</school_address><school_city>Unspecified</school_city><school_state>Unspecified</school_state><school_zip>Unspecified</school_zip><latitude>40.701052438694276</latitude><longitude>-73.92358888529208</longitude><location latitude="40.701052438694276" longitude="-73.92358888529208"/></row>