<?xml version="1.0" encoding="UTF-8"?>
<row _id="794923" _uuid="03D79E88-767D-41B5-99DC-CE57C282241C" _address="http://data.cityofnewyork.us/resource/erm2-nwe9/794923"><unique_key>17566412</unique_key><created_date year="2010" month="7" day="2">2010-07-02T00:00:00</created_date><closed_date year="2011" month="7" day="13">2011-07-13T00:00:00</closed_date><agency>DCA</agency><agency_name>Department of Consumer Affairs</agency_name><complaint_type>Consumer Complaint</complaint_type><descriptor>Sidewalk Blocked</descriptor><incident_zip>10306</incident_zip><incident_address>326 NEW DORP LANE</incident_address><street_name>NEW DORP LANE</street_name><cross_street_1>CLAWSON STREET</cross_street_1><cross_street_2>HYLAN BOULEVARD</cross_street_2><address_type>ADDRESS</address_type><city>STATEN ISLAND</city><facility_type>N/A</facility_type><status>Closed</status><due_date>2010-08-07T00:00:00</due_date><resolution_action_updated_date year="2010" month="7" day="2">2010-07-02T00:00:00</resolution_action_updated_date><community_board>02 STATEN ISLAND</community_board><borough>STATEN ISLAND</borough><x_coordinate_state_plane_>953307</x_coordinate_state_plane_><y_coordinate_state_plane_>147447</y_coordinate_state_plane_><park_facility_name>Unspecified</park_facility_name><park_borough>STATEN ISLAND</park_borough><school_name>Unspecified</school_name><school_number>Unspecified</school_number><school_region>Unspecified</school_region><school_code>Unspecified</school_code><school_phone_number>Unspecified</school_phone_number><school_address>Unspecified</school_address><school_city>Unspecified</school_city><school_state>Unspecified</school_state><school_zip>Unspecified</school_zip><school_not_found>N</school_not_found><latitude>40.57132989945944</latitude><longitude>-74.11137951145149</longitude><location latitude="40.57132989945944" longitude="-74.11137951145149"/></row>