<?xml version="1.0" encoding="UTF-8"?>
<row _id="931938" _uuid="03DB1CE6-0EEF-48E5-9192-6BD41C286D88" _address="http://data.cityofnewyork.us/resource/erm2-nwe9/931938"><unique_key>18394261</unique_key><created_date year="2010" month="8" day="2">2010-08-02T00:00:00</created_date><closed_date year="2010" month="8" day="24">2010-08-24T00:00:00</closed_date><agency>HPD</agency><agency_name>Department of Housing Preservation and Development</agency_name><complaint_type>GENERAL CONSTRUCTION</complaint_type><descriptor>DOORS</descriptor><location_type>RESIDENTIAL BUILDING</location_type><incident_zip>11230</incident_zip><incident_address>1199 OCEAN AVENUE</incident_address><street_name>OCEAN AVENUE</street_name><cross_street_1>FARRAGUT ROAD</cross_street_1><cross_street_2>GLENWOOD ROAD</cross_street_2><address_type>ADDRESS</address_type><city>BROOKLYN</city><facility_type>N/A</facility_type><status>Closed</status><resolution_action_updated_date year="2010" month="8" day="24">2010-08-24T00:00:00</resolution_action_updated_date><community_board>0 Unspecified</community_board><borough>Unspecified</borough><x_coordinate_state_plane_>995958</x_coordinate_state_plane_><y_coordinate_state_plane_>170019</y_coordinate_state_plane_><park_facility_name>Unspecified</park_facility_name><park_borough>Unspecified</park_borough><school_name>Unspecified</school_name><school_number>Unspecified</school_number><school_region>Unspecified</school_region><school_code>Unspecified</school_code><school_phone_number>Unspecified</school_phone_number><school_address>Unspecified</school_address><school_city>Unspecified</school_city><school_state>Unspecified</school_state><school_zip>Unspecified</school_zip><latitude>40.63333170661496</latitude><longitude>-73.9578178405703</longitude><location latitude="40.63333170661496" longitude="-73.9578178405703"/></row>