<?xml version="1.0" encoding="UTF-8"?>
<row _id="2587579" _uuid="03DDE255-986B-4DB9-8E7C-C5558AD575DB" _address="http://data.cityofnewyork.us/resource/erm2-nwe9/2587579"><unique_key>20755758</unique_key><created_date year="2011" month="7" day="2">2011-07-02T00:00:00</created_date><closed_date year="2011" month="7" day="2">2011-07-02T00:00:00</closed_date><agency>NYPD</agency><agency_name>New York City Police Department</agency_name><complaint_type>Noise - Vehicle</complaint_type><descriptor>Car/Truck Music</descriptor><location_type>Street/Sidewalk</location_type><incident_zip>10030</incident_zip><incident_address>2310 7 AVENUE</incident_address><street_name>7 AVENUE</street_name><cross_street_1>WEST 135 STREET</cross_street_1><cross_street_2>WEST 136 STREET</cross_street_2><address_type>ADDRESS</address_type><city>NEW YORK</city><facility_type>Precinct</facility_type><status>Closed</status><due_date>2011-07-02T00:00:00</due_date><resolution_action_updated_date year="2011" month="7" day="2">2011-07-02T00:00:00</resolution_action_updated_date><community_board>10 MANHATTAN</community_board><borough>MANHATTAN</borough><x_coordinate_state_plane_>999904</x_coordinate_state_plane_><y_coordinate_state_plane_>236453</y_coordinate_state_plane_><park_facility_name>Unspecified</park_facility_name><park_borough>MANHATTAN</park_borough><school_name>Unspecified</school_name><school_number>Unspecified</school_number><school_region>Unspecified</school_region><school_code>Unspecified</school_code><school_phone_number>Unspecified</school_phone_number><school_address>Unspecified</school_address><school_city>Unspecified</school_city><school_state>Unspecified</school_state><school_zip>Unspecified</school_zip><school_not_found>N</school_not_found><latitude>40.815670713998905</latitude><longitude>-73.94344647324243</longitude><location latitude="40.815670713998905" longitude="-73.94344647324243"/></row>