<?xml version="1.0" encoding="UTF-8"?>
<row _id="2325340" _uuid="03DFDFED-D618-4D32-BF80-4F91B7E875BF" _address="http://data.cityofnewyork.us/resource/erm2-nwe9/2325340"><unique_key>20410063</unique_key><created_date year="2011" month="5" day="12">2011-05-12T00:00:00</created_date><closed_date year="2011" month="5" day="12">2011-05-12T00:00:00</closed_date><agency>NYPD</agency><agency_name>New York City Police Department</agency_name><complaint_type>Derelict Vehicle</complaint_type><descriptor>With License Plate</descriptor><location_type>Highway</location_type><incident_zip>11414</incident_zip><city>SOUTH OZONE PARK</city><facility_type>Precinct</facility_type><status>Closed</status><due_date>2011-05-13T00:00:00</due_date><resolution_action_updated_date year="2011" month="5" day="12">2011-05-12T00:00:00</resolution_action_updated_date><community_board>10 QUEENS</community_board><borough>QUEENS</borough><x_coordinate_state_plane_>1027257</x_coordinate_state_plane_><y_coordinate_state_plane_>181435</y_coordinate_state_plane_><park_facility_name>Unspecified</park_facility_name><park_borough>QUEENS</park_borough><school_name>Unspecified</school_name><school_number>Unspecified</school_number><school_region>Unspecified</school_region><school_code>Unspecified</school_code><school_phone_number>Unspecified</school_phone_number><school_address>Unspecified</school_address><school_city>Unspecified</school_city><school_state>Unspecified</school_state><school_zip>Unspecified</school_zip><school_not_found>N</school_not_found><bridge_highway_name>Belt Pkwy</bridge_highway_name><bridge_highway_direction>East/Long Island Bound</bridge_highway_direction><road_ramp>Ramp</road_ramp><bridge_highway_segment>Cross Bay Blvd (Exit 17 S-N)</bridge_highway_segment><latitude>40.664569437176134</latitude><longitude>-73.84497962279094</longitude><location latitude="40.664569437176134" longitude="-73.84497962279094"/></row>