<?xml version="1.0" encoding="UTF-8"?>
<row _id="1008195" _uuid="03E0747D-D647-4B5A-AF0A-6DE780C6DD7A" _address="http://data.cityofnewyork.us/resource/erm2-nwe9/1008195"><unique_key>18863549</unique_key><created_date year="2010" month="10" day="8">2010-10-08T00:00:00</created_date><closed_date year="2011" month="1" day="24">2011-01-24T00:00:00</closed_date><agency>DOB</agency><agency_name>Department of Buildings</agency_name><complaint_type>Building/Use</complaint_type><descriptor>No Certificate Of Occupancy/Illegal/Contrary To CO</descriptor><incident_zip>11210</incident_zip><incident_address>1470 EAST 23 STREET</incident_address><street_name>EAST 23 STREET</street_name><cross_street_1>OLEAN STREET</cross_street_1><cross_street_2>BAY AVENUE</cross_street_2><address_type>ADDRESS</address_type><city>BROOKLYN</city><facility_type>N/A</facility_type><status>Closed</status><resolution_action_updated_date year="2011" month="1" day="24">2011-01-24T00:00:00</resolution_action_updated_date><community_board>14 BROOKLYN</community_board><borough>BROOKLYN</borough><x_coordinate_state_plane_>997755</x_coordinate_state_plane_><y_coordinate_state_plane_>163200</y_coordinate_state_plane_><park_facility_name>Unspecified</park_facility_name><park_borough>BROOKLYN</park_borough><school_name>Unspecified</school_name><school_number>Unspecified</school_number><school_region>Unspecified</school_region><school_code>Unspecified</school_code><school_phone_number>Unspecified</school_phone_number><school_address>Unspecified</school_address><school_city>Unspecified</school_city><school_state>Unspecified</school_state><school_zip>Unspecified</school_zip><latitude>40.614612424402324</latitude><longitude>-73.95135716418828</longitude><location latitude="40.614612424402324" longitude="-73.95135716418828"/></row>