<?xml version="1.0" encoding="UTF-8"?>
<row _id="3701806" _uuid="03E22728-71D9-4AA7-A3C7-CFB0E7DBDB19" _address="http://data.cityofnewyork.us/resource/erm2-nwe9/3701806"><unique_key>22816752</unique_key><created_date year="2012" month="3" day="4">2012-03-04T00:00:00</created_date><closed_date year="2012" month="3" day="16">2012-03-16T00:00:00</closed_date><agency>DOHMH</agency><agency_name>Department of Health and Mental Hygiene</agency_name><complaint_type>Indoor Air Quality</complaint_type><descriptor>Dust from Construction</descriptor><location_type>3+ Family Apartment Building</location_type><incident_zip>10023</incident_zip><incident_address>75 WEST 71 STREET</incident_address><street_name>WEST 71 STREET</street_name><cross_street_1>CENTRAL PARK WEST</cross_street_1><cross_street_2>COLUMBUS AVENUE</cross_street_2><address_type>ADDRESS</address_type><city>NEW YORK</city><facility_type>N/A</facility_type><status>Closed</status><due_date>2012-04-18T00:00:00</due_date><resolution_action_updated_date year="2012" month="3" day="16">2012-03-16T00:00:00</resolution_action_updated_date><community_board>07 MANHATTAN</community_board><borough>MANHATTAN</borough><x_coordinate_state_plane_>990241</x_coordinate_state_plane_><y_coordinate_state_plane_>222124</y_coordinate_state_plane_><park_facility_name>Unspecified</park_facility_name><park_borough>MANHATTAN</park_borough><school_name>Unspecified</school_name><school_number>Unspecified</school_number><school_region>Unspecified</school_region><school_code>Unspecified</school_code><school_phone_number>Unspecified</school_phone_number><school_address>Unspecified</school_address><school_city>Unspecified</school_city><school_state>Unspecified</school_state><school_zip>Unspecified</school_zip><school_not_found>N</school_not_found><latitude>40.77635333689531</latitude><longitude>-73.97836897202463</longitude><location latitude="40.77635333689531" longitude="-73.97836897202463"/></row>