<?xml version="1.0" encoding="UTF-8"?>
<row _id="542783" _uuid="03E7F2F2-D85D-487D-85AF-C37E87D920CB" _address="http://data.cityofnewyork.us/resource/erm2-nwe9/542783"><unique_key>16566254</unique_key><created_date year="2010" month="5" day="2">2010-05-02T00:00:00</created_date><closed_date year="2010" month="7" day="6">2010-07-06T00:00:00</closed_date><agency>HPD</agency><agency_name>Department of Housing Preservation and Development</agency_name><complaint_type>ELECTRIC</complaint_type><descriptor>ELECTRIC-SUPPLY</descriptor><location_type>RESIDENTIAL BUILDING</location_type><incident_zip>10009</incident_zip><incident_address>195 AVENUE A</incident_address><street_name>AVENUE A</street_name><cross_street_1>EAST 12 STREET</cross_street_1><cross_street_2>EAST 13 STREET</cross_street_2><address_type>ADDRESS</address_type><city>NEW YORK</city><facility_type>N/A</facility_type><status>Closed</status><resolution_action_updated_date year="2010" month="7" day="6">2010-07-06T00:00:00</resolution_action_updated_date><community_board>0 Unspecified</community_board><borough>Unspecified</borough><x_coordinate_state_plane_>989443</x_coordinate_state_plane_><y_coordinate_state_plane_>204939</y_coordinate_state_plane_><park_facility_name>Unspecified</park_facility_name><park_borough>Unspecified</park_borough><school_name>Unspecified</school_name><school_number>Unspecified</school_number><school_region>Unspecified</school_region><school_code>Unspecified</school_code><school_phone_number>Unspecified</school_phone_number><school_address>Unspecified</school_address><school_city>Unspecified</school_city><school_state>Unspecified</school_state><school_zip>Unspecified</school_zip><latitude>40.7291853740711</latitude><longitude>-73.98126349219562</longitude><location latitude="40.7291853740711" longitude="-73.98126349219562"/></row>