<?xml version="1.0" encoding="UTF-8"?>
<row _id="3423108" _uuid="03EB2915-2932-4E22-B30E-7572F4BDF6A8" _address="http://data.cityofnewyork.us/resource/erm2-nwe9/3423108"><unique_key>22523726</unique_key><created_date year="2012" month="1" day="15">2012-01-15T00:00:00</created_date><closed_date year="2012" month="1" day="19">2012-01-19T00:00:00</closed_date><agency>HPD</agency><agency_name>Department of Housing Preservation and Development</agency_name><complaint_type>HEATING</complaint_type><descriptor>HEAT</descriptor><location_type>RESIDENTIAL BUILDING</location_type><incident_zip>11208</incident_zip><incident_address>902 DREW STREET</incident_address><street_name>DREW STREET</street_name><cross_street_1>LORING AVENUE</cross_street_1><cross_street_2>STANLEY AVENUE</cross_street_2><address_type>ADDRESS</address_type><city>BROOKLYN</city><facility_type>N/A</facility_type><status>Closed</status><resolution_action_updated_date year="2012" month="1" day="19">2012-01-19T00:00:00</resolution_action_updated_date><community_board>05 BROOKLYN</community_board><borough>BROOKLYN</borough><x_coordinate_state_plane_>1022968</x_coordinate_state_plane_><y_coordinate_state_plane_>182530</y_coordinate_state_plane_><park_facility_name>Unspecified</park_facility_name><park_borough>BROOKLYN</park_borough><school_name>Unspecified</school_name><school_number>Unspecified</school_number><school_region>Unspecified</school_region><school_code>Unspecified</school_code><school_phone_number>Unspecified</school_phone_number><school_address>Unspecified</school_address><school_city>Unspecified</school_city><school_state>Unspecified</school_state><school_zip>Unspecified</school_zip><latitude>40.66759475966893</latitude><longitude>-73.86043317118441</longitude><location latitude="40.66759475966893" longitude="-73.86043317118441"/></row>