<?xml version="1.0" encoding="UTF-8"?>
<row _id="4574860" _uuid="03EDCBAA-7ED1-4157-84D5-B1216FF342B0" _address="http://data.cityofnewyork.us/resource/erm2-nwe9/4574860"><unique_key>24125279</unique_key><created_date year="2012" month="10" day="2">2012-10-02T00:00:00</created_date><agency>DPR</agency><agency_name>Department of Parks and Recreation</agency_name><complaint_type>Overgrown Tree/Branches</complaint_type><descriptor>Hitting Building</descriptor><location_type>Street</location_type><incident_zip>10030</incident_zip><incident_address>227 EDGECOMBE AVENUE</incident_address><street_name>EDGECOMBE AVENUE</street_name><cross_street_1>WEST 142 STREET</cross_street_1><cross_street_2>WEST 145 STREET</cross_street_2><address_type>ADDRESS</address_type><city>NEW YORK</city><facility_type>N/A</facility_type><status>Assigned</status><due_date>2012-12-02T00:00:00</due_date><resolution_action_updated_date year="2012" month="10" day="3">2012-10-03T00:00:00</resolution_action_updated_date><community_board>09 MANHATTAN</community_board><borough>MANHATTAN</borough><x_coordinate_state_plane_>999719</x_coordinate_state_plane_><y_coordinate_state_plane_>239166</y_coordinate_state_plane_><park_facility_name>Unspecified</park_facility_name><park_borough>MANHATTAN</park_borough><school_name>Unspecified</school_name><school_number>Unspecified</school_number><school_region>Unspecified</school_region><school_code>Unspecified</school_code><school_phone_number>Unspecified</school_phone_number><school_address>Unspecified</school_address><school_city>Unspecified</school_city><school_state>Unspecified</school_state><school_zip>Unspecified</school_zip><school_not_found>N</school_not_found><latitude>40.82311745922526</latitude><longitude>-73.94410857262596</longitude><location latitude="40.82311745922526" longitude="-73.94410857262596"/></row>