<?xml version="1.0" encoding="UTF-8"?>
<row _id="3009623" _uuid="03F2E4B4-76FB-430C-B842-7FC11D658664" _address="http://data.cityofnewyork.us/resource/erm2-nwe9/3009623"><unique_key>21565935</unique_key><created_date year="2011" month="10" day="2">2011-10-02T00:00:00</created_date><closed_date year="2011" month="10" day="2">2011-10-02T00:00:00</closed_date><agency>NYPD</agency><agency_name>New York City Police Department</agency_name><complaint_type>Noise - Vehicle</complaint_type><descriptor>Car/Truck Music</descriptor><location_type>Street/Sidewalk</location_type><incident_zip>11237</incident_zip><incident_address>411 SUYDAM STREET</incident_address><street_name>SUYDAM STREET</street_name><cross_street_1>WYCKOFF AVENUE</cross_street_1><cross_street_2>ST NICHOLAS AVENUE</cross_street_2><address_type>ADDRESS</address_type><city>BROOKLYN</city><facility_type>Precinct</facility_type><status>Closed</status><due_date>2011-10-02T00:00:00</due_date><resolution_action_updated_date year="2011" month="10" day="2">2011-10-02T00:00:00</resolution_action_updated_date><community_board>04 BROOKLYN</community_board><borough>BROOKLYN</borough><x_coordinate_state_plane_>1006397</x_coordinate_state_plane_><y_coordinate_state_plane_>196423</y_coordinate_state_plane_><park_facility_name>Unspecified</park_facility_name><park_borough>BROOKLYN</park_borough><school_name>Unspecified</school_name><school_number>Unspecified</school_number><school_region>Unspecified</school_region><school_code>Unspecified</school_code><school_phone_number>Unspecified</school_phone_number><school_address>Unspecified</school_address><school_city>Unspecified</school_city><school_state>Unspecified</school_state><school_zip>Unspecified</school_zip><school_not_found>N</school_not_found><latitude>40.70578480599352</latitude><longitude>-73.92012096506896</longitude><location latitude="40.70578480599352" longitude="-73.92012096506896"/></row>