<?xml version="1.0" encoding="UTF-8"?>
<row _id="4997828" _uuid="03F3F99F-65D2-40E0-AE16-5A8622723814" _address="http://data.cityofnewyork.us/resource/erm2-nwe9/4997828"><unique_key>24707425</unique_key><created_date year="2013" month="1" day="2">2013-01-02T00:00:00</created_date><agency>HPD</agency><agency_name>Department of Housing Preservation and Development</agency_name><complaint_type>ELECTRIC</complaint_type><descriptor>BELL-BUZZER/INTERCOM</descriptor><location_type>RESIDENTIAL BUILDING</location_type><incident_zip>10467</incident_zip><incident_address>3060 DECATUR AVENUE</incident_address><street_name>DECATUR AVENUE</street_name><cross_street_1>EAST MOSHOLU PARKWAY NORTH</cross_street_1><cross_street_2>EAST 204 STREET</cross_street_2><address_type>ADDRESS</address_type><city>BRONX</city><facility_type>N/A</facility_type><status>Open</status><resolution_action_updated_date year="2013" month="1" day="2">2013-01-02T00:00:00</resolution_action_updated_date><community_board>07 BRONX</community_board><borough>BRONX</borough><x_coordinate_state_plane_>1017708</x_coordinate_state_plane_><y_coordinate_state_plane_>256627</y_coordinate_state_plane_><park_facility_name>Unspecified</park_facility_name><park_borough>BRONX</park_borough><school_name>Unspecified</school_name><school_number>Unspecified</school_number><school_region>Unspecified</school_region><school_code>Unspecified</school_code><school_phone_number>Unspecified</school_phone_number><school_address>Unspecified</school_address><school_city>Unspecified</school_city><school_state>Unspecified</school_state><school_zip>Unspecified</school_zip><latitude>40.87099289422038</latitude><longitude>-73.8790250033055</longitude><location latitude="40.87099289422038" longitude="-73.8790250033055"/></row>