<?xml version="1.0" encoding="UTF-8"?>
<row _id="1167676" _uuid="03F596D0-67F0-417F-B0C9-A5CB04AFA28E" _address="http://data.cityofnewyork.us/resource/erm2-nwe9/1167676"><unique_key>20155331</unique_key><created_date year="2011" month="3" day="29">2011-03-29T00:00:00</created_date><closed_date year="2011" month="4" day="1">2011-04-01T00:00:00</closed_date><agency>DOB</agency><agency_name>Department of Buildings</agency_name><complaint_type>Special Enforcement</complaint_type><descriptor>SEP - Professional Certification Compliance Audit</descriptor><incident_zip>11201</incident_zip><incident_address>111 HICKS STREET</incident_address><street_name>HICKS STREET</street_name><cross_street_1>PINEAPPLE STREET</cross_street_1><cross_street_2>CLARK STREET</cross_street_2><address_type>ADDRESS</address_type><city>BROOKLYN</city><facility_type>N/A</facility_type><status>Closed</status><resolution_action_updated_date year="2011" month="4" day="1">2011-04-01T00:00:00</resolution_action_updated_date><community_board>02 BROOKLYN</community_board><borough>BROOKLYN</borough><x_coordinate_state_plane_>985792</x_coordinate_state_plane_><y_coordinate_state_plane_>193653</y_coordinate_state_plane_><park_facility_name>Unspecified</park_facility_name><park_borough>BROOKLYN</park_borough><school_name>Unspecified</school_name><school_number>Unspecified</school_number><school_region>Unspecified</school_region><school_code>Unspecified</school_code><school_phone_number>Unspecified</school_phone_number><school_address>Unspecified</school_address><school_city>Unspecified</school_city><school_state>Unspecified</school_state><school_zip>Unspecified</school_zip><latitude>40.698209387009754</latitude><longitude>-73.99443900035622</longitude><location latitude="40.698209387009754" longitude="-73.99443900035622"/></row>