<?xml version="1.0" encoding="UTF-8"?>
<row _id="1875719" _uuid="03F710F0-C98B-4B9B-BDAF-5B54D6105D25" _address="http://data.cityofnewyork.us/resource/erm2-nwe9/1875719"><unique_key>20043490</unique_key><created_date year="2011" month="3" day="15">2011-03-15T00:00:00</created_date><closed_date year="2011" month="4" day="9">2011-04-09T00:00:00</closed_date><agency>DOT</agency><agency_name>Department of Transportation</agency_name><complaint_type>Street Condition</complaint_type><descriptor>Pothole</descriptor><incident_zip>10037</incident_zip><incident_address> EAST  130 STREET</incident_address><street_name>EAST  130 STREET</street_name><cross_street_1>MADISON AVENUE</cross_street_1><cross_street_2>METRO-NORTH RR</cross_street_2><address_type>BLOCKFACE</address_type><city>NEW YORK</city><facility_type>N/A</facility_type><status>Closed</status><resolution_action_updated_date year="2011" month="4" day="9">2011-04-09T00:00:00</resolution_action_updated_date><community_board>11 MANHATTAN</community_board><borough>MANHATTAN</borough><x_coordinate_state_plane_>1001525</x_coordinate_state_plane_><y_coordinate_state_plane_>233874</y_coordinate_state_plane_><park_facility_name>Unspecified</park_facility_name><park_borough>MANHATTAN</park_borough><school_name>Unspecified</school_name><school_number>Unspecified</school_number><school_region>Unspecified</school_region><school_code>Unspecified</school_code><school_phone_number>Unspecified</school_phone_number><school_address>Unspecified</school_address><school_city>Unspecified</school_city><school_state>Unspecified</school_state><school_zip>Unspecified</school_zip><latitude>40.80858905762923</latitude><longitude>-73.93759689264851</longitude><location latitude="40.80858905762923" longitude="-73.93759689264851"/></row>