<?xml version="1.0" encoding="UTF-8"?>
<row _id="932301" _uuid="03FFD835-22E7-496E-BAFF-057BA68BDA3F" _address="http://data.cityofnewyork.us/resource/erm2-nwe9/932301"><unique_key>18403742</unique_key><created_date year="2010" month="8" day="3">2010-08-03T00:00:00</created_date><closed_date year="2010" month="8" day="31">2010-08-31T00:00:00</closed_date><agency>DOT</agency><agency_name>Department of Transportation</agency_name><complaint_type>Street Condition</complaint_type><descriptor>Pothole</descriptor><incident_zip>10473</incident_zip><incident_address>1789 PATTERSON AVENUE</incident_address><street_name>PATTERSON AVENUE</street_name><cross_street_1>ST LAWRENCE AVENUE</cross_street_1><cross_street_2>BEACH AVENUE</cross_street_2><address_type>ADDRESS</address_type><city>BRONX</city><facility_type>N/A</facility_type><status>Closed</status><resolution_action_updated_date year="2010" month="8" day="31">2010-08-31T00:00:00</resolution_action_updated_date><community_board>09 BRONX</community_board><borough>BRONX</borough><x_coordinate_state_plane_>1022334</x_coordinate_state_plane_><y_coordinate_state_plane_>235410</y_coordinate_state_plane_><park_facility_name>Unspecified</park_facility_name><park_borough>BRONX</park_borough><school_name>Unspecified</school_name><school_number>Unspecified</school_number><school_region>Unspecified</school_region><school_code>Unspecified</school_code><school_phone_number>Unspecified</school_phone_number><school_address>Unspecified</school_address><school_city>Unspecified</school_city><school_state>Unspecified</school_state><school_zip>Unspecified</school_zip><latitude>40.81273975214616</latitude><longitude>-73.86241916452705</longitude><location latitude="40.81273975214616" longitude="-73.86241916452705"/></row>