<?xml version="1.0" encoding="UTF-8"?>
<row _id="3074791" _uuid="03FF1CFA-B307-4868-B5A3-48F8D81DFEDE" _address="http://data.cityofnewyork.us/resource/erm2-nwe9/3074791"><unique_key>22612283</unique_key><created_date year="2012" month="1" day="28">2012-01-28T00:00:00</created_date><closed_date year="2012" month="2" day="2">2012-02-02T00:00:00</closed_date><agency>DPR</agency><agency_name>Department of Parks and Recreation</agency_name><complaint_type>Maintenance or Facility</complaint_type><descriptor>Graffiti or Vandalism</descriptor><location_type>Park</location_type><incident_zip>11235</incident_zip><city>BROOKLYN</city><facility_type>N/A</facility_type><status>Closed</status><due_date>2012-01-31T00:00:00</due_date><resolution_action_updated_date year="2012" month="2" day="2">2012-02-02T00:00:00</resolution_action_updated_date><community_board>15 BROOKLYN</community_board><borough>BROOKLYN</borough><park_facility_name>Bill Brown Memorial Playground</park_facility_name><park_borough>BROOKLYN</park_borough><school_name>Bill Brown Memorial Playground</school_name><school_number>B109</school_number><school_phone_number>7189658900</school_phone_number><school_address>Bedford Avenue, Avenues X to Y, East 24th Street</school_address><school_city>BROOKLYN</school_city><school_state>NY</school_state><school_zip>11235</school_zip><school_not_found>N</school_not_found></row>