<?xml version="1.0" encoding="UTF-8"?>
<row _id="3702404" _uuid="04024C55-1CFE-4B49-8221-91703257BBF3" _address="http://data.cityofnewyork.us/resource/erm2-nwe9/3702404"><unique_key>22820143</unique_key><created_date year="2012" month="3" day="5">2012-03-05T00:00:00</created_date><closed_date year="2012" month="3" day="5">2012-03-05T00:00:00</closed_date><agency>DPR</agency><agency_name>Department of Parks and Recreation</agency_name><complaint_type>Root/Sewer/Sidewalk Condition</complaint_type><descriptor>Sidewalk Consultation</descriptor><incident_zip>11373</incident_zip><incident_address>51-36 SIMONSON STREET</incident_address><street_name>SIMONSON STREET</street_name><cross_street_1>BEND</cross_street_1><cross_street_2>GRAND AVENUE</cross_street_2><address_type>ADDRESS</address_type><city>ELMHURST</city><facility_type>N/A</facility_type><status>Closed</status><due_date>2012-04-04T00:00:00</due_date><resolution_action_updated_date year="2012" month="3" day="5">2012-03-05T00:00:00</resolution_action_updated_date><community_board>04 QUEENS</community_board><borough>QUEENS</borough><x_coordinate_state_plane_>1017118</x_coordinate_state_plane_><y_coordinate_state_plane_>207677</y_coordinate_state_plane_><park_facility_name>Unspecified</park_facility_name><park_borough>QUEENS</park_borough><school_name>Unspecified</school_name><school_number>Unspecified</school_number><school_region>Unspecified</school_region><school_code>Unspecified</school_code><school_phone_number>Unspecified</school_phone_number><school_address>Unspecified</school_address><school_city>Unspecified</school_city><school_state>Unspecified</school_state><school_zip>Unspecified</school_zip><school_not_found>N</school_not_found><latitude>40.73664096274076</latitude><longitude>-73.8813979145233</longitude><location latitude="40.73664096274076" longitude="-73.8813979145233"/></row>