<?xml version="1.0" encoding="UTF-8"?>
<row _id="798137" _uuid="0403E451-2DD6-48D0-93AD-45A48673173B" _address="http://data.cityofnewyork.us/resource/erm2-nwe9/798137"><unique_key>17567188</unique_key><created_date year="2010" month="7" day="2">2010-07-02T00:00:00</created_date><closed_date year="2010" month="7" day="3">2010-07-03T00:00:00</closed_date><agency>NYPD</agency><agency_name>New York City Police Department</agency_name><complaint_type>Noise - Commercial</complaint_type><descriptor>Loud Music/Party</descriptor><location_type>Store/Commercial</location_type><incident_zip>11369</incident_zip><incident_address>97-10 32 AVENUE</incident_address><street_name>32 AVENUE</street_name><cross_street_1>97 STREET</cross_street_1><cross_street_2>98 STREET</cross_street_2><address_type>ADDRESS</address_type><city>EAST ELMHURST</city><facility_type>Precinct</facility_type><status>Closed</status><due_date>2010-07-03T00:00:00</due_date><resolution_action_updated_date year="2010" month="7" day="3">2010-07-03T00:00:00</resolution_action_updated_date><community_board>03 QUEENS</community_board><borough>QUEENS</borough><x_coordinate_state_plane_>1019862</x_coordinate_state_plane_><y_coordinate_state_plane_>215790</y_coordinate_state_plane_><park_facility_name>Unspecified</park_facility_name><park_borough>QUEENS</park_borough><school_name>Unspecified</school_name><school_number>Unspecified</school_number><school_region>Unspecified</school_region><school_code>Unspecified</school_code><school_phone_number>Unspecified</school_phone_number><school_address>Unspecified</school_address><school_city>Unspecified</school_city><school_state>Unspecified</school_state><school_zip>Unspecified</school_zip><school_not_found>N</school_not_found><latitude>40.75889846062464</latitude><longitude>-73.87145341827836</longitude><location latitude="40.75889846062464" longitude="-73.87145341827836"/></row>