<?xml version="1.0" encoding="UTF-8"?>
<row _id="1481632" _uuid="0405E7C1-9179-4B01-AA33-B047E653B6A9" _address="http://data.cityofnewyork.us/resource/erm2-nwe9/1481632"><unique_key>19247452</unique_key><created_date year="2010" month="12" day="2">2010-12-02T00:00:00</created_date><closed_date year="2010" month="12" day="21">2010-12-21T00:00:00</closed_date><agency>HPD</agency><agency_name>Department of Housing Preservation and Development</agency_name><complaint_type>PAINT - PLASTER</complaint_type><descriptor>WALLS</descriptor><location_type>RESIDENTIAL BUILDING</location_type><incident_zip>11238</incident_zip><incident_address>477 PARK PLACE</incident_address><street_name>PARK PLACE</street_name><cross_street_1>GRAND AVENUE</cross_street_1><cross_street_2>CLASSON AVENUE</cross_street_2><address_type>ADDRESS</address_type><city>BROOKLYN</city><facility_type>N/A</facility_type><status>Closed</status><resolution_action_updated_date year="2010" month="12" day="21">2010-12-21T00:00:00</resolution_action_updated_date><community_board>0 Unspecified</community_board><borough>Unspecified</borough><x_coordinate_state_plane_>994815</x_coordinate_state_plane_><y_coordinate_state_plane_>185298</y_coordinate_state_plane_><park_facility_name>Unspecified</park_facility_name><park_borough>Unspecified</park_borough><school_name>Unspecified</school_name><school_number>Unspecified</school_number><school_region>Unspecified</school_region><school_code>Unspecified</school_code><school_phone_number>Unspecified</school_phone_number><school_address>Unspecified</school_address><school_city>Unspecified</school_city><school_state>Unspecified</school_state><school_zip>Unspecified</school_zip><latitude>40.67527065603273</latitude><longitude>-73.96191196143667</longitude><location latitude="40.67527065603273" longitude="-73.96191196143667"/></row>