<?xml version="1.0" encoding="UTF-8"?>
<row _id="1101985" _uuid="040A2463-349F-4391-B5E4-A50964C93A51" _address="http://data.cityofnewyork.us/resource/erm2-nwe9/1101985"><unique_key>18863677</unique_key><created_date year="2010" month="10" day="9">2010-10-09T00:00:00</created_date><closed_date year="2010" month="10" day="9">2010-10-09T00:00:00</closed_date><agency>DOB</agency><agency_name>Department of Buildings</agency_name><complaint_type>Emergency Response Team (ERT)</complaint_type><descriptor>After Hours Work - Illegal</descriptor><incident_zip>11356</incident_zip><incident_address>135-16 11 AVENUE</incident_address><street_name>11 AVENUE</street_name><cross_street_1>135 STREET</cross_street_1><cross_street_2>136 STREET</cross_street_2><address_type>ADDRESS</address_type><city>COLLEGE POINT</city><facility_type>N/A</facility_type><status>Open</status><resolution_action_updated_date year="2011" month="1" day="24">2011-01-24T00:00:00</resolution_action_updated_date><community_board>Unspecified QUEENS</community_board><borough>QUEENS</borough><x_coordinate_state_plane_>1030250</x_coordinate_state_plane_><y_coordinate_state_plane_>226301</y_coordinate_state_plane_><park_facility_name>Unspecified</park_facility_name><park_borough>QUEENS</park_borough><school_name>Unspecified</school_name><school_number>Unspecified</school_number><school_region>Unspecified</school_region><school_code>Unspecified</school_code><school_phone_number>Unspecified</school_phone_number><school_address>Unspecified</school_address><school_city>Unspecified</school_city><school_state>Unspecified</school_state><school_zip>Unspecified</school_zip><latitude>40.78770040893347</latitude><longitude>-73.83388458432692</longitude><location latitude="40.78770040893347" longitude="-73.83388458432692"/></row>