<?xml version="1.0" encoding="UTF-8"?>
<row _id="1631850" _uuid="040F9EE0-9476-4F94-B559-C6C9F48F5904" _address="http://data.cityofnewyork.us/resource/erm2-nwe9/1631850"><unique_key>19511755</unique_key><created_date year="2011" month="1" day="2">2011-01-02T00:00:00</created_date><closed_date year="2011" month="1" day="5">2011-01-05T00:00:00</closed_date><agency>DOT</agency><agency_name>Department of Transportation</agency_name><complaint_type>Street Condition</complaint_type><descriptor>Defective Hardware</descriptor><location_type>Street</location_type><incident_zip>11362</incident_zip><intersection_street_1>246 PLACE</intersection_street_1><intersection_street_2>60 AVENUE</intersection_street_2><address_type>INTERSECTION</address_type><city>LITTLE NECK</city><facility_type>N/A</facility_type><status>Closed</status><due_date>2011-01-12T00:00:00</due_date><resolution_action_updated_date year="2011" month="1" day="5">2011-01-05T00:00:00</resolution_action_updated_date><community_board>11 QUEENS</community_board><borough>QUEENS</borough><x_coordinate_state_plane_>1058647</x_coordinate_state_plane_><y_coordinate_state_plane_>215457</y_coordinate_state_plane_><park_facility_name>Unspecified</park_facility_name><park_borough>QUEENS</park_borough><school_name>Unspecified</school_name><school_number>Unspecified</school_number><school_region>Unspecified</school_region><school_code>Unspecified</school_code><school_phone_number>Unspecified</school_phone_number><school_address>Unspecified</school_address><school_city>Unspecified</school_city><school_state>Unspecified</school_state><school_zip>Unspecified</school_zip><school_not_found>N</school_not_found><latitude>40.75774317646083</latitude><longitude>-73.7314577749867</longitude><location latitude="40.75774317646083" longitude="-73.7314577749867"/></row>