<?xml version="1.0" encoding="UTF-8"?>
<row _id="4574910" _uuid="041521EB-161D-4D18-9E12-F08B025E2A2E" _address="http://data.cityofnewyork.us/resource/erm2-nwe9/4574910"><unique_key>24129105</unique_key><created_date year="2012" month="10" day="2">2012-10-02T00:00:00</created_date><closed_date year="2012" month="10" day="25">2012-10-25T00:00:00</closed_date><agency>DPR</agency><agency_name>Department of Parks and Recreation</agency_name><complaint_type>Dead Tree</complaint_type><descriptor>Dead/Dying Tree</descriptor><location_type>Street</location_type><incident_zip>11229</incident_zip><incident_address>2316 EAST 24 STREET</incident_address><street_name>EAST 24 STREET</street_name><cross_street_1>AVENUE W</cross_street_1><cross_street_2>AVENUE X</cross_street_2><address_type>ADDRESS</address_type><city>BROOKLYN</city><facility_type>N/A</facility_type><status>Closed</status><due_date>2012-10-27T00:00:00</due_date><resolution_action_updated_date year="2012" month="10" day="25">2012-10-25T00:00:00</resolution_action_updated_date><community_board>15 BROOKLYN</community_board><borough>BROOKLYN</borough><x_coordinate_state_plane_>999069</x_coordinate_state_plane_><y_coordinate_state_plane_>155957</y_coordinate_state_plane_><park_facility_name>Unspecified</park_facility_name><park_borough>BROOKLYN</park_borough><school_name>Unspecified</school_name><school_number>Unspecified</school_number><school_region>Unspecified</school_region><school_code>Unspecified</school_code><school_phone_number>Unspecified</school_phone_number><school_address>Unspecified</school_address><school_city>Unspecified</school_city><school_state>Unspecified</school_state><school_zip>Unspecified</school_zip><school_not_found>N</school_not_found><latitude>40.59472976974265</latitude><longitude>-73.94664024039866</longitude><location latitude="40.59472976974265" longitude="-73.94664024039866"/></row>