<?xml version="1.0" encoding="UTF-8"?>
<row _id="1908" _uuid="04190514-D270-4172-9EA0-B0BCABC52F6A" _address="http://data.cityofnewyork.us/resource/erm2-nwe9/1908"><unique_key>15638409</unique_key><created_date year="2010" month="1" day="2">2010-01-02T00:00:00</created_date><closed_date year="2010" month="1" day="15">2010-01-15T00:00:00</closed_date><agency>HPD</agency><agency_name>Department of Housing Preservation and Development</agency_name><complaint_type>NONCONST</complaint_type><descriptor>VERMIN</descriptor><location_type>RESIDENTIAL BUILDING</location_type><incident_zip>10032</incident_zip><incident_address>562 WEST 170 STREET</incident_address><street_name>WEST 170 STREET</street_name><cross_street_1>AUDUBON AVENUE</cross_street_1><cross_street_2>ST NICHOLAS AVENUE</cross_street_2><address_type>ADDRESS</address_type><city>NEW YORK</city><facility_type>N/A</facility_type><status>Closed</status><resolution_action_updated_date year="2010" month="1" day="15">2010-01-15T00:00:00</resolution_action_updated_date><community_board>0 Unspecified</community_board><borough>Unspecified</borough><x_coordinate_state_plane_>1001376</x_coordinate_state_plane_><y_coordinate_state_plane_>246021</y_coordinate_state_plane_><park_facility_name>Unspecified</park_facility_name><park_borough>Unspecified</park_borough><school_name>Unspecified</school_name><school_number>Unspecified</school_number><school_region>Unspecified</school_region><school_code>Unspecified</school_code><school_phone_number>Unspecified</school_phone_number><school_address>Unspecified</school_address><school_city>Unspecified</school_city><school_state>Unspecified</school_state><school_zip>Unspecified</school_zip><latitude>40.841929400265826</latitude><longitude>-73.93810412579296</longitude><location latitude="40.841929400265826" longitude="-73.93810412579296"/></row>