<?xml version="1.0" encoding="UTF-8"?>
<row _id="1636674" _uuid="042596EE-9367-4C22-9CED-EB85989E718D" _address="http://data.cityofnewyork.us/resource/erm2-nwe9/1636674"><unique_key>19520324</unique_key><created_date year="2011" month="1" day="3">2011-01-03T00:00:00</created_date><closed_date year="2011" month="1" day="8">2011-01-08T00:00:00</closed_date><agency>HPD</agency><agency_name>Department of Housing Preservation and Development</agency_name><complaint_type>HEATING</complaint_type><descriptor>HEAT</descriptor><location_type>RESIDENTIAL BUILDING</location_type><incident_zip>11225</incident_zip><incident_address>308 STERLING STREET</incident_address><street_name>STERLING STREET</street_name><cross_street_1>NOSTRAND AVENUE</cross_street_1><cross_street_2>NEW YORK AVENUE</cross_street_2><address_type>ADDRESS</address_type><city>BROOKLYN</city><facility_type>N/A</facility_type><status>Closed</status><resolution_action_updated_date year="2011" month="1" day="8">2011-01-08T00:00:00</resolution_action_updated_date><community_board>0 Unspecified</community_board><borough>Unspecified</borough><x_coordinate_state_plane_>997995</x_coordinate_state_plane_><y_coordinate_state_plane_>180882</y_coordinate_state_plane_><park_facility_name>Unspecified</park_facility_name><park_borough>Unspecified</park_borough><school_name>Unspecified</school_name><school_number>Unspecified</school_number><school_region>Unspecified</school_region><school_code>Unspecified</school_code><school_phone_number>Unspecified</school_phone_number><school_address>Unspecified</school_address><school_city>Unspecified</school_city><school_state>Unspecified</school_state><school_zip>Unspecified</school_zip><latitude>40.66314535740784</latitude><longitude>-73.95045670247269</longitude><location latitude="40.66314535740784" longitude="-73.95045670247269"/></row>