<?xml version="1.0" encoding="UTF-8"?>
<row _id="258842" _uuid="04264657-B7B4-44DD-8268-363239F0EFF3" _address="http://data.cityofnewyork.us/resource/erm2-nwe9/258842"><unique_key>16117111</unique_key><created_date year="2010" month="3" day="2">2010-03-02T00:00:00</created_date><closed_date year="2010" month="3" day="8">2010-03-08T00:00:00</closed_date><agency>DOT</agency><agency_name>Department of Transportation</agency_name><complaint_type>Street Condition</complaint_type><descriptor>Defective Hardware</descriptor><location_type>Street</location_type><incident_zip>10025</incident_zip><incident_address>845 WEST END AVENUE</incident_address><street_name>WEST END AVENUE</street_name><cross_street_1>WEST 101 STREET</cross_street_1><cross_street_2>WEST 102 STREET</cross_street_2><address_type>ADDRESS</address_type><city>NEW YORK</city><facility_type>N/A</facility_type><status>Closed</status><due_date>2010-03-12T00:00:00</due_date><resolution_action_updated_date year="2010" month="3" day="8">2010-03-08T00:00:00</resolution_action_updated_date><community_board>07 MANHATTAN</community_board><borough>MANHATTAN</borough><x_coordinate_state_plane_>992348</x_coordinate_state_plane_><y_coordinate_state_plane_>230244</y_coordinate_state_plane_><park_facility_name>Unspecified</park_facility_name><park_borough>MANHATTAN</park_borough><school_name>Unspecified</school_name><school_number>Unspecified</school_number><school_region>Unspecified</school_region><school_code>Unspecified</school_code><school_phone_number>Unspecified</school_phone_number><school_address>Unspecified</school_address><school_city>Unspecified</school_city><school_state>Unspecified</school_state><school_zip>Unspecified</school_zip><school_not_found>N</school_not_found><latitude>40.79863888280592</latitude><longitude>-73.9707516761265</longitude><location latitude="40.79863888280592" longitude="-73.9707516761265"/></row>