<?xml version="1.0" encoding="UTF-8"?>
<row _id="2723478" _uuid="04268B67-1747-43C7-BAED-8F92D32A3CB9" _address="http://data.cityofnewyork.us/resource/erm2-nwe9/2723478"><unique_key>20959222</unique_key><created_date year="2011" month="8" day="2">2011-08-02T00:00:00</created_date><closed_date year="2011" month="8" day="5">2011-08-05T00:00:00</closed_date><agency>HPD</agency><agency_name>Department of Housing Preservation and Development</agency_name><complaint_type>NONCONST</complaint_type><descriptor>SMOKE-DETECTOR</descriptor><location_type>RESIDENTIAL BUILDING</location_type><incident_zip>11223</incident_zip><incident_address>1837 STILLWELL AVENUE</incident_address><street_name>STILLWELL AVENUE</street_name><cross_street_1>81 STREET</cross_street_1><cross_street_2>82 STREET</cross_street_2><address_type>ADDRESS</address_type><city>BROOKLYN</city><facility_type>N/A</facility_type><status>Closed</status><resolution_action_updated_date year="2011" month="8" day="5">2011-08-05T00:00:00</resolution_action_updated_date><community_board>11 BROOKLYN</community_board><borough>BROOKLYN</borough><x_coordinate_state_plane_>988086</x_coordinate_state_plane_><y_coordinate_state_plane_>158483</y_coordinate_state_plane_><park_facility_name>Unspecified</park_facility_name><park_borough>BROOKLYN</park_borough><school_name>Unspecified</school_name><school_number>Unspecified</school_number><school_region>Unspecified</school_region><school_code>Unspecified</school_code><school_phone_number>Unspecified</school_phone_number><school_address>Unspecified</school_address><school_city>Unspecified</school_city><school_state>Unspecified</school_state><school_zip>Unspecified</school_zip><latitude>40.60167468753419</latitude><longitude>-73.98618602354</longitude><location latitude="40.60167468753419" longitude="-73.98618602354"/></row>