<?xml version="1.0" encoding="UTF-8"?>
<row _id="1098085" _uuid="04358E40-14A6-4019-AA7F-C703A7E26A93" _address="http://data.cityofnewyork.us/resource/erm2-nwe9/1098085"><unique_key>18863841</unique_key><created_date year="2010" month="10" day="9">2010-10-09T00:00:00</created_date><closed_date year="2010" month="10" day="16">2010-10-16T00:00:00</closed_date><agency>DEP</agency><agency_name>Department of Environmental Protection</agency_name><complaint_type>Noise</complaint_type><descriptor>Noise: Construction Equipment (NC1)</descriptor><incident_zip>10006</incident_zip><cross_street_1>LIBERTY ST</cross_street_1><cross_street_2>GREENWICH ST</cross_street_2><intersection_street_1>LIBERTY STREET</intersection_street_1><intersection_street_2>GREENWICH STREET</intersection_street_2><address_type>INTERSECTION</address_type><city>NEW YORK</city><facility_type>N/A</facility_type><status>Closed</status><resolution_action_updated_date year="2010" month="10" day="16">2010-10-16T00:00:00</resolution_action_updated_date><community_board>Unspecified MANHATTAN</community_board><borough>MANHATTAN</borough><x_coordinate_state_plane_>980751</x_coordinate_state_plane_><y_coordinate_state_plane_>197996</y_coordinate_state_plane_><park_facility_name>Unspecified</park_facility_name><park_borough>MANHATTAN</park_borough><school_name>Unspecified</school_name><school_number>Unspecified</school_number><school_region>Unspecified</school_region><school_code>Unspecified</school_code><school_phone_number>Unspecified</school_phone_number><school_address>Unspecified</school_address><school_city>Unspecified</school_city><school_state>Unspecified</school_state><school_zip>Unspecified</school_zip><latitude>40.71012934322948</latitude><longitude>-74.0126208932231</longitude><location latitude="40.71012934322948" longitude="-74.0126208932231"/></row>