<?xml version="1.0" encoding="UTF-8"?>
<row _id="3951677" _uuid="043906CF-E0A6-443D-A013-6FF9A4A535E5" _address="http://data.cityofnewyork.us/resource/erm2-nwe9/3951677"><unique_key>23160292</unique_key><created_date year="2012" month="5" day="2">2012-05-02T00:00:00</created_date><closed_date year="2012" month="5" day="3">2012-05-03T00:00:00</closed_date><agency>NYPD</agency><agency_name>New York City Police Department</agency_name><complaint_type>Illegal Parking</complaint_type><descriptor>Blocked Hydrant</descriptor><location_type>Street/Sidewalk</location_type><incident_zip>10017</incident_zip><incident_address>303 EAST 46 STREET</incident_address><street_name>EAST 46 STREET</street_name><cross_street_1>2 AVENUE</cross_street_1><cross_street_2>1 AVENUE</cross_street_2><address_type>ADDRESS</address_type><city>NEW YORK</city><facility_type>Precinct</facility_type><status>Closed</status><due_date>2012-05-03T00:00:00</due_date><resolution_action_updated_date year="2012" month="5" day="3">2012-05-03T00:00:00</resolution_action_updated_date><community_board>06 MANHATTAN</community_board><borough>MANHATTAN</borough><x_coordinate_state_plane_>992574</x_coordinate_state_plane_><y_coordinate_state_plane_>213333</y_coordinate_state_plane_><park_facility_name>Unspecified</park_facility_name><park_borough>MANHATTAN</park_borough><school_name>Unspecified</school_name><school_number>Unspecified</school_number><school_region>Unspecified</school_region><school_code>Unspecified</school_code><school_phone_number>Unspecified</school_phone_number><school_address>Unspecified</school_address><school_city>Unspecified</school_city><school_state>Unspecified</school_state><school_zip>Unspecified</school_zip><school_not_found>N</school_not_found><latitude>40.7522224227101</latitude><longitude>-73.96995635888153</longitude><location latitude="40.7522224227101" longitude="-73.96995635888153"/></row>