<?xml version="1.0" encoding="UTF-8"?>
<row _id="4575331" _uuid="043BFDC1-C635-43DF-84A6-5ADF9133085E" _address="http://data.cityofnewyork.us/resource/erm2-nwe9/4575331"><unique_key>24125385</unique_key><created_date year="2012" month="10" day="2">2012-10-02T00:00:00</created_date><closed_date year="2012" month="10" day="11">2012-10-11T00:00:00</closed_date><agency>DOB</agency><agency_name>Department of Buildings</agency_name><complaint_type>Special Enforcement</complaint_type><descriptor>SEP - Professional Certification Compliance Audit</descriptor><incident_zip>10029</incident_zip><incident_address>1180 5 AVENUE</incident_address><street_name>5 AVENUE</street_name><cross_street_1>EAST 98 STREET</cross_street_1><cross_street_2>GUSTAVE L LEVY PLACE</cross_street_2><address_type>ADDRESS</address_type><city>NEW YORK</city><facility_type>N/A</facility_type><status>Closed</status><resolution_action_updated_date year="2012" month="10" day="11">2012-10-11T00:00:00</resolution_action_updated_date><community_board>11 MANHATTAN</community_board><borough>MANHATTAN</borough><x_coordinate_state_plane_>996920</x_coordinate_state_plane_><y_coordinate_state_plane_>227088</y_coordinate_state_plane_><park_facility_name>Unspecified</park_facility_name><park_borough>MANHATTAN</park_borough><school_name>Unspecified</school_name><school_number>Unspecified</school_number><school_region>Unspecified</school_region><school_code>Unspecified</school_code><school_phone_number>Unspecified</school_phone_number><school_address>Unspecified</school_address><school_city>Unspecified</school_city><school_state>Unspecified</school_state><school_zip>Unspecified</school_zip><latitude>40.789971145137606</latitude><longitude>-73.95424450141074</longitude><location latitude="40.789971145137606" longitude="-73.95424450141074"/></row>