<?xml version="1.0" encoding="UTF-8"?>
<row _id="3010189" _uuid="04413CE4-2982-46A2-B1BE-75B3877D631D" _address="http://data.cityofnewyork.us/resource/erm2-nwe9/3010189"><unique_key>21569051</unique_key><created_date year="2011" month="10" day="3">2011-10-03T00:00:00</created_date><closed_date year="2011" month="11" day="1">2011-11-01T00:00:00</closed_date><agency>DPR</agency><agency_name>Department of Parks and Recreation</agency_name><complaint_type>Damaged Tree</complaint_type><descriptor>Branch Cracked and Will Fall</descriptor><location_type>Street</location_type><incident_zip>10128</incident_zip><incident_address>312 EAST 89 STREET</incident_address><street_name>EAST 89 STREET</street_name><cross_street_1>2 AVENUE</cross_street_1><cross_street_2>1 AVENUE</cross_street_2><address_type>ADDRESS</address_type><city>NEW YORK</city><facility_type>N/A</facility_type><status>Closed</status><due_date>2011-10-11T00:00:00</due_date><resolution_action_updated_date year="2011" month="11" day="1">2011-11-01T00:00:00</resolution_action_updated_date><community_board>08 MANHATTAN</community_board><borough>MANHATTAN</borough><x_coordinate_state_plane_>998157</x_coordinate_state_plane_><y_coordinate_state_plane_>223298</y_coordinate_state_plane_><park_facility_name>Unspecified</park_facility_name><park_borough>MANHATTAN</park_borough><school_name>Unspecified</school_name><school_number>Unspecified</school_number><school_region>Unspecified</school_region><school_code>Unspecified</school_code><school_phone_number>Unspecified</school_phone_number><school_address>Unspecified</school_address><school_city>Unspecified</school_city><school_state>Unspecified</school_state><school_zip>Unspecified</school_zip><school_not_found>N</school_not_found><latitude>40.779566746922235</latitude><longitude>-73.94978513825252</longitude><location latitude="40.779566746922235" longitude="-73.94978513825252"/></row>