<?xml version="1.0" encoding="UTF-8"?>
<row _id="2248090" _uuid="04435F19-FC0B-4702-BA73-F45AA910D9A9" _address="http://data.cityofnewyork.us/resource/erm2-nwe9/2248090"><unique_key>20446338</unique_key><created_date year="2011" month="5" day="16">2011-05-16T00:00:00</created_date><closed_date year="2011" month="5" day="19">2011-05-19T00:00:00</closed_date><agency>HPD</agency><agency_name>Department of Housing Preservation and Development</agency_name><complaint_type>PAINT - PLASTER</complaint_type><descriptor>CEILING</descriptor><location_type>RESIDENTIAL BUILDING</location_type><incident_zip>10467</incident_zip><incident_address>281 EAST 205 STREET</incident_address><street_name>EAST 205 STREET</street_name><cross_street_1>BAINBRIDGE AVENUE</cross_street_1><cross_street_2>BEND</cross_street_2><address_type>ADDRESS</address_type><city>BRONX</city><facility_type>N/A</facility_type><status>Closed</status><resolution_action_updated_date year="2011" month="5" day="19">2011-05-19T00:00:00</resolution_action_updated_date><community_board>07 BRONX</community_board><borough>BRONX</borough><x_coordinate_state_plane_>1017795</x_coordinate_state_plane_><y_coordinate_state_plane_>257773</y_coordinate_state_plane_><park_facility_name>Unspecified</park_facility_name><park_borough>BRONX</park_borough><school_name>Unspecified</school_name><school_number>Unspecified</school_number><school_region>Unspecified</school_region><school_code>Unspecified</school_code><school_phone_number>Unspecified</school_phone_number><school_address>Unspecified</school_address><school_city>Unspecified</school_city><school_state>Unspecified</school_state><school_zip>Unspecified</school_zip><latitude>40.874137979341604</latitude><longitude>-73.87870469780708</longitude><location latitude="40.874137979341604" longitude="-73.87870469780708"/></row>