<?xml version="1.0" encoding="UTF-8"?>
<row _id="2276557" _uuid="0443D4CE-7ABB-4396-8A05-B51D148325A4" _address="http://data.cityofnewyork.us/resource/erm2-nwe9/2276557"><unique_key>20417025</unique_key><created_date year="2011" month="5" day="12">2011-05-12T00:00:00</created_date><closed_date year="2011" month="7" day="6">2011-07-06T00:00:00</closed_date><agency>DSNY</agency><agency_name>Department of Sanitation</agency_name><complaint_type>Graffiti</complaint_type><descriptor>Graffiti</descriptor><location_type>Mixed Use</location_type><incident_zip>10026</incident_zip><incident_address>55 LENOX AVENUE</incident_address><street_name>LENOX AVENUE</street_name><cross_street_1>WEST 112 STREET</cross_street_1><cross_street_2>WEST 113 STREET</cross_street_2><address_type>ADDRESS</address_type><city>NEW YORK</city><facility_type>N/A</facility_type><status>Closed</status><resolution_action_updated_date year="2011" month="7" day="6">2011-07-06T00:00:00</resolution_action_updated_date><community_board>10 MANHATTAN</community_board><borough>MANHATTAN</borough><x_coordinate_state_plane_>997754</x_coordinate_state_plane_><y_coordinate_state_plane_>230712</y_coordinate_state_plane_><park_facility_name>Unspecified</park_facility_name><park_borough>MANHATTAN</park_borough><school_name>Unspecified</school_name><school_number>Unspecified</school_number><school_region>Unspecified</school_region><school_code>Unspecified</school_code><school_phone_number>Unspecified</school_phone_number><school_address>Unspecified</school_address><school_city>Unspecified</school_city><school_state>Unspecified</school_state><school_zip>Unspecified</school_zip><latitude>40.79991680693445</latitude><longitude>-73.9512253690882</longitude><location latitude="40.79991680693445" longitude="-73.9512253690882"/></row>