<?xml version="1.0" encoding="UTF-8"?>
<row _id="4575021" _uuid="0444EA45-FB32-4A5E-88D0-D7EB33E17E1E" _address="http://data.cityofnewyork.us/resource/erm2-nwe9/4575021"><unique_key>24130836</unique_key><created_date year="2012" month="10" day="2">2012-10-02T00:00:00</created_date><closed_date year="2012" month="10" day="2">2012-10-02T00:00:00</closed_date><agency>DEP</agency><agency_name>Department of Environmental Protection</agency_name><complaint_type>Sewer</complaint_type><descriptor>Sewer Backup (Use Comments) (SA)</descriptor><incident_zip>10460</incident_zip><incident_address>1754 FILLMORE STREET</incident_address><street_name>FILLMORE STREET</street_name><cross_street_1>VAN NEST AVENUE</cross_street_1><cross_street_2>MORRIS PARK AVENUE</cross_street_2><address_type>ADDRESS</address_type><city>BRONX</city><facility_type>N/A</facility_type><status>Closed</status><resolution_action_updated_date year="2012" month="10" day="2">2012-10-02T00:00:00</resolution_action_updated_date><community_board>11 BRONX</community_board><borough>BRONX</borough><x_coordinate_state_plane_>1020732</x_coordinate_state_plane_><y_coordinate_state_plane_>246697</y_coordinate_state_plane_><park_facility_name>Unspecified</park_facility_name><park_borough>BRONX</park_borough><school_name>Unspecified</school_name><school_number>Unspecified</school_number><school_region>Unspecified</school_region><school_code>Unspecified</school_code><school_phone_number>Unspecified</school_phone_number><school_address>Unspecified</school_address><school_city>Unspecified</school_city><school_state>Unspecified</school_state><school_zip>Unspecified</school_zip><latitude>40.843726067937965</latitude><longitude>-73.86814510481707</longitude><location latitude="40.843726067937965" longitude="-73.86814510481707"/></row>