<?xml version="1.0" encoding="UTF-8"?>
<row _id="1481552" _uuid="044673E7-5C8B-40CF-A930-2E1FEEBE80CF" _address="http://data.cityofnewyork.us/resource/erm2-nwe9/1481552"><unique_key>19246282</unique_key><created_date year="2010" month="12" day="2">2010-12-02T00:00:00</created_date><closed_date year="2010" month="12" day="20">2010-12-20T00:00:00</closed_date><agency>DOT</agency><agency_name>Department of Transportation</agency_name><complaint_type>Street Sign - Dangling</complaint_type><descriptor>St Name - Attached to Pole</descriptor><location_type>Street</location_type><incident_zip>11357</incident_zip><intersection_street_1>150 STREET</intersection_street_1><intersection_street_2>15 ROAD</intersection_street_2><address_type>INTERSECTION</address_type><city>WHITESTONE</city><facility_type>N/A</facility_type><status>Closed</status><due_date>2010-12-21T00:00:00</due_date><resolution_action_updated_date year="2010" month="12" day="20">2010-12-20T00:00:00</resolution_action_updated_date><community_board>07 QUEENS</community_board><borough>QUEENS</borough><x_coordinate_state_plane_>1035890</x_coordinate_state_plane_><y_coordinate_state_plane_>225786</y_coordinate_state_plane_><park_facility_name>Unspecified</park_facility_name><park_borough>QUEENS</park_borough><school_name>Unspecified</school_name><school_number>Unspecified</school_number><school_region>Unspecified</school_region><school_code>Unspecified</school_code><school_phone_number>Unspecified</school_phone_number><school_address>Unspecified</school_address><school_city>Unspecified</school_city><school_state>Unspecified</school_state><school_zip>Unspecified</school_zip><school_not_found>N</school_not_found><latitude>40.78625571911998</latitude><longitude>-73.81352140716615</longitude><location latitude="40.78625571911998" longitude="-73.81352140716615"/></row>