<?xml version="1.0" encoding="UTF-8"?>
<row _id="139" _uuid="0448CAFB-C126-4C26-9EA8-6F255E61A5DE" _address="http://data.cityofnewyork.us/resource/erm2-nwe9/139"><unique_key>18859339</unique_key><created_date year="2010" month="10" day="8">2010-10-08T00:00:00</created_date><closed_date year="2010" month="12" day="9">2010-12-09T00:00:00</closed_date><agency>DOB</agency><agency_name>Department of Buildings</agency_name><complaint_type>Building/Use</complaint_type><descriptor>Illegal Conversion Of Residential Building/Space</descriptor><incident_zip>10452</incident_zip><incident_address>1240 WOODYCREST AVENUE</incident_address><street_name>WOODYCREST AVENUE</street_name><cross_street_1>WEST 167 STREET</cross_street_1><cross_street_2>SHAKESPEARE AVENUE</cross_street_2><address_type>ADDRESS</address_type><city>BRONX</city><facility_type>N/A</facility_type><status>Closed</status><resolution_action_updated_date year="2010" month="12" day="9">2010-12-09T00:00:00</resolution_action_updated_date><community_board>04 BRONX</community_board><borough>BRONX</borough><x_coordinate_state_plane_>1005259</x_coordinate_state_plane_><y_coordinate_state_plane_>244486</y_coordinate_state_plane_><park_facility_name>Unspecified</park_facility_name><park_borough>BRONX</park_borough><school_name>Unspecified</school_name><school_number>Unspecified</school_number><school_region>Unspecified</school_region><school_code>Unspecified</school_code><school_phone_number>Unspecified</school_phone_number><school_address>Unspecified</school_address><school_city>Unspecified</school_city><school_state>Unspecified</school_state><school_zip>Unspecified</school_zip><latitude>40.83770788920941</latitude><longitude>-73.92407520950384</longitude><location latitude="40.83770788920941" longitude="-73.92407520950384"/></row>