<?xml version="1.0" encoding="UTF-8"?>
<row _id="542616" _uuid="045C603B-683C-410F-A657-5556F61A8F96" _address="http://data.cityofnewyork.us/resource/erm2-nwe9/542616"><unique_key>16568496</unique_key><created_date year="2010" month="5" day="3">2010-05-03T00:00:00</created_date><closed_date year="2010" month="5" day="14">2010-05-14T00:00:00</closed_date><agency>DOT</agency><agency_name>Department of Transportation</agency_name><complaint_type>Street Sign - Missing</complaint_type><descriptor>Street Cleaning - ASP</descriptor><location_type>Street</location_type><incident_zip>11228</incident_zip><incident_address> BAY 8 STREET</incident_address><street_name>BAY 8 STREET</street_name><cross_street_1>INDEPENDENCE AVENUE</cross_street_1><cross_street_2>BELT PARKWAY</cross_street_2><address_type>BLOCKFACE</address_type><city>BROOKLYN</city><facility_type>N/A</facility_type><status>Closed</status><due_date>2010-05-20T00:00:00</due_date><resolution_action_updated_date year="2010" month="5" day="14">2010-05-14T00:00:00</resolution_action_updated_date><community_board>11 BROOKLYN</community_board><borough>BROOKLYN</borough><x_coordinate_state_plane_>979425</x_coordinate_state_plane_><y_coordinate_state_plane_>159713</y_coordinate_state_plane_><park_facility_name>Unspecified</park_facility_name><park_borough>BROOKLYN</park_borough><school_name>Unspecified</school_name><school_number>Unspecified</school_number><school_region>Unspecified</school_region><school_code>Unspecified</school_code><school_phone_number>Unspecified</school_phone_number><school_address>Unspecified</school_address><school_city>Unspecified</school_city><school_state>Unspecified</school_state><school_zip>Unspecified</school_zip><school_not_found>N</school_not_found><latitude>40.60505030384715</latitude><longitude>-74.01737638336449</longitude><location latitude="40.60505030384715" longitude="-74.01737638336449"/></row>