<?xml version="1.0" encoding="UTF-8"?>
<row _id="2722259" _uuid="045F8F67-D493-4461-9AEF-DC1EDE1D17BB" _address="http://data.cityofnewyork.us/resource/erm2-nwe9/2722259"><unique_key>20958622</unique_key><created_date year="2011" month="8" day="2">2011-08-02T00:00:00</created_date><closed_date year="2011" month="8" day="6">2011-08-06T00:00:00</closed_date><agency>HPD</agency><agency_name>Department of Housing Preservation and Development</agency_name><complaint_type>NONCONST</complaint_type><descriptor>VERMIN</descriptor><location_type>RESIDENTIAL BUILDING</location_type><incident_zip>11207</incident_zip><incident_address>1180 HALSEY STREET</incident_address><street_name>HALSEY STREET</street_name><cross_street_1>CENTRAL AVENUE</cross_street_1><cross_street_2>WILSON AVENUE</cross_street_2><address_type>ADDRESS</address_type><city>BROOKLYN</city><facility_type>N/A</facility_type><status>Closed</status><resolution_action_updated_date year="2011" month="8" day="6">2011-08-06T00:00:00</resolution_action_updated_date><community_board>04 BROOKLYN</community_board><borough>BROOKLYN</borough><x_coordinate_state_plane_>1009163</x_coordinate_state_plane_><y_coordinate_state_plane_>190990</y_coordinate_state_plane_><park_facility_name>Unspecified</park_facility_name><park_borough>BROOKLYN</park_borough><school_name>Unspecified</school_name><school_number>Unspecified</school_number><school_region>Unspecified</school_region><school_code>Unspecified</school_code><school_phone_number>Unspecified</school_phone_number><school_address>Unspecified</school_address><school_city>Unspecified</school_city><school_state>Unspecified</school_state><school_zip>Unspecified</school_zip><latitude>40.69086513980621</latitude><longitude>-73.91016475457401</longitude><location latitude="40.69086513980621" longitude="-73.91016475457401"/></row>