<?xml version="1.0" encoding="UTF-8"?>
<row _id="4340654" _uuid="046BAE8B-7E8C-4187-BD45-324E3582C0EB" _address="http://data.cityofnewyork.us/resource/erm2-nwe9/4340654"><unique_key>23729906</unique_key><created_date year="2012" month="8" day="2">2012-08-02T00:00:00</created_date><closed_date year="2012" month="8" day="5">2012-08-05T00:00:00</closed_date><agency>HPD</agency><agency_name>Department of Housing Preservation and Development</agency_name><complaint_type>PAINT - PLASTER</complaint_type><descriptor>CEILING</descriptor><location_type>RESIDENTIAL BUILDING</location_type><incident_zip>10458</incident_zip><incident_address>265 EAST 194 STREET</incident_address><street_name>EAST 194 STREET</street_name><cross_street_1>BRIGGS AVENUE</cross_street_1><cross_street_2>BAINBRIDGE AVENUE</cross_street_2><address_type>ADDRESS</address_type><city>BRONX</city><facility_type>N/A</facility_type><status>Closed</status><resolution_action_updated_date year="2012" month="8" day="5">2012-08-05T00:00:00</resolution_action_updated_date><community_board>07 BRONX</community_board><borough>BRONX</borough><x_coordinate_state_plane_>1013979</x_coordinate_state_plane_><y_coordinate_state_plane_>254396</y_coordinate_state_plane_><park_facility_name>Unspecified</park_facility_name><park_borough>BRONX</park_borough><school_name>Unspecified</school_name><school_number>Unspecified</school_number><school_region>Unspecified</school_region><school_code>Unspecified</school_code><school_phone_number>Unspecified</school_phone_number><school_address>Unspecified</school_address><school_city>Unspecified</school_city><school_state>Unspecified</school_state><school_zip>Unspecified</school_zip><latitude>40.8648828305087</latitude><longitude>-73.89251793305431</longitude><location latitude="40.8648828305087" longitude="-73.89251793305431"/></row>