<?xml version="1.0" encoding="UTF-8"?>
<row _id="3209022" _uuid="0476E2B4-5A31-4A17-A260-24DD9A0BF223" _address="http://data.cityofnewyork.us/resource/erm2-nwe9/3209022"><unique_key>22244515</unique_key><created_date year="2011" month="12" day="2">2011-12-02T00:00:00</created_date><closed_date year="2011" month="12" day="2">2011-12-02T00:00:00</closed_date><agency>3-1-1</agency><agency_name>3-1-1 Call Center</agency_name><complaint_type>Noise Survey</complaint_type><descriptor>People Created Noise</descriptor><location_type>Home</location_type><incident_zip>10002</incident_zip><intersection_street_1>EAST HOUSTON STREET</intersection_street_1><intersection_street_2>ORCHARD STREET</intersection_street_2><address_type>INTERSECTION</address_type><city>NEW YORK</city><facility_type>N/A</facility_type><status>Closed</status><community_board>03 MANHATTAN</community_board><borough>MANHATTAN</borough><x_coordinate_state_plane_>987614</x_coordinate_state_plane_><y_coordinate_state_plane_>202575</y_coordinate_state_plane_><park_facility_name>Unspecified</park_facility_name><park_borough>MANHATTAN</park_borough><school_name>Unspecified</school_name><school_number>Unspecified</school_number><school_region>Unspecified</school_region><school_code>Unspecified</school_code><school_phone_number>Unspecified</school_phone_number><school_address>Unspecified</school_address><school_city>Unspecified</school_city><school_state>Unspecified</school_state><school_zip>Unspecified</school_zip><school_not_found>N</school_not_found><latitude>40.7226976534799</latitude><longitude>-73.98786376349238</longitude><location latitude="40.7226976534799" longitude="-73.98786376349238"/></row>