<?xml version="1.0" encoding="UTF-8"?>
<row _id="931966" _uuid="04761874-469E-46F1-BD0F-E4C2E7CA7ECE" _address="http://data.cityofnewyork.us/resource/erm2-nwe9/931966"><unique_key>18394293</unique_key><created_date year="2010" month="8" day="2">2010-08-02T00:00:00</created_date><closed_date year="2010" month="9" day="7">2010-09-07T00:00:00</closed_date><agency>HPD</agency><agency_name>Department of Housing Preservation and Development</agency_name><complaint_type>NONCONST</complaint_type><descriptor>VERMIN</descriptor><location_type>RESIDENTIAL BUILDING</location_type><incident_zip>11436</incident_zip><incident_address>141-19 FOCH BOULEVARD</incident_address><street_name>FOCH BOULEVARD</street_name><cross_street_1>141 STREET</cross_street_1><cross_street_2>142 STREET</cross_street_2><address_type>ADDRESS</address_type><city>JAMAICA</city><facility_type>N/A</facility_type><status>Closed</status><resolution_action_updated_date year="2010" month="9" day="7">2010-09-07T00:00:00</resolution_action_updated_date><community_board>0 Unspecified</community_board><borough>Unspecified</borough><x_coordinate_state_plane_>1039633</x_coordinate_state_plane_><y_coordinate_state_plane_>186540</y_coordinate_state_plane_><park_facility_name>Unspecified</park_facility_name><park_borough>Unspecified</park_borough><school_name>Unspecified</school_name><school_number>Unspecified</school_number><school_region>Unspecified</school_region><school_code>Unspecified</school_code><school_phone_number>Unspecified</school_phone_number><school_address>Unspecified</school_address><school_city>Unspecified</school_city><school_state>Unspecified</school_state><school_zip>Unspecified</school_zip><latitude>40.678512717362324</latitude><longitude>-73.80032805029634</longitude><location latitude="40.678512717362324" longitude="-73.80032805029634"/></row>