<?xml version="1.0" encoding="UTF-8"?>
<row _id="1856029" _uuid="04763378-040A-47E7-916B-BBFCF7009366" _address="http://data.cityofnewyork.us/resource/erm2-nwe9/1856029"><unique_key>20043209</unique_key><created_date year="2011" month="3" day="16">2011-03-16T00:00:00</created_date><closed_date year="2011" month="3" day="16">2011-03-16T00:00:00</closed_date><agency>DOT</agency><agency_name>Department of Transportation</agency_name><complaint_type>Traffic Signal Condition</complaint_type><descriptor>LED Pedestrian Unit</descriptor><intersection_street_1>FLUSHING AVE</intersection_street_1><intersection_street_2>METROPOLITAN AVE</intersection_street_2><address_type>INTERSECTION</address_type><facility_type>N/A</facility_type><status>Closed</status><resolution_action_updated_date year="2011" month="3" day="16">2011-03-16T00:00:00</resolution_action_updated_date><community_board>Unspecified QUEENS</community_board><borough>QUEENS</borough><park_facility_name>Unspecified</park_facility_name><park_borough>QUEENS</park_borough><school_name>Unspecified</school_name><school_number>Unspecified</school_number><school_region>Unspecified</school_region><school_code>Unspecified</school_code><school_phone_number>Unspecified</school_phone_number><school_address>Unspecified</school_address><school_city>Unspecified</school_city><school_state>Unspecified</school_state><school_zip>Unspecified</school_zip></row>