<?xml version="1.0" encoding="UTF-8"?>
<row _id="2587216" _uuid="0477CC14-0E83-4292-AE36-092FBBF308F6" _address="http://data.cityofnewyork.us/resource/erm2-nwe9/2587216"><unique_key>20758384</unique_key><created_date year="2011" month="7" day="2">2011-07-02T00:00:00</created_date><closed_date year="2011" month="7" day="2">2011-07-02T00:00:00</closed_date><agency>DEP</agency><agency_name>Department of Environmental Protection</agency_name><complaint_type>Water System</complaint_type><descriptor>Hydrant Running (WC3)</descriptor><incident_zip>11205</incident_zip><cross_street_1>N ELLIOT PL</cross_street_1><cross_street_2>PARK AVE</cross_street_2><intersection_street_1>NORTH ELLIOT PLACE</intersection_street_1><intersection_street_2>PARK AVENUE</intersection_street_2><address_type>INTERSECTION</address_type><city>BROOKLYN</city><facility_type>N/A</facility_type><status>Closed</status><resolution_action_updated_date year="2011" month="7" day="2">2011-07-02T00:00:00</resolution_action_updated_date><community_board>Unspecified BROOKLYN</community_board><borough>BROOKLYN</borough><x_coordinate_state_plane_>990520</x_coordinate_state_plane_><y_coordinate_state_plane_>192989</y_coordinate_state_plane_><park_facility_name>Unspecified</park_facility_name><park_borough>BROOKLYN</park_borough><school_name>Unspecified</school_name><school_number>Unspecified</school_number><school_region>Unspecified</school_region><school_code>Unspecified</school_code><school_phone_number>Unspecified</school_phone_number><school_address>Unspecified</school_address><school_city>Unspecified</school_city><school_state>Unspecified</school_state><school_zip>Unspecified</school_zip><latitude>40.696384774738334</latitude><longitude>-73.97738877178774</longitude><location latitude="40.696384774738334" longitude="-73.97738877178774"/></row>