<?xml version="1.0" encoding="UTF-8"?>
<row _id="924526" _uuid="0477D694-C690-465C-AAB0-835C6E7F0489" _address="http://data.cityofnewyork.us/resource/erm2-nwe9/924526"><unique_key>18387078</unique_key><created_date year="2010" month="8" day="2">2010-08-02T00:00:00</created_date><closed_date year="2010" month="8" day="2">2010-08-02T00:00:00</closed_date><agency>NYPD</agency><agency_name>New York City Police Department</agency_name><complaint_type>Noise - Commercial</complaint_type><descriptor>Loud Music/Party</descriptor><location_type>Club/Bar/Restaurant</location_type><incident_zip>10301</incident_zip><incident_address>8 VAN DUZER STREET</incident_address><street_name>VAN DUZER STREET</street_name><cross_street_1>VICTORY BOULEVARD</cross_street_1><cross_street_2>ST PAUL'S AVENUE</cross_street_2><address_type>ADDRESS</address_type><city>STATEN ISLAND</city><facility_type>Precinct</facility_type><status>Closed</status><due_date>2010-08-02T00:00:00</due_date><resolution_action_updated_date year="2010" month="8" day="2">2010-08-02T00:00:00</resolution_action_updated_date><community_board>01 STATEN ISLAND</community_board><borough>STATEN ISLAND</borough><x_coordinate_state_plane_>962591</x_coordinate_state_plane_><y_coordinate_state_plane_>171713</y_coordinate_state_plane_><park_facility_name>Unspecified</park_facility_name><park_borough>STATEN ISLAND</park_borough><school_name>Unspecified</school_name><school_number>Unspecified</school_number><school_region>Unspecified</school_region><school_code>Unspecified</school_code><school_phone_number>Unspecified</school_phone_number><school_address>Unspecified</school_address><school_city>Unspecified</school_city><school_state>Unspecified</school_state><school_zip>Unspecified</school_zip><school_not_found>N</school_not_found><latitude>40.63796263229451</latitude><longitude>-74.07803953535915</longitude><location latitude="40.63796263229451" longitude="-74.07803953535915"/></row>