<?xml version="1.0" encoding="UTF-8"?>
<row _id="258508" _uuid="0478E094-210C-48A6-83AA-454ADB18FF0F" _address="http://data.cityofnewyork.us/resource/erm2-nwe9/258508"><unique_key>16116357</unique_key><created_date year="2010" month="3" day="2">2010-03-02T00:00:00</created_date><closed_date year="2010" month="3" day="2">2010-03-02T00:00:00</closed_date><agency>NYPD</agency><agency_name>New York City Police Department</agency_name><complaint_type>Blocked Driveway</complaint_type><descriptor>No Access</descriptor><location_type>Street/Sidewalk</location_type><incident_zip>11375</incident_zip><incident_address>111-22 77 ROAD</incident_address><street_name>77 ROAD</street_name><cross_street_1>AUSTIN STREET</cross_street_1><cross_street_2>KEW FOREST LANE</cross_street_2><address_type>ADDRESS</address_type><city>FOREST HILLS</city><facility_type>Precinct</facility_type><status>Closed</status><due_date>2010-03-02T00:00:00</due_date><resolution_action_updated_date year="2010" month="3" day="2">2010-03-02T00:00:00</resolution_action_updated_date><community_board>06 QUEENS</community_board><borough>QUEENS</borough><x_coordinate_state_plane_>1030117</x_coordinate_state_plane_><y_coordinate_state_plane_>199587</y_coordinate_state_plane_><park_facility_name>Unspecified</park_facility_name><park_borough>QUEENS</park_borough><school_name>Unspecified</school_name><school_number>Unspecified</school_number><school_region>Unspecified</school_region><school_code>Unspecified</school_code><school_phone_number>Unspecified</school_phone_number><school_address>Unspecified</school_address><school_city>Unspecified</school_city><school_state>Unspecified</school_state><school_zip>Unspecified</school_zip><school_not_found>N</school_not_found><latitude>40.714378057553816</latitude><longitude>-73.83454708439236</longitude><location latitude="40.714378057553816" longitude="-73.83454708439236"/></row>