<?xml version="1.0" encoding="UTF-8"?>
<row _id="4575036" _uuid="0478C89C-DE78-4B93-A5AD-D5A10672426A" _address="http://data.cityofnewyork.us/resource/erm2-nwe9/4575036"><unique_key>24130719</unique_key><created_date year="2012" month="10" day="2">2012-10-02T00:00:00</created_date><closed_date year="2012" month="10" day="9">2012-10-09T00:00:00</closed_date><agency>DEP</agency><agency_name>Department of Environmental Protection</agency_name><complaint_type>Sewer</complaint_type><descriptor>Catch Basin Clogged/Flooding (Use Comments) (SC)</descriptor><intersection_street_1>BROOKLYN QUEENS EXPY</intersection_street_1><intersection_street_2>41 ST</intersection_street_2><address_type>INTERSECTION</address_type><facility_type>N/A</facility_type><status>Closed</status><resolution_action_updated_date year="2012" month="10" day="9">2012-10-09T00:00:00</resolution_action_updated_date><community_board>Unspecified QUEENS</community_board><borough>QUEENS</borough><park_facility_name>Unspecified</park_facility_name><park_borough>QUEENS</park_borough><school_name>Unspecified</school_name><school_number>Unspecified</school_number><school_region>Unspecified</school_region><school_code>Unspecified</school_code><school_phone_number>Unspecified</school_phone_number><school_address>Unspecified</school_address><school_city>Unspecified</school_city><school_state>Unspecified</school_state><school_zip>Unspecified</school_zip></row>