<?xml version="1.0" encoding="UTF-8"?>
<row _id="2587169" _uuid="047EECE5-D915-4579-904C-6F0E095C35AB" _address="http://data.cityofnewyork.us/resource/erm2-nwe9/2587169"><unique_key>20758336</unique_key><created_date year="2011" month="7" day="2">2011-07-02T00:00:00</created_date><closed_date year="2011" month="7" day="2">2011-07-02T00:00:00</closed_date><agency>DEP</agency><agency_name>Department of Environmental Protection</agency_name><complaint_type>Water System</complaint_type><descriptor>Hydrant Running Full (WA4)</descriptor><incident_zip>11215</incident_zip><incident_address>415 2 ST</incident_address><street_name>2 ST</street_name><cross_street_1>5 AVE</cross_street_1><cross_street_2>6 AVE</cross_street_2><address_type>ADDRESS</address_type><city>BROOKLYN</city><facility_type>N/A</facility_type><status>Closed</status><resolution_action_updated_date year="2011" month="7" day="2">2011-07-02T00:00:00</resolution_action_updated_date><community_board>Unspecified BROOKLYN</community_board><borough>BROOKLYN</borough><x_coordinate_state_plane_>989544</x_coordinate_state_plane_><y_coordinate_state_plane_>184289</y_coordinate_state_plane_><park_facility_name>Unspecified</park_facility_name><park_borough>BROOKLYN</park_borough><school_name>Unspecified</school_name><school_number>Unspecified</school_number><school_region>Unspecified</school_region><school_code>Unspecified</school_code><school_phone_number>Unspecified</school_phone_number><school_address>Unspecified</school_address><school_city>Unspecified</school_city><school_state>Unspecified</school_state><school_zip>Unspecified</school_zip><latitude>40.67250589932101</latitude><longitude>-73.98091531350698</longitude><location latitude="40.67250589932101" longitude="-73.98091531350698"/></row>