<?xml version="1.0" encoding="UTF-8"?>
<row _id="1113616" _uuid="0486DD97-9B4E-43E8-8B0F-6E1B62B09BCA" _address="http://data.cityofnewyork.us/resource/erm2-nwe9/1113616"><unique_key>18860430</unique_key><created_date year="2010" month="10" day="9">2010-10-09T00:00:00</created_date><agency>DPR</agency><agency_name>Department of Parks and Recreation</agency_name><complaint_type>Damaged Tree</complaint_type><descriptor>Branch Cracked and Will Fall</descriptor><location_type>Street</location_type><incident_zip>10458</incident_zip><incident_address>176 EAST MOSHOLU PARKWAY SOUTH</incident_address><street_name>EAST MOSHOLU PARKWAY SOUTH</street_name><cross_street_1>LISBON PLACE</cross_street_1><cross_street_2>EAST 204 STREET</cross_street_2><address_type>ADDRESS</address_type><city>BRONX</city><facility_type>N/A</facility_type><status>Assigned</status><due_date>2010-10-20T00:00:00</due_date><resolution_action_updated_date year="2010" month="10" day="12">2010-10-12T00:00:00</resolution_action_updated_date><community_board>07 BRONX</community_board><borough>BRONX</borough><x_coordinate_state_plane_>1016485</x_coordinate_state_plane_><y_coordinate_state_plane_>257925</y_coordinate_state_plane_><park_facility_name>Unspecified</park_facility_name><park_borough>BRONX</park_borough><school_name>Unspecified</school_name><school_number>Unspecified</school_number><school_region>Unspecified</school_region><school_code>Unspecified</school_code><school_phone_number>Unspecified</school_phone_number><school_address>Unspecified</school_address><school_city>Unspecified</school_city><school_state>Unspecified</school_state><school_zip>Unspecified</school_zip><school_not_found>N</school_not_found><latitude>40.87456005370888</latitude><longitude>-73.88344078729602</longitude><location latitude="40.87456005370888" longitude="-73.88344078729602"/></row>