<?xml version="1.0" encoding="UTF-8"?>
<row _id="3209304" _uuid="04868F2F-D4A0-4AE9-84B0-05F5166D1F62" _address="http://data.cityofnewyork.us/resource/erm2-nwe9/3209304"><unique_key>22243865</unique_key><created_date year="2011" month="12" day="2">2011-12-02T00:00:00</created_date><closed_date year="2011" month="12" day="1">2011-12-01T00:00:00</closed_date><agency>DOT</agency><agency_name>Department of Transportation</agency_name><complaint_type>Street Light Condition</complaint_type><descriptor>Street Light Out</descriptor><incident_address> HUTCH RVR PKWY</incident_address><street_name>HUTCH RVR PKWY</street_name><cross_street_1>EINSTEIN LOOP N</cross_street_1><facility_type>N/A</facility_type><status>Pending</status><resolution_action_updated_date year="2011" month="12" day="1">2011-12-01T00:00:00</resolution_action_updated_date><community_board>Unspecified BRONX</community_board><borough>BRONX</borough><park_facility_name>Unspecified</park_facility_name><park_borough>BRONX</park_borough><school_name>Unspecified</school_name><school_number>Unspecified</school_number><school_region>Unspecified</school_region><school_code>Unspecified</school_code><school_phone_number>Unspecified</school_phone_number><school_address>Unspecified</school_address><school_city>Unspecified</school_city><school_state>Unspecified</school_state><school_zip>Unspecified</school_zip></row>