<?xml version="1.0" encoding="UTF-8"?>
<row _id="796960" _uuid="048E99EE-8D37-4A0E-B4CD-11842887BF4E" _address="http://data.cityofnewyork.us/resource/erm2-nwe9/796960"><unique_key>17567160</unique_key><created_date year="2010" month="7" day="2">2010-07-02T00:00:00</created_date><closed_date year="2010" month="7" day="2">2010-07-02T00:00:00</closed_date><agency>NYPD</agency><agency_name>New York City Police Department</agency_name><complaint_type>Homeless Encampment</complaint_type><descriptor>N/A</descriptor><location_type>Park/Playground</location_type><incident_zip>11378</incident_zip><intersection_street_1>66 STREET</intersection_street_1><intersection_street_2>PERRY AVENUE</intersection_street_2><address_type>INTERSECTION</address_type><city>MASPETH</city><facility_type>Precinct</facility_type><status>Closed</status><due_date>2010-07-03T00:00:00</due_date><resolution_action_updated_date year="2010" month="7" day="2">2010-07-02T00:00:00</resolution_action_updated_date><community_board>05 QUEENS</community_board><borough>QUEENS</borough><x_coordinate_state_plane_>1012360</x_coordinate_state_plane_><y_coordinate_state_plane_>203463</y_coordinate_state_plane_><park_facility_name>Unspecified</park_facility_name><park_borough>QUEENS</park_borough><school_name>Unspecified</school_name><school_number>Unspecified</school_number><school_region>Unspecified</school_region><school_code>Unspecified</school_code><school_phone_number>Unspecified</school_phone_number><school_address>Unspecified</school_address><school_city>Unspecified</school_city><school_state>Unspecified</school_state><school_zip>Unspecified</school_zip><school_not_found>N</school_not_found><latitude>40.72509097479311</latitude><longitude>-73.89858444262256</longitude><location latitude="40.72509097479311" longitude="-73.89858444262256"/></row>