<?xml version="1.0" encoding="UTF-8"?>
<row _id="3074568" _uuid="04907BDA-E96C-4EE4-A061-08F44799E012" _address="http://data.cityofnewyork.us/resource/erm2-nwe9/3074568"><unique_key>22275017</unique_key><created_date year="2011" month="12" day="7">2011-12-07T00:00:00</created_date><closed_date year="2011" month="12" day="16">2011-12-16T00:00:00</closed_date><agency>DOE</agency><agency_name>School - High School of Sports Management</agency_name><complaint_type>School Maintenance</complaint_type><descriptor>Unclean Condition</descriptor><location_type>School</location_type><incident_zip>11214</incident_zip><incident_address>2630 BENSON AVENUE</incident_address><street_name>BENSON AVENUE</street_name><cross_street_1>STILLWELL AVENUE</cross_street_1><cross_street_2>BAY 43 STREET</cross_street_2><city>BROOKLYN</city><facility_type>School</facility_type><status>Closed</status><due_date>2011-12-14T00:00:00</due_date><resolution_action_updated_date year="2011" month="12" day="16">2011-12-16T00:00:00</resolution_action_updated_date><community_board>13 BROOKLYN</community_board><borough>BROOKLYN</borough><x_coordinate_state_plane_>988202</x_coordinate_state_plane_><y_coordinate_state_plane_>155793</y_coordinate_state_plane_><park_facility_name>School - High School of Sports Management</park_facility_name><park_borough>BROOKLYN</park_borough><school_name>School - High School of Sports Management</school_name><school_number>348</school_number><school_region>Region 7</school_region><school_code>21K348</school_code><school_phone_number>7183337650</school_phone_number><school_address>2630 Benson Avenue</school_address><school_city>BROOKLYN</school_city><school_state>NY</school_state><school_zip>11214</school_zip><school_not_found>N</school_not_found><latitude>40.594291130271344</latitude><longitude>-73.98576986486434</longitude><location latitude="40.594291130271344" longitude="-73.98576986486434"/></row>