<?xml version="1.0" encoding="UTF-8"?>
<row _id="259425" _uuid="04956394-8C31-437D-BAAD-A86C748868E6" _address="http://data.cityofnewyork.us/resource/erm2-nwe9/259425"><unique_key>16120598</unique_key><created_date year="2010" month="3" day="2">2010-03-02T00:00:00</created_date><closed_date year="2010" month="3" day="5">2010-03-05T00:00:00</closed_date><agency>HPD</agency><agency_name>Department of Housing Preservation and Development</agency_name><complaint_type>HEATING</complaint_type><descriptor>HEAT</descriptor><location_type>RESIDENTIAL BUILDING</location_type><incident_zip>11207</incident_zip><incident_address>61 STEWART STREET</incident_address><street_name>STEWART STREET</street_name><cross_street_1>BUSHWICK AVENUE</cross_street_1><cross_street_2>CEMETERY OF EVERGRNS BOUNDARY</cross_street_2><address_type>ADDRESS</address_type><city>BROOKLYN</city><facility_type>N/A</facility_type><status>Closed</status><resolution_action_updated_date year="2010" month="3" day="5">2010-03-05T00:00:00</resolution_action_updated_date><community_board>0 Unspecified</community_board><borough>Unspecified</borough><x_coordinate_state_plane_>1011089</x_coordinate_state_plane_><y_coordinate_state_plane_>187489</y_coordinate_state_plane_><park_facility_name>Unspecified</park_facility_name><park_borough>Unspecified</park_borough><school_name>Unspecified</school_name><school_number>Unspecified</school_number><school_region>Unspecified</school_region><school_code>Unspecified</school_code><school_phone_number>Unspecified</school_phone_number><school_address>Unspecified</school_address><school_city>Unspecified</school_city><school_state>Unspecified</school_state><school_zip>Unspecified</school_zip><latitude>40.68125007080501</latitude><longitude>-73.9032336297557</longitude><location latitude="40.68125007080501" longitude="-73.9032336297557"/></row>