<?xml version="1.0" encoding="UTF-8"?>
<row _id="2588655" _uuid="04989A93-575D-4436-BFD8-DD1493A81642" _address="http://data.cityofnewyork.us/resource/erm2-nwe9/2588655"><unique_key>20757088</unique_key><created_date year="2011" month="7" day="2">2011-07-02T00:00:00</created_date><closed_date year="2011" month="7" day="6">2011-07-06T00:00:00</closed_date><agency>DPR</agency><agency_name>Department of Parks and Recreation</agency_name><complaint_type>Maintenance or Facility</complaint_type><descriptor>Structure - Outdoors</descriptor><location_type>Park</location_type><incident_zip>10462</incident_zip><city>BRONX</city><facility_type>N/A</facility_type><status>Closed</status><due_date>2011-07-16T00:00:00</due_date><resolution_action_updated_date year="2011" month="7" day="6">2011-07-06T00:00:00</resolution_action_updated_date><community_board>11 BRONX</community_board><borough>BRONX</borough><park_facility_name>Van Nest Park</park_facility_name><park_borough>BRONX</park_borough><school_name>Van Nest Park</school_name><school_number>X093</school_number><school_phone_number>7184301800</school_phone_number><school_address>White Plains and Unionport Road, Mead Street</school_address><school_city>BRONX</school_city><school_state>NY</school_state><school_zip>10462</school_zip><school_not_found>N</school_not_found></row>