<?xml version="1.0" encoding="UTF-8"?>
<row _id="533121" _uuid="049E397C-0861-4F0E-862F-942B1F958C03" _address="http://data.cityofnewyork.us/resource/erm2-nwe9/533121"><unique_key>16755991</unique_key><created_date year="2010" month="5" day="28">2010-05-28T00:00:00</created_date><closed_date year="2010" month="6" day="3">2010-06-03T00:00:00</closed_date><agency>HPD</agency><agency_name>Department of Housing Preservation and Development</agency_name><complaint_type>PAINT - PLASTER</complaint_type><descriptor>CEILING</descriptor><location_type>RESIDENTIAL BUILDING</location_type><incident_zip>11203</incident_zip><incident_address>3506 NEWKIRK AVENUE</incident_address><street_name>NEWKIRK AVENUE</street_name><cross_street_1>EAST 35 STREET</cross_street_1><cross_street_2>BROOKLYN AVENUE</cross_street_2><address_type>ADDRESS</address_type><city>BROOKLYN</city><facility_type>N/A</facility_type><status>Closed</status><resolution_action_updated_date year="2010" month="6" day="3">2010-06-03T00:00:00</resolution_action_updated_date><community_board>0 Unspecified</community_board><borough>Unspecified</borough><x_coordinate_state_plane_>999985</x_coordinate_state_plane_><y_coordinate_state_plane_>172558</y_coordinate_state_plane_><park_facility_name>Unspecified</park_facility_name><park_borough>Unspecified</park_borough><school_name>Unspecified</school_name><school_number>Unspecified</school_number><school_region>Unspecified</school_region><school_code>Unspecified</school_code><school_phone_number>Unspecified</school_phone_number><school_address>Unspecified</school_address><school_city>Unspecified</school_city><school_state>Unspecified</school_state><school_zip>Unspecified</school_zip><latitude>40.64029448109742</latitude><longitude>-73.94330324928504</longitude><location latitude="40.64029448109742" longitude="-73.94330324928504"/></row>