<?xml version="1.0" encoding="UTF-8"?>
<row _id="542369" _uuid="04A01235-F22A-45B8-99B7-88793F116A55" _address="http://data.cityofnewyork.us/resource/erm2-nwe9/542369"><unique_key>16573754</unique_key><created_date year="2010" month="5" day="3">2010-05-03T00:00:00</created_date><closed_date year="2010" month="7" day="30">2010-07-30T00:00:00</closed_date><agency>DSNY</agency><agency_name>Department of Sanitation</agency_name><complaint_type>Graffiti</complaint_type><descriptor>Graffiti</descriptor><location_type>Residential</location_type><incident_zip>10458</incident_zip><incident_address>2409 BEAUMONT AVENUE</incident_address><street_name>BEAUMONT AVENUE</street_name><cross_street_1>EAST 187 STREET</cross_street_1><cross_street_2>EAST 188 STREET</cross_street_2><address_type>ADDRESS</address_type><city>BRONX</city><facility_type>N/A</facility_type><status>Closed</status><resolution_action_updated_date year="2010" month="8" day="4">2010-08-04T00:00:00</resolution_action_updated_date><community_board>06 BRONX</community_board><borough>BRONX</borough><x_coordinate_state_plane_>1016251</x_coordinate_state_plane_><y_coordinate_state_plane_>250598</y_coordinate_state_plane_><park_facility_name>Unspecified</park_facility_name><park_borough>BRONX</park_borough><school_name>Unspecified</school_name><school_number>Unspecified</school_number><school_region>Unspecified</school_region><school_code>Unspecified</school_code><school_phone_number>Unspecified</school_phone_number><school_address>Unspecified</school_address><school_city>Unspecified</school_city><school_state>Unspecified</school_state><school_zip>Unspecified</school_zip><latitude>40.85445052710269</latitude><longitude>-73.88432189873188</longitude><location latitude="40.85445052710269" longitude="-73.88432189873188"/></row>