<?xml version="1.0" encoding="UTF-8"?>
<row _id="1870740" _uuid="04A157EE-0E95-4FE9-82CA-A307B277B988" _address="http://data.cityofnewyork.us/resource/erm2-nwe9/1870740"><unique_key>20043409</unique_key><created_date year="2011" month="3" day="16">2011-03-16T00:00:00</created_date><closed_date year="2011" month="3" day="28">2011-03-28T00:00:00</closed_date><agency>DOT</agency><agency_name>Department of Transportation</agency_name><complaint_type>Street Condition</complaint_type><descriptor>Pothole</descriptor><incident_zip>11105</incident_zip><incident_address> DITMARS BOULEVARD</incident_address><street_name>DITMARS BOULEVARD</street_name><cross_street_1>37 STREET</cross_street_1><cross_street_2>38 STREET</cross_street_2><address_type>BLOCKFACE</address_type><city>ASTORIA</city><facility_type>N/A</facility_type><status>Closed</status><resolution_action_updated_date year="2011" month="3" day="28">2011-03-28T00:00:00</resolution_action_updated_date><community_board>01 QUEENS</community_board><borough>QUEENS</borough><x_coordinate_state_plane_>1009970</x_coordinate_state_plane_><y_coordinate_state_plane_>221139</y_coordinate_state_plane_><park_facility_name>Unspecified</park_facility_name><park_borough>QUEENS</park_borough><school_name>Unspecified</school_name><school_number>Unspecified</school_number><school_region>Unspecified</school_region><school_code>Unspecified</school_code><school_phone_number>Unspecified</school_phone_number><school_address>Unspecified</school_address><school_city>Unspecified</school_city><school_state>Unspecified</school_state><school_zip>Unspecified</school_zip><latitude>40.77361438249902</latitude><longitude>-73.90713949997244</longitude><location latitude="40.77361438249902" longitude="-73.90713949997244"/></row>