<?xml version="1.0" encoding="UTF-8"?>
<row _id="1095691" _uuid="04A2904E-75FC-4E5C-8F31-A9BFE051F375" _address="http://data.cityofnewyork.us/resource/erm2-nwe9/1095691"><unique_key>18863640</unique_key><created_date year="2010" month="10" day="9">2010-10-09T00:00:00</created_date><closed_date year="2010" month="10" day="16">2010-10-16T00:00:00</closed_date><agency>DOB</agency><agency_name>Department of Buildings</agency_name><complaint_type>Building/Use</complaint_type><descriptor>No Certificate Of Occupancy/Illegal/Contrary To CO</descriptor><incident_zip>11215</incident_zip><incident_address>512 4 AVENUE</incident_address><street_name>4 AVENUE</street_name><cross_street_1>12 STREET</cross_street_1><cross_street_2>13 STREET</cross_street_2><address_type>ADDRESS</address_type><city>BROOKLYN</city><facility_type>N/A</facility_type><status>Closed</status><resolution_action_updated_date year="2010" month="10" day="16">2010-10-16T00:00:00</resolution_action_updated_date><community_board>06 BROOKLYN</community_board><borough>BROOKLYN</borough><x_coordinate_state_plane_>986841</x_coordinate_state_plane_><y_coordinate_state_plane_>182662</y_coordinate_state_plane_><park_facility_name>Unspecified</park_facility_name><park_borough>BROOKLYN</park_borough><school_name>Unspecified</school_name><school_number>Unspecified</school_number><school_region>Unspecified</school_region><school_code>Unspecified</school_code><school_phone_number>Unspecified</school_phone_number><school_address>Unspecified</school_address><school_city>Unspecified</school_city><school_state>Unspecified</school_state><school_zip>Unspecified</school_zip><latitude>40.66804135184705</latitude><longitude>-73.99066016007092</longitude><location latitude="40.66804135184705" longitude="-73.99066016007092"/></row>