<?xml version="1.0" encoding="UTF-8"?>
<row _id="1481566" _uuid="04A56575-0853-4B48-8947-72F152793013" _address="http://data.cityofnewyork.us/resource/erm2-nwe9/1481566"><unique_key>19246635</unique_key><created_date year="2010" month="12" day="2">2010-12-02T00:00:00</created_date><closed_date year="2010" month="12" day="2">2010-12-02T00:00:00</closed_date><agency>NYPD</agency><agency_name>New York City Police Department</agency_name><complaint_type>Derelict Vehicle</complaint_type><descriptor>With License Plate</descriptor><location_type>Street/Sidewalk</location_type><incident_zip>11358</incident_zip><incident_address>190-18 CROCHERON AVENUE</incident_address><street_name>CROCHERON AVENUE</street_name><cross_street_1>190 STREET</cross_street_1><cross_street_2>191 STREET</cross_street_2><address_type>ADDRESS</address_type><city>FLUSHING</city><facility_type>Precinct</facility_type><status>Closed</status><due_date>2010-12-02T00:00:00</due_date><resolution_action_updated_date year="2010" month="12" day="2">2010-12-02T00:00:00</resolution_action_updated_date><community_board>11 QUEENS</community_board><borough>QUEENS</borough><x_coordinate_state_plane_>1042031</x_coordinate_state_plane_><y_coordinate_state_plane_>217479</y_coordinate_state_plane_><park_facility_name>Unspecified</park_facility_name><park_borough>QUEENS</park_borough><school_name>Unspecified</school_name><school_number>Unspecified</school_number><school_region>Unspecified</school_region><school_code>Unspecified</school_code><school_phone_number>Unspecified</school_phone_number><school_address>Unspecified</school_address><school_city>Unspecified</school_city><school_state>Unspecified</school_state><school_zip>Unspecified</school_zip><school_not_found>N</school_not_found><latitude>40.76341723268395</latitude><longitude>-73.79141698532555</longitude><location latitude="40.76341723268395" longitude="-73.79141698532555"/></row>