<?xml version="1.0" encoding="UTF-8"?>
<row _id="926999" _uuid="04A66C3E-8BFF-4DF6-8668-C6D96C93E323" _address="http://data.cityofnewyork.us/resource/erm2-nwe9/926999"><unique_key>18387977</unique_key><created_date year="2010" month="8" day="2">2010-08-02T00:00:00</created_date><closed_date year="2010" month="8" day="2">2010-08-02T00:00:00</closed_date><agency>NYPD</agency><agency_name>New York City Police Department</agency_name><complaint_type>Noise - Street/Sidewalk</complaint_type><descriptor>Loud Talking</descriptor><location_type>Street/Sidewalk</location_type><incident_zip>11435</incident_zip><incident_address>141-15 84 DRIVE</incident_address><street_name>84 DRIVE</street_name><cross_street_1>85 ROAD</cross_street_1><cross_street_2>BURDEN CRESCENT</cross_street_2><address_type>ADDRESS</address_type><city>JAMAICA</city><facility_type>Precinct</facility_type><status>Closed</status><due_date>2010-08-02T00:00:00</due_date><resolution_action_updated_date year="2010" month="8" day="2">2010-08-02T00:00:00</resolution_action_updated_date><community_board>08 QUEENS</community_board><borough>QUEENS</borough><x_coordinate_state_plane_>1035264</x_coordinate_state_plane_><y_coordinate_state_plane_>198120</y_coordinate_state_plane_><park_facility_name>Unspecified</park_facility_name><park_borough>QUEENS</park_borough><school_name>Unspecified</school_name><school_number>Unspecified</school_number><school_region>Unspecified</school_region><school_code>Unspecified</school_code><school_phone_number>Unspecified</school_phone_number><school_address>Unspecified</school_address><school_city>Unspecified</school_city><school_state>Unspecified</school_state><school_zip>Unspecified</school_zip><school_not_found>N</school_not_found><latitude>40.71032332006985</latitude><longitude>-73.8159918285855</longitude><location latitude="40.71032332006985" longitude="-73.8159918285855"/></row>