<?xml version="1.0" encoding="UTF-8"?>
<row _id="3010004" _uuid="04AF9314-45CB-4D7C-9A78-284F9048944C" _address="http://data.cityofnewyork.us/resource/erm2-nwe9/3010004"><unique_key>21568457</unique_key><created_date year="2011" month="10" day="3">2011-10-03T00:00:00</created_date><agency>HPD</agency><agency_name>Department of Housing Preservation and Development</agency_name><complaint_type>PAINT - PLASTER</complaint_type><descriptor>WALLS</descriptor><location_type>RESIDENTIAL BUILDING</location_type><incident_zip>11238</incident_zip><incident_address>3 QUINCY STREET</incident_address><street_name>QUINCY STREET</street_name><cross_street_1>DOWNING STREET</cross_street_1><cross_street_2>CLASSON AVENUE</cross_street_2><address_type>ADDRESS</address_type><city>BROOKLYN</city><facility_type>N/A</facility_type><status>Open</status><resolution_action_updated_date year="2011" month="11" day="7">2011-11-07T00:00:00</resolution_action_updated_date><community_board>02 BROOKLYN</community_board><borough>BROOKLYN</borough><x_coordinate_state_plane_>995075</x_coordinate_state_plane_><y_coordinate_state_plane_>189127</y_coordinate_state_plane_><park_facility_name>Unspecified</park_facility_name><park_borough>BROOKLYN</park_borough><school_name>Unspecified</school_name><school_number>Unspecified</school_number><school_region>Unspecified</school_region><school_code>Unspecified</school_code><school_phone_number>Unspecified</school_phone_number><school_address>Unspecified</school_address><school_city>Unspecified</school_city><school_state>Unspecified</school_state><school_zip>Unspecified</school_zip><latitude>40.685780076783914</latitude><longitude>-73.96096848092346</longitude><location latitude="40.685780076783914" longitude="-73.96096848092346"/></row>