<?xml version="1.0" encoding="UTF-8"?>
<row _id="3074810" _uuid="04B3D5C9-852E-472A-87DD-BAF5AADD1AB9" _address="http://data.cityofnewyork.us/resource/erm2-nwe9/3074810"><unique_key>22594348</unique_key><created_date year="2012" month="1" day="25">2012-01-25T00:00:00</created_date><closed_date year="2012" month="1" day="27">2012-01-27T00:00:00</closed_date><agency>DOE</agency><agency_name>School - PS 165 Ida Posner</agency_name><complaint_type>School Maintenance</complaint_type><descriptor>Rodents/Mice</descriptor><location_type>School</location_type><incident_zip>11212</incident_zip><incident_address>76 LOTT AVENUE</incident_address><street_name>LOTT AVENUE</street_name><cross_street_1>HOPKINSON AVENUE</cross_street_1><cross_street_2>AMBOY STREET</cross_street_2><city>BROOKLYN</city><facility_type>School</facility_type><status>Closed</status><due_date>2012-02-01T00:00:00</due_date><resolution_action_updated_date year="2012" month="1" day="27">2012-01-27T00:00:00</resolution_action_updated_date><community_board>16 BROOKLYN</community_board><borough>BROOKLYN</borough><x_coordinate_state_plane_>1008929</x_coordinate_state_plane_><y_coordinate_state_plane_>178812</y_coordinate_state_plane_><park_facility_name>School - PS 165 Ida Posner</park_facility_name><park_borough>BROOKLYN</park_borough><school_name>School - PS 165 Ida Posner</school_name><school_number>165</school_number><school_region>Region 5</school_region><school_code>23K165</school_code><school_phone_number>7184957759</school_phone_number><school_address>76 Lott Avenue</school_address><school_city>BROOKLYN</school_city><school_state>NY</school_state><school_zip>11212</school_zip><school_not_found>N</school_not_found><latitude>40.657439941314145</latitude><longitude>-73.91105313822399</longitude><location latitude="40.657439941314145" longitude="-73.91105313822399"/></row>