<?xml version="1.0" encoding="UTF-8"?>
<row _id="3702505" _uuid="04B3EB9E-7CC2-46B8-BF9D-BC458AE41B77" _address="http://data.cityofnewyork.us/resource/erm2-nwe9/3702505"><unique_key>22825612</unique_key><created_date year="2012" month="3" day="5">2012-03-05T00:00:00</created_date><closed_date year="1900" month="1" day="1">1900-01-01T00:00:00</closed_date><agency>DPR</agency><agency_name>Department of Parks and Recreation</agency_name><complaint_type>Overgrown Tree/Branches</complaint_type><descriptor>Hitting Power/Phone Lines</descriptor><incident_zip>11226</incident_zip><incident_address>239 EAST 28 STREET</incident_address><street_name>EAST 28 STREET</street_name><cross_street_1>CORTELYOU ROAD</cross_street_1><cross_street_2>CLARENDON ROAD</cross_street_2><address_type>ADDRESS</address_type><city>BROOKLYN</city><facility_type>N/A</facility_type><status>Assigned</status><due_date>2012-04-04T00:00:00</due_date><resolution_action_updated_date year="2012" month="3" day="5">2012-03-05T00:00:00</resolution_action_updated_date><community_board>17 BROOKLYN</community_board><borough>BROOKLYN</borough><x_coordinate_state_plane_>997917</x_coordinate_state_plane_><y_coordinate_state_plane_>173922</y_coordinate_state_plane_><park_facility_name>Unspecified</park_facility_name><park_borough>BROOKLYN</park_borough><school_name>Unspecified</school_name><school_number>Unspecified</school_number><school_region>Unspecified</school_region><school_code>Unspecified</school_code><school_phone_number>Unspecified</school_phone_number><school_address>Unspecified</school_address><school_city>Unspecified</school_city><school_state>Unspecified</school_state><school_zip>Unspecified</school_zip><school_not_found>N</school_not_found><latitude>40.64404180012404</latitude><longitude>-73.95075195444853</longitude><location latitude="40.64404180012404" longitude="-73.95075195444853"/></row>