<?xml version="1.0" encoding="UTF-8"?>
<row _id="3422743" _uuid="04B77FFC-CDF1-4C1E-80AB-B2026DA1234C" _address="http://data.cityofnewyork.us/resource/erm2-nwe9/3422743"><unique_key>22515150</unique_key><created_date year="2012" month="1" day="13">2012-01-13T00:00:00</created_date><closed_date year="2012" month="1" day="19">2012-01-19T00:00:00</closed_date><agency>HPD</agency><agency_name>Department of Housing Preservation and Development</agency_name><complaint_type>HEATING</complaint_type><descriptor>HEAT</descriptor><location_type>RESIDENTIAL BUILDING</location_type><incident_zip>11221</incident_zip><incident_address>208 MALCOLM X BOULEVARD</incident_address><street_name>MALCOLM X BOULEVARD</street_name><cross_street_1>PUTNAM AVENUE</cross_street_1><cross_street_2>JEFFERSON AVENUE</cross_street_2><address_type>ADDRESS</address_type><city>BROOKLYN</city><facility_type>N/A</facility_type><status>Closed</status><resolution_action_updated_date year="2012" month="1" day="19">2012-01-19T00:00:00</resolution_action_updated_date><community_board>03 BROOKLYN</community_board><borough>BROOKLYN</borough><x_coordinate_state_plane_>1003741</x_coordinate_state_plane_><y_coordinate_state_plane_>189279</y_coordinate_state_plane_><park_facility_name>Unspecified</park_facility_name><park_borough>BROOKLYN</park_borough><school_name>Unspecified</school_name><school_number>Unspecified</school_number><school_region>Unspecified</school_region><school_code>Unspecified</school_code><school_phone_number>Unspecified</school_phone_number><school_address>Unspecified</school_address><school_city>Unspecified</school_city><school_state>Unspecified</school_state><school_zip>Unspecified</school_zip><latitude>40.68618244084622</latitude><longitude>-73.92972120228292</longitude><location latitude="40.68618244084622" longitude="-73.92972120228292"/></row>