<?xml version="1.0" encoding="UTF-8"?>
<row _id="1149022" _uuid="04C2D2C9-42F6-4770-A731-7EF510F466DF" _address="http://data.cityofnewyork.us/resource/erm2-nwe9/1149022"><unique_key>18859471</unique_key><created_date year="2010" month="10" day="8">2010-10-08T00:00:00</created_date><closed_date year="2010" month="12" day="13">2010-12-13T00:00:00</closed_date><agency>DOB</agency><agency_name>Department of Buildings</agency_name><complaint_type>Building/Use</complaint_type><descriptor>Illegal Conversion Of Residential Building/Space</descriptor><incident_zip>11419</incident_zip><incident_address>104-67 111 STREET</incident_address><street_name>111 STREET</street_name><cross_street_1>LIBERTY AVENUE</cross_street_1><cross_street_2>107 AVENUE</cross_street_2><address_type>ADDRESS</address_type><city>SOUTH RICHMOND HILL</city><facility_type>N/A</facility_type><status>Closed</status><resolution_action_updated_date year="2010" month="12" day="13">2010-12-13T00:00:00</resolution_action_updated_date><community_board>10 QUEENS</community_board><borough>QUEENS</borough><x_coordinate_state_plane_>1031144</x_coordinate_state_plane_><y_coordinate_state_plane_>188652</y_coordinate_state_plane_><park_facility_name>Unspecified</park_facility_name><park_borough>QUEENS</park_borough><school_name>Unspecified</school_name><school_number>Unspecified</school_number><school_region>Unspecified</school_region><school_code>Unspecified</school_code><school_phone_number>Unspecified</school_phone_number><school_address>Unspecified</school_address><school_city>Unspecified</school_city><school_state>Unspecified</school_state><school_zip>Unspecified</school_zip><latitude>40.68435870772906</latitude><longitude>-73.83091860346663</longitude><location latitude="40.68435870772906" longitude="-73.83091860346663"/></row>