<?xml version="1.0" encoding="UTF-8"?>
<row _id="3702529" _uuid="04C44808-1512-4C4C-9B9C-E335A85052B4" _address="http://data.cityofnewyork.us/resource/erm2-nwe9/3702529"><unique_key>22816939</unique_key><created_date year="2012" month="3" day="4">2012-03-04T00:00:00</created_date><closed_date year="2012" month="3" day="5">2012-03-05T00:00:00</closed_date><agency>NYPD</agency><agency_name>New York City Police Department</agency_name><complaint_type>Blocked Driveway</complaint_type><descriptor>No Access</descriptor><incident_zip>11212</incident_zip><incident_address>1305 EAST NEW YORK AVENUE</incident_address><street_name>EAST NEW YORK AVENUE</street_name><cross_street_1>GRAFTON STREET</cross_street_1><cross_street_2>LEGION STREET</cross_street_2><address_type>ADDRESS</address_type><city>BROOKLYN</city><facility_type>Precinct</facility_type><status>Closed</status><due_date>2012-03-05T00:00:00</due_date><resolution_action_updated_date year="2012" month="3" day="5">2012-03-05T00:00:00</resolution_action_updated_date><community_board>16 BROOKLYN</community_board><borough>BROOKLYN</borough><x_coordinate_state_plane_>1006749</x_coordinate_state_plane_><y_coordinate_state_plane_>182944</y_coordinate_state_plane_><park_facility_name>Unspecified</park_facility_name><park_borough>BROOKLYN</park_borough><school_name>Unspecified</school_name><school_number>Unspecified</school_number><school_region>Unspecified</school_region><school_code>Unspecified</school_code><school_phone_number>Unspecified</school_phone_number><school_address>Unspecified</school_address><school_city>Unspecified</school_city><school_state>Unspecified</school_state><school_zip>Unspecified</school_zip><school_not_found>N</school_not_found><latitude>40.668787169689075</latitude><longitude>-73.9188963960237</longitude><location latitude="40.668787169689075" longitude="-73.9188963960237"/></row>