<?xml version="1.0" encoding="UTF-8"?>
<row _id="2320071" _uuid="04C669C4-62D3-4495-AF5A-1CCC0F133129" _address="http://data.cityofnewyork.us/resource/erm2-nwe9/2320071"><unique_key>20343411</unique_key><created_date year="2011" month="5" day="2">2011-05-02T00:00:00</created_date><closed_date year="2011" month="5" day="2">2011-05-02T00:00:00</closed_date><agency>NYPD</agency><agency_name>New York City Police Department</agency_name><complaint_type>Blocked Driveway</complaint_type><descriptor>No Access</descriptor><location_type>Street/Sidewalk</location_type><incident_zip>11207</incident_zip><incident_address>697 EVERGREEN AVENUE</incident_address><street_name>EVERGREEN AVENUE</street_name><cross_street_1>COOPER STREET</cross_street_1><cross_street_2>MOFFAT STREET</cross_street_2><address_type>ADDRESS</address_type><city>BROOKLYN</city><facility_type>Precinct</facility_type><status>Closed</status><due_date>2011-05-02T00:00:00</due_date><resolution_action_updated_date year="2011" month="5" day="2">2011-05-02T00:00:00</resolution_action_updated_date><community_board>04 BROOKLYN</community_board><borough>BROOKLYN</borough><x_coordinate_state_plane_>1009607</x_coordinate_state_plane_><y_coordinate_state_plane_>189349</y_coordinate_state_plane_><park_facility_name>Unspecified</park_facility_name><park_borough>BROOKLYN</park_borough><school_name>Unspecified</school_name><school_number>Unspecified</school_number><school_region>Unspecified</school_region><school_code>Unspecified</school_code><school_phone_number>Unspecified</school_phone_number><school_address>Unspecified</school_address><school_city>Unspecified</school_city><school_state>Unspecified</school_state><school_zip>Unspecified</school_zip><school_not_found>N</school_not_found><latitude>40.686359713273575</latitude><longitude>-73.90856988642439</longitude><location latitude="40.686359713273575" longitude="-73.90856988642439"/></row>