<?xml version="1.0" encoding="UTF-8"?>
<row _id="2321042" _uuid="04C6F544-2198-4A69-8D7E-3B698A49B2A7" _address="http://data.cityofnewyork.us/resource/erm2-nwe9/2321042"><unique_key>20343511</unique_key><created_date year="2011" month="5" day="2">2011-05-02T00:00:00</created_date><closed_date year="2011" month="5" day="2">2011-05-02T00:00:00</closed_date><agency>DPR</agency><agency_name>Department of Parks and Recreation</agency_name><complaint_type>Overgrown Tree/Branches</complaint_type><descriptor>Hitting Power/Phone Lines</descriptor><location_type>Street</location_type><incident_zip>11421</incident_zip><incident_address>91-40 90 STREET</incident_address><street_name>90 STREET</street_name><cross_street_1>91 AVENUE</cross_street_1><cross_street_2>ATLANTIC AVENUE</cross_street_2><address_type>ADDRESS</address_type><city>WOODHAVEN</city><facility_type>N/A</facility_type><status>Closed</status><due_date>2011-05-12T00:00:00</due_date><resolution_action_updated_date year="2011" month="5" day="2">2011-05-02T00:00:00</resolution_action_updated_date><community_board>09 QUEENS</community_board><borough>QUEENS</borough><x_coordinate_state_plane_>1025061</x_coordinate_state_plane_><y_coordinate_state_plane_>190040</y_coordinate_state_plane_><park_facility_name>Unspecified</park_facility_name><park_borough>QUEENS</park_borough><school_name>Unspecified</school_name><school_number>Unspecified</school_number><school_region>Unspecified</school_region><school_code>Unspecified</school_code><school_phone_number>Unspecified</school_phone_number><school_address>Unspecified</school_address><school_city>Unspecified</school_city><school_state>Unspecified</school_state><school_zip>Unspecified</school_zip><school_not_found>N</school_not_found><latitude>40.68819858205052</latitude><longitude>-73.85284306720847</longitude><location latitude="40.68819858205052" longitude="-73.85284306720847"/></row>