<?xml version="1.0" encoding="UTF-8"?>
<row _id="3074565" _uuid="04C81DFE-8C22-4DA3-817E-E9BB83DEBB7E" _address="http://data.cityofnewyork.us/resource/erm2-nwe9/3074565"><unique_key>22399273</unique_key><created_date year="2011" month="12" day="27">2011-12-27T00:00:00</created_date><closed_date year="2011" month="12" day="30">2011-12-30T00:00:00</closed_date><agency>DOE</agency><agency_name>School - PS 161 The Crown</agency_name><complaint_type>School Maintenance</complaint_type><descriptor>Broken Fence</descriptor><location_type>School</location_type><incident_zip>11225</incident_zip><incident_address>330 CROWN STREET</incident_address><street_name>CROWN STREET</street_name><cross_street_1>NEW YORK AVENUE</cross_street_1><cross_street_2>NOSTRAND AVENUE</cross_street_2><city>BROOKLYN</city><facility_type>School</facility_type><status>Closed</status><due_date>2012-01-03T00:00:00</due_date><resolution_action_updated_date year="2011" month="12" day="30">2011-12-30T00:00:00</resolution_action_updated_date><community_board>09 BROOKLYN</community_board><borough>BROOKLYN</borough><x_coordinate_state_plane_>998395</x_coordinate_state_plane_><y_coordinate_state_plane_>181988</y_coordinate_state_plane_><park_facility_name>School - PS 161 The Crown</park_facility_name><park_borough>BROOKLYN</park_borough><school_name>School - PS 161 The Crown</school_name><school_number>161</school_number><school_region>Region 6</school_region><school_code>17K161</school_code><school_phone_number>7187563100</school_phone_number><school_address>330 Crown Street</school_address><school_city>BROOKLYN</school_city><school_state>NY</school_state><school_zip>11225</school_zip><school_not_found>N</school_not_found><latitude>40.666180451646625</latitude><longitude>-73.94901259851812</longitude><location latitude="40.666180451646625" longitude="-73.94901259851812"/></row>