<?xml version="1.0" encoding="UTF-8"?>
<row _id="1008191" _uuid="04CA945E-FE32-4E3C-A7DD-EFC0058148CA" _address="http://data.cityofnewyork.us/resource/erm2-nwe9/1008191"><unique_key>18863542</unique_key><created_date year="2010" month="10" day="9">2010-10-09T00:00:00</created_date><closed_date year="2010" month="10" day="20">2010-10-20T00:00:00</closed_date><agency>DOB</agency><agency_name>Department of Buildings</agency_name><complaint_type>Boilers</complaint_type><descriptor>Boiler - Fumes/Smoke/Carbon Monoxide</descriptor><incident_zip>10468</incident_zip><incident_address>2785 SEDGWICK AVENUE</incident_address><street_name>SEDGWICK AVENUE</street_name><cross_street_1>WEST 195 STREET</cross_street_1><cross_street_2>WEST 197 STREET</cross_street_2><address_type>ADDRESS</address_type><city>BRONX</city><facility_type>N/A</facility_type><status>Closed</status><resolution_action_updated_date year="2010" month="10" day="20">2010-10-20T00:00:00</resolution_action_updated_date><community_board>08 BRONX</community_board><borough>BRONX</borough><x_coordinate_state_plane_>1011260</x_coordinate_state_plane_><y_coordinate_state_plane_>256919</y_coordinate_state_plane_><park_facility_name>Unspecified</park_facility_name><park_borough>BRONX</park_borough><school_name>Unspecified</school_name><school_number>Unspecified</school_number><school_region>Unspecified</school_region><school_code>Unspecified</school_code><school_phone_number>Unspecified</school_phone_number><school_address>Unspecified</school_address><school_city>Unspecified</school_city><school_state>Unspecified</school_state><school_zip>Unspecified</school_zip><latitude>40.87181643042306</latitude><longitude>-73.9023380128015</longitude><location latitude="40.87181643042306" longitude="-73.9023380128015"/></row>