<?xml version="1.0" encoding="UTF-8"?>
<row _id="1722419" _uuid="04CAC133-4E70-4BCD-9855-E792DBF979D1" _address="http://data.cityofnewyork.us/resource/erm2-nwe9/1722419"><unique_key>20076706</unique_key><created_date year="2011" month="3" day="21">2011-03-21T00:00:00</created_date><closed_date year="2011" month="3" day="25">2011-03-25T00:00:00</closed_date><agency>HPD</agency><agency_name>Department of Housing Preservation and Development</agency_name><complaint_type>PLUMBING</complaint_type><descriptor>BASIN/SINK</descriptor><location_type>RESIDENTIAL BUILDING</location_type><incident_zip>10453</incident_zip><incident_address>2259 CRESTON AVENUE</incident_address><street_name>CRESTON AVENUE</street_name><cross_street_1>EAST 182 STREET</cross_street_1><cross_street_2>EAST 183 STREET</cross_street_2><address_type>ADDRESS</address_type><city>BRONX</city><facility_type>N/A</facility_type><status>Closed</status><resolution_action_updated_date year="2011" month="3" day="25">2011-03-25T00:00:00</resolution_action_updated_date><community_board>05 BRONX</community_board><borough>BRONX</borough><x_coordinate_state_plane_>1011528</x_coordinate_state_plane_><y_coordinate_state_plane_>251532</y_coordinate_state_plane_><park_facility_name>Unspecified</park_facility_name><park_borough>BRONX</park_borough><school_name>Unspecified</school_name><school_number>Unspecified</school_number><school_region>Unspecified</school_region><school_code>Unspecified</school_code><school_phone_number>Unspecified</school_phone_number><school_address>Unspecified</school_address><school_city>Unspecified</school_city><school_state>Unspecified</school_state><school_zip>Unspecified</school_zip><latitude>40.857029932100616</latitude><longitude>-73.90139091361746</longitude><location latitude="40.857029932100616" longitude="-73.90139091361746"/></row>