<?xml version="1.0" encoding="UTF-8"?>
<row _id="1481574" _uuid="04CBD1C1-5F6F-450B-A2A6-BECB3D9A480A" _address="http://data.cityofnewyork.us/resource/erm2-nwe9/1481574"><unique_key>19246657</unique_key><created_date year="2010" month="12" day="2">2010-12-02T00:00:00</created_date><closed_date year="2010" month="12" day="2">2010-12-02T00:00:00</closed_date><agency>NYPD</agency><agency_name>New York City Police Department</agency_name><complaint_type>Noise - Street/Sidewalk</complaint_type><descriptor>Loud Talking</descriptor><location_type>Street/Sidewalk</location_type><incident_zip>11215</incident_zip><incident_address>384 7 AVENUE</incident_address><street_name>7 AVENUE</street_name><cross_street_1>11 STREET</cross_street_1><cross_street_2>12 STREET</cross_street_2><address_type>ADDRESS</address_type><city>BROOKLYN</city><facility_type>Precinct</facility_type><status>Closed</status><due_date>2010-12-02T00:00:00</due_date><resolution_action_updated_date year="2010" month="12" day="2">2010-12-02T00:00:00</resolution_action_updated_date><community_board>06 BROOKLYN</community_board><borough>BROOKLYN</borough><x_coordinate_state_plane_>988990</x_coordinate_state_plane_><y_coordinate_state_plane_>181668</y_coordinate_state_plane_><park_facility_name>Unspecified</park_facility_name><park_borough>BROOKLYN</park_borough><school_name>Unspecified</school_name><school_number>Unspecified</school_number><school_region>Unspecified</school_region><school_code>Unspecified</school_code><school_phone_number>Unspecified</school_phone_number><school_address>Unspecified</school_address><school_city>Unspecified</school_city><school_state>Unspecified</school_state><school_zip>Unspecified</school_zip><school_not_found>N</school_not_found><latitude>40.66531215323445</latitude><longitude>-73.98291430718626</longitude><location latitude="40.66531215323445" longitude="-73.98291430718626"/></row>