<?xml version="1.0" encoding="UTF-8"?>
<row _id="1868935" _uuid="04CEE7CA-2B0D-43D0-A7A8-D4B1BC388D8B" _address="http://data.cityofnewyork.us/resource/erm2-nwe9/1868935"><unique_key>20043376</unique_key><created_date year="2011" month="3" day="16">2011-03-16T00:00:00</created_date><closed_date year="2011" month="3" day="21">2011-03-21T00:00:00</closed_date><agency>DOT</agency><agency_name>Department of Transportation</agency_name><complaint_type>Street Condition</complaint_type><descriptor>Pothole</descriptor><incident_zip>11377</incident_zip><intersection_street_1>44 AVENUE</intersection_street_1><intersection_street_2>72 STREET</intersection_street_2><address_type>INTERSECTION</address_type><city>WOODSIDE</city><facility_type>N/A</facility_type><status>Closed</status><resolution_action_updated_date year="2011" month="3" day="21">2011-03-21T00:00:00</resolution_action_updated_date><community_board>02 QUEENS</community_board><borough>QUEENS</borough><x_coordinate_state_plane_>1014037</x_coordinate_state_plane_><y_coordinate_state_plane_>209365</y_coordinate_state_plane_><park_facility_name>Unspecified</park_facility_name><park_borough>QUEENS</park_borough><school_name>Unspecified</school_name><school_number>Unspecified</school_number><school_region>Unspecified</school_region><school_code>Unspecified</school_code><school_phone_number>Unspecified</school_phone_number><school_address>Unspecified</school_address><school_city>Unspecified</school_city><school_state>Unspecified</school_state><school_zip>Unspecified</school_zip><latitude>40.74128501371099</latitude><longitude>-73.89250802072534</longitude><location latitude="40.74128501371099" longitude="-73.89250802072534"/></row>