<?xml version="1.0" encoding="UTF-8"?>
<row _id="1874634" _uuid="04CFBC25-439F-4753-AE58-0651885ACA79" _address="http://data.cityofnewyork.us/resource/erm2-nwe9/1874634"><unique_key>20043631</unique_key><created_date year="2011" month="3" day="15">2011-03-15T00:00:00</created_date><closed_date year="2011" month="4" day="5">2011-04-05T00:00:00</closed_date><agency>DOT</agency><agency_name>Department of Transportation</agency_name><complaint_type>Street Condition</complaint_type><descriptor>Pothole</descriptor><incident_zip>10472</incident_zip><incident_address>1576 WATSON AVENUE</incident_address><street_name>WATSON AVENUE</street_name><cross_street_1>WARD AVENUE</cross_street_1><cross_street_2>MANOR AVENUE</cross_street_2><address_type>ADDRESS</address_type><city>BRONX</city><facility_type>N/A</facility_type><status>Closed</status><resolution_action_updated_date year="2011" month="4" day="5">2011-04-05T00:00:00</resolution_action_updated_date><community_board>09 BRONX</community_board><borough>BRONX</borough><x_coordinate_state_plane_>1018549</x_coordinate_state_plane_><y_coordinate_state_plane_>240366</y_coordinate_state_plane_><park_facility_name>Unspecified</park_facility_name><park_borough>BRONX</park_borough><school_name>Unspecified</school_name><school_number>Unspecified</school_number><school_region>Unspecified</school_region><school_code>Unspecified</school_code><school_phone_number>Unspecified</school_phone_number><school_address>Unspecified</school_address><school_city>Unspecified</school_city><school_state>Unspecified</school_state><school_zip>Unspecified</school_zip><latitude>40.82635806809263</latitude><longitude>-73.87606736447924</longitude><location latitude="40.82635806809263" longitude="-73.87606736447924"/></row>