<?xml version="1.0" encoding="UTF-8"?>
<row _id="1412212" _uuid="04D4EEBD-89A3-4D3E-8D16-FE07DBC33E5D" _address="http://data.cityofnewyork.us/resource/erm2-nwe9/1412212"><unique_key>20428324</unique_key><created_date year="2011" month="5" day="13">2011-05-13T00:00:00</created_date><closed_date year="2011" month="5" day="18">2011-05-18T00:00:00</closed_date><agency>DOT</agency><agency_name>Department of Transportation</agency_name><complaint_type>Street Condition</complaint_type><descriptor>Defective Hardware</descriptor><location_type>Street</location_type><incident_zip>10016</incident_zip><incident_address>349 5 AVENUE</incident_address><street_name>5 AVENUE</street_name><cross_street_1>5 AVENUE</cross_street_1><cross_street_2>MADISON AVENUE</cross_street_2><address_type>ADDRESS</address_type><city>NEW YORK</city><facility_type>N/A</facility_type><status>Closed</status><due_date>2011-05-23T00:00:00</due_date><resolution_action_updated_date year="2011" month="5" day="18">2011-05-18T00:00:00</resolution_action_updated_date><community_board>05 MANHATTAN</community_board><borough>MANHATTAN</borough><x_coordinate_state_plane_>988593</x_coordinate_state_plane_><y_coordinate_state_plane_>211914</y_coordinate_state_plane_><park_facility_name>Unspecified</park_facility_name><park_borough>MANHATTAN</park_borough><school_name>Unspecified</school_name><school_number>Unspecified</school_number><school_region>Unspecified</school_region><school_code>Unspecified</school_code><school_phone_number>Unspecified</school_phone_number><school_address>Unspecified</school_address><school_city>Unspecified</school_city><school_state>Unspecified</school_state><school_zip>Unspecified</school_zip><school_not_found>N</school_not_found><latitude>40.74833047743797</latitude><longitude>-73.98432581586138</longitude><location latitude="40.74833047743797" longitude="-73.98432581586138"/></row>