<?xml version="1.0" encoding="UTF-8"?>
<row _id="4575039" _uuid="04DCADD4-9D81-466F-99BB-9F1F0DE35336" _address="http://data.cityofnewyork.us/resource/erm2-nwe9/4575039"><unique_key>24129181</unique_key><created_date year="2012" month="10" day="2">2012-10-02T00:00:00</created_date><closed_date year="2012" month="10" day="2">2012-10-02T00:00:00</closed_date><agency>DEP</agency><agency_name>Department of Environmental Protection</agency_name><complaint_type>Water System</complaint_type><descriptor>Excessive Water In Basement (WEFB)</descriptor><incident_zip>10019</incident_zip><incident_address>712 9 AVENUE</incident_address><street_name>9 AVENUE</street_name><cross_street_1>WEST 48 STREET</cross_street_1><cross_street_2>WEST 49 STREET</cross_street_2><address_type>ADDRESS</address_type><city>NEW YORK</city><facility_type>N/A</facility_type><status>Closed</status><resolution_action_updated_date year="2012" month="10" day="2">2012-10-02T00:00:00</resolution_action_updated_date><community_board>04 MANHATTAN</community_board><borough>MANHATTAN</borough><x_coordinate_state_plane_>987136</x_coordinate_state_plane_><y_coordinate_state_plane_>217112</y_coordinate_state_plane_><park_facility_name>Unspecified</park_facility_name><park_borough>MANHATTAN</park_borough><school_name>Unspecified</school_name><school_number>Unspecified</school_number><school_region>Unspecified</school_region><school_code>Unspecified</school_code><school_phone_number>Unspecified</school_phone_number><school_address>Unspecified</school_address><school_city>Unspecified</school_city><school_state>Unspecified</school_state><school_zip>Unspecified</school_zip><latitude>40.762598260034196</latitude><longitude>-73.98958199735097</longitude><location latitude="40.762598260034196" longitude="-73.98958199735097"/></row>