<?xml version="1.0" encoding="UTF-8"?>
<row _id="794832" _uuid="04E59AD6-014A-41B4-9DF3-625494046D32" _address="http://data.cityofnewyork.us/resource/erm2-nwe9/794832"><unique_key>17565342</unique_key><created_date year="2010" month="7" day="2">2010-07-02T00:00:00</created_date><closed_date year="2010" month="8" day="2">2010-08-02T00:00:00</closed_date><agency>DOHMH</agency><agency_name>Department of Health and Mental Hygiene</agency_name><complaint_type>Unleashed Dog</complaint_type><descriptor>Unleashed Dog in Public</descriptor><location_type>Public/Unfenced Area</location_type><incident_zip>11434</incident_zip><incident_address>175-01 145 DRIVE</incident_address><street_name>145 DRIVE</street_name><cross_street_1>175 STREET</cross_street_1><cross_street_2>176 STREET</cross_street_2><address_type>ADDRESS</address_type><city>JAMAICA</city><facility_type>N/A</facility_type><status>Closed</status><due_date>2010-08-01T00:00:00</due_date><resolution_action_updated_date year="2010" month="8" day="2">2010-08-02T00:00:00</resolution_action_updated_date><community_board>13 QUEENS</community_board><borough>QUEENS</borough><x_coordinate_state_plane_>1047480</x_coordinate_state_plane_><y_coordinate_state_plane_>181052</y_coordinate_state_plane_><park_facility_name>Unspecified</park_facility_name><park_borough>QUEENS</park_borough><school_name>Unspecified</school_name><school_number>Unspecified</school_number><school_region>Unspecified</school_region><school_code>Unspecified</school_code><school_phone_number>Unspecified</school_phone_number><school_address>Unspecified</school_address><school_city>Unspecified</school_city><school_state>Unspecified</school_state><school_zip>Unspecified</school_zip><latitude>40.663396863616875</latitude><longitude>-73.77208891368709</longitude><location latitude="40.663396863616875" longitude="-73.77208891368709"/></row>