<?xml version="1.0" encoding="UTF-8"?>
<row _id="2588638" _uuid="04E81050-4DD0-4727-B738-D693B56067BB" _address="http://data.cityofnewyork.us/resource/erm2-nwe9/2588638"><unique_key>20756714</unique_key><created_date year="2011" month="7" day="2">2011-07-02T00:00:00</created_date><closed_date year="2011" month="7" day="3">2011-07-03T00:00:00</closed_date><agency>NYPD</agency><agency_name>New York City Police Department</agency_name><complaint_type>Blocked Driveway</complaint_type><descriptor>No Access</descriptor><location_type>Street/Sidewalk</location_type><incident_zip>10301</incident_zip><incident_address>90 SAINT MARKS PLACE</incident_address><street_name>SAINT MARKS PLACE</street_name><cross_street_1>BEND</cross_street_1><cross_street_2>NICHOLAS STREET</cross_street_2><address_type>ADDRESS</address_type><city>STATEN ISLAND</city><facility_type>Precinct</facility_type><status>Closed</status><due_date>2011-07-03T00:00:00</due_date><resolution_action_updated_date year="2011" month="7" day="3">2011-07-03T00:00:00</resolution_action_updated_date><community_board>01 STATEN ISLAND</community_board><borough>STATEN ISLAND</borough><x_coordinate_state_plane_>961142</x_coordinate_state_plane_><y_coordinate_state_plane_>174817</y_coordinate_state_plane_><park_facility_name>Unspecified</park_facility_name><park_borough>STATEN ISLAND</park_borough><school_name>Unspecified</school_name><school_number>Unspecified</school_number><school_region>Unspecified</school_region><school_code>Unspecified</school_code><school_phone_number>Unspecified</school_phone_number><school_address>Unspecified</school_address><school_city>Unspecified</school_city><school_state>Unspecified</school_state><school_zip>Unspecified</school_zip><school_not_found>N</school_not_found><latitude>40.646478780191366</latitude><longitude>-74.0832710553799</longitude><location latitude="40.646478780191366" longitude="-74.0832710553799"/></row>