<?xml version="1.0" encoding="UTF-8"?>
<row _id="932152" _uuid="04EB1463-9A8B-4A55-AB72-E93A7E93BCD4" _address="http://data.cityofnewyork.us/resource/erm2-nwe9/932152"><unique_key>18398370</unique_key><created_date year="2010" month="8" day="3">2010-08-03T00:00:00</created_date><closed_date year="2010" month="8" day="3">2010-08-03T00:00:00</closed_date><agency>DOT</agency><agency_name>Department of Transportation</agency_name><complaint_type>Street Condition</complaint_type><descriptor>Blocked - Construction</descriptor><location_type>Street</location_type><incident_zip>10001</incident_zip><incident_address>835 AVENUE OF THE AMERICAS</incident_address><street_name>AVENUE OF THE AMERICAS</street_name><cross_street_1>WEST 29 STREET</cross_street_1><cross_street_2>WEST 30 STREET</cross_street_2><address_type>ADDRESS</address_type><city>NEW YORK</city><facility_type>N/A</facility_type><status>Closed</status><due_date>2010-08-13T00:00:00</due_date><resolution_action_updated_date year="2010" month="8" day="3">2010-08-03T00:00:00</resolution_action_updated_date><community_board>05 MANHATTAN</community_board><borough>MANHATTAN</borough><x_coordinate_state_plane_>987028</x_coordinate_state_plane_><y_coordinate_state_plane_>211358</y_coordinate_state_plane_><park_facility_name>Unspecified</park_facility_name><park_borough>MANHATTAN</park_borough><school_name>Unspecified</school_name><school_number>Unspecified</school_number><school_region>Unspecified</school_region><school_code>Unspecified</school_code><school_phone_number>Unspecified</school_phone_number><school_address>Unspecified</school_address><school_city>Unspecified</school_city><school_state>Unspecified</school_state><school_zip>Unspecified</school_zip><school_not_found>N</school_not_found><latitude>40.746805027340436</latitude><longitude>-73.98997423753819</longitude><location latitude="40.746805027340436" longitude="-73.98997423753819"/></row>