<?xml version="1.0" encoding="UTF-8"?>
<row _id="257543" _uuid="04F0E441-313A-45E6-93A1-DD910D1009CB" _address="http://data.cityofnewyork.us/resource/erm2-nwe9/257543"><unique_key>16119865</unique_key><created_date year="2010" month="3" day="2">2010-03-02T00:00:00</created_date><closed_date year="2010" month="3" day="4">2010-03-04T00:00:00</closed_date><agency>HPD</agency><agency_name>Department of Housing Preservation and Development</agency_name><complaint_type>NONCONST</complaint_type><descriptor>JANITOR-SUPER</descriptor><location_type>RESIDENTIAL BUILDING</location_type><incident_zip>10452</incident_zip><incident_address>1538 NELSON AVENUE</incident_address><street_name>NELSON AVENUE</street_name><cross_street_1>CROSS BRONX EXPRESSWAY</cross_street_1><cross_street_2>FEATHERBED LANE</cross_street_2><address_type>ADDRESS</address_type><city>BRONX</city><facility_type>N/A</facility_type><status>Closed</status><resolution_action_updated_date year="2010" month="3" day="4">2010-03-04T00:00:00</resolution_action_updated_date><community_board>0 Unspecified</community_board><borough>Unspecified</borough><x_coordinate_state_plane_>1006362</x_coordinate_state_plane_><y_coordinate_state_plane_>247314</y_coordinate_state_plane_><park_facility_name>Unspecified</park_facility_name><park_borough>Unspecified</park_borough><school_name>Unspecified</school_name><school_number>Unspecified</school_number><school_region>Unspecified</school_region><school_code>Unspecified</school_code><school_phone_number>Unspecified</school_phone_number><school_address>Unspecified</school_address><school_city>Unspecified</school_city><school_state>Unspecified</school_state><school_zip>Unspecified</school_zip><latitude>40.84546722762271</latitude><longitude>-73.92007973630918</longitude><location latitude="40.84546722762271" longitude="-73.92007973630918"/></row>