<?xml version="1.0" encoding="UTF-8"?>
<row _id="4863925" _uuid="04FCE36E-E38B-493A-A80D-00AC91AC1517" _address="http://data.cityofnewyork.us/resource/erm2-nwe9/4863925"><unique_key>24521637</unique_key><created_date year="2012" month="12" day="2">2012-12-02T00:00:00</created_date><closed_date year="2012" month="12" day="6">2012-12-06T00:00:00</closed_date><agency>HPD</agency><agency_name>Department of Housing Preservation and Development</agency_name><complaint_type>PLUMBING</complaint_type><descriptor>WATER-LEAKS</descriptor><location_type>RESIDENTIAL BUILDING</location_type><incident_zip>10003</incident_zip><incident_address>77 ST MARKS PLACE</incident_address><street_name>ST MARKS PLACE</street_name><cross_street_1>2 AVENUE</cross_street_1><cross_street_2>1 AVENUE</cross_street_2><address_type>ADDRESS</address_type><city>NEW YORK</city><facility_type>N/A</facility_type><status>Closed</status><resolution_action_updated_date year="2012" month="12" day="6">2012-12-06T00:00:00</resolution_action_updated_date><community_board>03 MANHATTAN</community_board><borough>MANHATTAN</borough><x_coordinate_state_plane_>988168</x_coordinate_state_plane_><y_coordinate_state_plane_>204450</y_coordinate_state_plane_><park_facility_name>Unspecified</park_facility_name><park_borough>MANHATTAN</park_borough><school_name>Unspecified</school_name><school_number>Unspecified</school_number><school_region>Unspecified</school_region><school_code>Unspecified</school_code><school_phone_number>Unspecified</school_phone_number><school_address>Unspecified</school_address><school_city>Unspecified</school_city><school_state>Unspecified</school_state><school_zip>Unspecified</school_zip><latitude>40.72784384507357</latitude><longitude>-73.98586401703842</longitude><location latitude="40.72784384507357" longitude="-73.98586401703842"/></row>