<?xml version="1.0" encoding="UTF-8"?>
<row _id="4997166" _uuid="0504F0F2-0381-4B77-842F-81C92300215B" _address="http://data.cityofnewyork.us/resource/erm2-nwe9/4997166"><unique_key>24701298</unique_key><created_date year="2013" month="1" day="2">2013-01-02T00:00:00</created_date><closed_date year="2013" month="1" day="15">2013-01-15T00:00:00</closed_date><agency>HPD</agency><agency_name>Department of Housing Preservation and Development</agency_name><complaint_type>NONCONST</complaint_type><descriptor>VERMIN</descriptor><location_type>RESIDENTIAL BUILDING</location_type><incident_zip>11233</incident_zip><incident_address>152A MAC DOUGAL STREET</incident_address><street_name>MAC DOUGAL STREET</street_name><cross_street_1>SARATOGA AVENUE</cross_street_1><cross_street_2>THOMAS S BOYLAND STREET</cross_street_2><address_type>ADDRESS</address_type><city>BROOKLYN</city><facility_type>N/A</facility_type><status>Closed</status><resolution_action_updated_date year="2013" month="1" day="15">2013-01-15T00:00:00</resolution_action_updated_date><community_board>16 BROOKLYN</community_board><borough>BROOKLYN</borough><x_coordinate_state_plane_>1007848</x_coordinate_state_plane_><y_coordinate_state_plane_>186961</y_coordinate_state_plane_><park_facility_name>Unspecified</park_facility_name><park_borough>BROOKLYN</park_borough><school_name>Unspecified</school_name><school_number>Unspecified</school_number><school_region>Unspecified</school_region><school_code>Unspecified</school_code><school_phone_number>Unspecified</school_phone_number><school_address>Unspecified</school_address><school_city>Unspecified</school_city><school_state>Unspecified</school_state><school_zip>Unspecified</school_zip><latitude>40.679810064959355</latitude><longitude>-73.91492069779778</longitude><location latitude="40.679810064959355" longitude="-73.91492069779778"/></row>