<?xml version="1.0" encoding="UTF-8"?>
<row _id="2310064" _uuid="050AD746-1035-4458-B1F5-4AC471C888F6" _address="http://data.cityofnewyork.us/resource/erm2-nwe9/2310064"><unique_key>20411770</unique_key><created_date year="2011" month="5" day="12">2011-05-12T00:00:00</created_date><closed_date year="2011" month="5" day="12">2011-05-12T00:00:00</closed_date><agency>NYPD</agency><agency_name>New York City Police Department</agency_name><complaint_type>Illegal Parking</complaint_type><descriptor>Blocked Sidewalk</descriptor><location_type>Street/Sidewalk</location_type><incident_zip>11435</incident_zip><incident_address>104-05 150 STREET</incident_address><street_name>150 STREET</street_name><cross_street_1>LIBERTY AVENUE</cross_street_1><cross_street_2>GUINZBURG ROAD</cross_street_2><address_type>ADDRESS</address_type><city>JAMAICA</city><facility_type>Precinct</facility_type><status>Closed</status><due_date>2011-05-12T00:00:00</due_date><resolution_action_updated_date year="2011" month="5" day="12">2011-05-12T00:00:00</resolution_action_updated_date><community_board>12 QUEENS</community_board><borough>QUEENS</borough><x_coordinate_state_plane_>1039072</x_coordinate_state_plane_><y_coordinate_state_plane_>193540</y_coordinate_state_plane_><park_facility_name>Unspecified</park_facility_name><park_borough>QUEENS</park_borough><school_name>Unspecified</school_name><school_number>Unspecified</school_number><school_region>Unspecified</school_region><school_code>Unspecified</school_code><school_phone_number>Unspecified</school_phone_number><school_address>Unspecified</school_address><school_city>Unspecified</school_city><school_state>Unspecified</school_state><school_zip>Unspecified</school_zip><school_not_found>N</school_not_found><latitude>40.69772955364521</latitude><longitude>-73.80229365308712</longitude><location latitude="40.69772955364521" longitude="-73.80229365308712"/></row>