<?xml version="1.0" encoding="UTF-8"?>
<row _id="1696" _uuid="050E1DB3-8611-4E74-A114-6CD453D93701" _address="http://data.cityofnewyork.us/resource/erm2-nwe9/1696"><unique_key>15639180</unique_key><created_date year="2010" month="1" day="2">2010-01-02T00:00:00</created_date><closed_date year="2010" month="1" day="6">2010-01-06T00:00:00</closed_date><agency>HPD</agency><agency_name>Department of Housing Preservation and Development</agency_name><complaint_type>HEATING</complaint_type><descriptor>HEAT</descriptor><location_type>RESIDENTIAL BUILDING</location_type><incident_zip>11207</incident_zip><incident_address>1643 BROADWAY</incident_address><street_name>BROADWAY</street_name><cross_street_1>ELDERT STREET</cross_street_1><cross_street_2>COVERT STREET</cross_street_2><address_type>ADDRESS</address_type><city>BROOKLYN</city><facility_type>N/A</facility_type><status>Closed</status><resolution_action_updated_date year="2010" month="1" day="6">2010-01-06T00:00:00</resolution_action_updated_date><community_board>0 Unspecified</community_board><borough>Unspecified</borough><x_coordinate_state_plane_>1008129</x_coordinate_state_plane_><y_coordinate_state_plane_>188805</y_coordinate_state_plane_><park_facility_name>Unspecified</park_facility_name><park_borough>Unspecified</park_borough><school_name>Unspecified</school_name><school_number>Unspecified</school_number><school_region>Unspecified</school_region><school_code>Unspecified</school_code><school_phone_number>Unspecified</school_phone_number><school_address>Unspecified</school_address><school_city>Unspecified</school_city><school_state>Unspecified</school_state><school_zip>Unspecified</school_zip><latitude>40.68487066927899</latitude><longitude>-73.91390105751597</longitude><location latitude="40.68487066927899" longitude="-73.91390105751597"/></row>