<?xml version="1.0" encoding="UTF-8"?>
<row _id="3010668" _uuid="050FF52B-5343-4529-9179-258E200BFF30" _address="http://data.cityofnewyork.us/resource/erm2-nwe9/3010668"><unique_key>21564428</unique_key><created_date year="2011" month="10" day="2">2011-10-02T00:00:00</created_date><closed_date year="2011" month="10" day="5">2011-10-05T00:00:00</closed_date><agency>HPD</agency><agency_name>Department of Housing Preservation and Development</agency_name><complaint_type>GENERAL CONSTRUCTION</complaint_type><descriptor>CABINETS</descriptor><location_type>RESIDENTIAL BUILDING</location_type><incident_zip>11214</incident_zip><incident_address>8201 19 AVENUE</incident_address><street_name>19 AVENUE</street_name><cross_street_1>82 STREET</cross_street_1><cross_street_2>83 STREET</cross_street_2><address_type>ADDRESS</address_type><city>BROOKLYN</city><facility_type>N/A</facility_type><status>Closed</status><resolution_action_updated_date year="2011" month="10" day="5">2011-10-05T00:00:00</resolution_action_updated_date><community_board>11 BROOKLYN</community_board><borough>BROOKLYN</borough><x_coordinate_state_plane_>984771</x_coordinate_state_plane_><y_coordinate_state_plane_>160848</y_coordinate_state_plane_><park_facility_name>Unspecified</park_facility_name><park_borough>BROOKLYN</park_borough><school_name>Unspecified</school_name><school_number>Unspecified</school_number><school_region>Unspecified</school_region><school_code>Unspecified</school_code><school_phone_number>Unspecified</school_phone_number><school_address>Unspecified</school_address><school_city>Unspecified</school_city><school_state>Unspecified</school_state><school_zip>Unspecified</school_zip><latitude>40.60816694506448</latitude><longitude>-73.99812362314826</longitude><location latitude="40.60816694506448" longitude="-73.99812362314826"/></row>