<?xml version="1.0" encoding="UTF-8"?>
<row _id="1636517" _uuid="0512521A-6B97-4584-89BE-45A02105DC5A" _address="http://data.cityofnewyork.us/resource/erm2-nwe9/1636517"><unique_key>19514120</unique_key><created_date year="2011" month="1" day="2">2011-01-02T00:00:00</created_date><closed_date year="2011" month="1" day="6">2011-01-06T00:00:00</closed_date><agency>HPD</agency><agency_name>Department of Housing Preservation and Development</agency_name><complaint_type>HEATING</complaint_type><descriptor>HEAT-PLANT</descriptor><location_type>RESIDENTIAL BUILDING</location_type><incident_zip>11232</incident_zip><incident_address>4002 3 AVENUE</incident_address><street_name>3 AVENUE</street_name><cross_street_1>40 STREET</cross_street_1><cross_street_2>41 STREET</cross_street_2><address_type>ADDRESS</address_type><city>BROOKLYN</city><facility_type>N/A</facility_type><status>Closed</status><resolution_action_updated_date year="2011" month="1" day="6">2011-01-06T00:00:00</resolution_action_updated_date><community_board>0 Unspecified</community_board><borough>Unspecified</borough><x_coordinate_state_plane_>981791</x_coordinate_state_plane_><y_coordinate_state_plane_>177254</y_coordinate_state_plane_><park_facility_name>Unspecified</park_facility_name><park_borough>Unspecified</park_borough><school_name>Unspecified</school_name><school_number>Unspecified</school_number><school_region>Unspecified</school_region><school_code>Unspecified</school_code><school_phone_number>Unspecified</school_phone_number><school_address>Unspecified</school_address><school_city>Unspecified</school_city><school_state>Unspecified</school_state><school_zip>Unspecified</school_zip><latitude>40.6531976218078</latitude><longitude>-74.0088620441563</longitude><location latitude="40.6531976218078" longitude="-74.0088620441563"/></row>