<?xml version="1.0" encoding="UTF-8"?>
<row _id="932553" _uuid="05144BD3-A009-42AB-8283-EDCBFD11D560" _address="http://data.cityofnewyork.us/resource/erm2-nwe9/932553"><unique_key>18395808</unique_key><created_date year="2010" month="8" day="2">2010-08-02T00:00:00</created_date><closed_date year="2010" month="8" day="23">2010-08-23T00:00:00</closed_date><agency>HPD</agency><agency_name>Department of Housing Preservation and Development</agency_name><complaint_type>GENERAL CONSTRUCTION</complaint_type><descriptor>WINDOWS</descriptor><location_type>RESIDENTIAL BUILDING</location_type><incident_zip>11423</incident_zip><incident_address>102-09 186 STREET</incident_address><street_name>186 STREET</street_name><cross_street_1>HENDERSON AVENUE</cross_street_1><cross_street_2>104 AVENUE</cross_street_2><address_type>ADDRESS</address_type><city>HOLLIS</city><facility_type>N/A</facility_type><status>Closed</status><resolution_action_updated_date year="2010" month="8" day="23">2010-08-23T00:00:00</resolution_action_updated_date><community_board>0 Unspecified</community_board><borough>Unspecified</borough><x_coordinate_state_plane_>1047572</x_coordinate_state_plane_><y_coordinate_state_plane_>197089</y_coordinate_state_plane_><park_facility_name>Unspecified</park_facility_name><park_borough>Unspecified</park_borough><school_name>Unspecified</school_name><school_number>Unspecified</school_number><school_region>Unspecified</school_region><school_code>Unspecified</school_code><school_phone_number>Unspecified</school_phone_number><school_address>Unspecified</school_address><school_city>Unspecified</school_city><school_state>Unspecified</school_state><school_zip>Unspecified</school_zip><latitude>40.70741395413913</latitude><longitude>-73.77160658790157</longitude><location latitude="40.70741395413913" longitude="-73.77160658790157"/></row>