<?xml version="1.0" encoding="UTF-8"?>
<row _id="1630193" _uuid="0515749C-033A-4380-8A81-9491D12ECFD6" _address="http://data.cityofnewyork.us/resource/erm2-nwe9/1630193"><unique_key>19512905</unique_key><created_date year="2011" month="1" day="2">2011-01-02T00:00:00</created_date><closed_date year="2011" month="1" day="11">2011-01-11T00:00:00</closed_date><agency>DOT</agency><agency_name>Department of Transportation</agency_name><complaint_type>Highway Condition</complaint_type><descriptor>Graffiti - Highway</descriptor><location_type>Highway</location_type><facility_type>N/A</facility_type><status>Closed</status><due_date>2011-01-16T00:00:00</due_date><resolution_action_updated_date year="2011" month="1" day="11">2011-01-11T00:00:00</resolution_action_updated_date><community_board>Unspecified QUEENS</community_board><borough>QUEENS</borough><park_facility_name>Unspecified</park_facility_name><park_borough>QUEENS</park_borough><school_name>Unspecified</school_name><school_number>Unspecified</school_number><school_region>Unspecified</school_region><school_code>Unspecified</school_code><school_phone_number>Unspecified</school_phone_number><school_address>Unspecified</school_address><school_city>Unspecified</school_city><school_state>Unspecified</school_state><school_zip>Unspecified</school_zip><school_not_found>N</school_not_found><bridge_highway_name>Belt Pkwy</bridge_highway_name><bridge_highway_direction>West/Brooklyn Bound</bridge_highway_direction><road_ramp>Roadway</road_ramp><bridge_highway_segment>JFK Expwy (Exit 20) - Van Wyck Expwy (I-678) (Exit 19)</bridge_highway_segment></row>