<?xml version="1.0" encoding="UTF-8"?>
<row _id="3423150" _uuid="051A9980-BF1C-4062-BEE0-9FAFFD18EC75" _address="http://data.cityofnewyork.us/resource/erm2-nwe9/3423150"><unique_key>22523168</unique_key><created_date year="2012" month="1" day="15">2012-01-15T00:00:00</created_date><closed_date year="2012" month="1" day="19">2012-01-19T00:00:00</closed_date><agency>HPD</agency><agency_name>Department of Housing Preservation and Development</agency_name><complaint_type>HEATING</complaint_type><descriptor>HEAT</descriptor><location_type>RESIDENTIAL BUILDING</location_type><incident_zip>10027</incident_zip><incident_address>119 WEST 129 STREET</incident_address><street_name>WEST 129 STREET</street_name><cross_street_1>LENOX AVENUE</cross_street_1><cross_street_2>7 AVENUE</cross_street_2><address_type>ADDRESS</address_type><city>NEW YORK</city><facility_type>N/A</facility_type><status>Closed</status><resolution_action_updated_date year="2012" month="1" day="19">2012-01-19T00:00:00</resolution_action_updated_date><community_board>10 MANHATTAN</community_board><borough>MANHATTAN</borough><x_coordinate_state_plane_>999631</x_coordinate_state_plane_><y_coordinate_state_plane_>234630</y_coordinate_state_plane_><park_facility_name>Unspecified</park_facility_name><park_borough>MANHATTAN</park_borough><school_name>Unspecified</school_name><school_number>Unspecified</school_number><school_region>Unspecified</school_region><school_code>Unspecified</school_code><school_phone_number>Unspecified</school_phone_number><school_address>Unspecified</school_address><school_city>Unspecified</school_city><school_state>Unspecified</school_state><school_zip>Unspecified</school_zip><latitude>40.810667567914926</latitude><longitude>-73.94443692317702</longitude><location latitude="40.810667567914926" longitude="-73.94443692317702"/></row>