<?xml version="1.0" encoding="UTF-8"?>
<row _id="796100" _uuid="051C6A72-62CC-4C41-8C20-164A06988A85" _address="http://data.cityofnewyork.us/resource/erm2-nwe9/796100"><unique_key>17565425</unique_key><created_date year="2010" month="7" day="2">2010-07-02T00:00:00</created_date><closed_date year="2010" month="7" day="16">2010-07-16T00:00:00</closed_date><agency>DOT</agency><agency_name>Department of Transportation</agency_name><complaint_type>Street Condition</complaint_type><descriptor>Failed Street Repair</descriptor><location_type>Street</location_type><incident_zip>10002</incident_zip><incident_address> HESTER STREET</incident_address><street_name>HESTER STREET</street_name><cross_street_1>ESSEX STREET</cross_street_1><cross_street_2>LUDLOW STREET</cross_street_2><address_type>BLOCKFACE</address_type><city>NEW YORK</city><facility_type>N/A</facility_type><status>Closed</status><due_date>2010-09-30T00:00:00</due_date><resolution_action_updated_date year="2010" month="7" day="16">2010-07-16T00:00:00</resolution_action_updated_date><community_board>03 MANHATTAN</community_board><borough>MANHATTAN</borough><x_coordinate_state_plane_>986978</x_coordinate_state_plane_><y_coordinate_state_plane_>200015</y_coordinate_state_plane_><park_facility_name>Unspecified</park_facility_name><park_borough>MANHATTAN</park_borough><school_name>Unspecified</school_name><school_number>Unspecified</school_number><school_region>Unspecified</school_region><school_code>Unspecified</school_code><school_phone_number>Unspecified</school_phone_number><school_address>Unspecified</school_address><school_city>Unspecified</school_city><school_state>Unspecified</school_state><school_zip>Unspecified</school_zip><school_not_found>N</school_not_found><latitude>40.715671288406696</latitude><longitude>-73.99015928567614</longitude><location latitude="40.715671288406696" longitude="-73.99015928567614"/></row>