<?xml version="1.0" encoding="UTF-8"?>
<row _id="257276" _uuid="0524F635-0B3D-4FED-A569-AB2D485FF4BF" _address="http://data.cityofnewyork.us/resource/erm2-nwe9/257276"><unique_key>16108633</unique_key><created_date year="2010" month="3" day="2">2010-03-02T00:00:00</created_date><closed_date year="2010" month="3" day="2">2010-03-02T00:00:00</closed_date><agency>DOT</agency><agency_name>Department of Transportation</agency_name><complaint_type>Highway Condition</complaint_type><descriptor>Pothole - Highway</descriptor><location_type>Highway</location_type><incident_zip>11364</incident_zip><city>OAKLAND GARDENS</city><facility_type>N/A</facility_type><status>Closed</status><due_date>2010-03-12T00:00:00</due_date><resolution_action_updated_date year="2010" month="3" day="2">2010-03-02T00:00:00</resolution_action_updated_date><community_board>11 QUEENS</community_board><borough>QUEENS</borough><x_coordinate_state_plane_>1050811</x_coordinate_state_plane_><y_coordinate_state_plane_>211902</y_coordinate_state_plane_><park_facility_name>Unspecified</park_facility_name><park_borough>QUEENS</park_borough><school_name>Unspecified</school_name><school_number>Unspecified</school_number><school_region>Unspecified</school_region><school_code>Unspecified</school_code><school_phone_number>Unspecified</school_phone_number><school_address>Unspecified</school_address><school_city>Unspecified</school_city><school_state>Unspecified</school_state><school_zip>Unspecified</school_zip><school_not_found>N</school_not_found><bridge_highway_name>Long Island Expwy</bridge_highway_name><bridge_highway_direction>East/Long Island Bound</bridge_highway_direction><road_ramp>Ramp</road_ramp><bridge_highway_segment>Springfield Blvd (Exit 29)</bridge_highway_segment><latitude>40.74804810221556</latitude><longitude>-73.75977751544512</longitude><location latitude="40.74804810221556" longitude="-73.75977751544512"/></row>