<?xml version="1.0" encoding="UTF-8"?>
<row _id="3010022" _uuid="0525127D-29D5-40BD-9105-264CEDDF9B62" _address="http://data.cityofnewyork.us/resource/erm2-nwe9/3010022"><unique_key>21568115</unique_key><created_date year="2011" month="10" day="3">2011-10-03T00:00:00</created_date><agency>DPR</agency><agency_name>Department of Parks and Recreation</agency_name><complaint_type>Dead Tree</complaint_type><descriptor>Dead/Dying Tree</descriptor><location_type>Street</location_type><incident_zip>11201</incident_zip><incident_address>56 COLUMBIA HEIGHTS</incident_address><street_name>COLUMBIA HEIGHTS</street_name><cross_street_1>VINE STREET</cross_street_1><cross_street_2>MIDDAGH STREET</cross_street_2><address_type>ADDRESS</address_type><city>BROOKLYN</city><facility_type>N/A</facility_type><status>Open</status><due_date>2011-10-08T00:00:00</due_date><resolution_action_updated_date year="2011" month="10" day="3">2011-10-03T00:00:00</resolution_action_updated_date><community_board>02 BROOKLYN</community_board><borough>BROOKLYN</borough><x_coordinate_state_plane_>985661</x_coordinate_state_plane_><y_coordinate_state_plane_>194786</y_coordinate_state_plane_><park_facility_name>Unspecified</park_facility_name><park_borough>BROOKLYN</park_borough><school_name>Unspecified</school_name><school_number>Unspecified</school_number><school_region>Unspecified</school_region><school_code>Unspecified</school_code><school_phone_number>Unspecified</school_phone_number><school_address>Unspecified</school_address><school_city>Unspecified</school_city><school_state>Unspecified</school_state><school_zip>Unspecified</school_zip><latitude>40.70131922920521</latitude><longitude>-73.99491119551108</longitude><location latitude="40.70131922920521" longitude="-73.99491119551108"/></row>