<?xml version="1.0" encoding="UTF-8"?>
<row _id="3951976" _uuid="0528DEAA-1B91-4B50-B905-F489923AAC88" _address="http://data.cityofnewyork.us/resource/erm2-nwe9/3951976"><unique_key>23164194</unique_key><created_date year="2012" month="5" day="2">2012-05-02T00:00:00</created_date><closed_date year="2012" month="5" day="19">2012-05-19T00:00:00</closed_date><agency>DCA</agency><agency_name>Department of Consumer Affairs</agency_name><complaint_type>Consumer Complaint</complaint_type><descriptor>Non-Delivery Goods/Services</descriptor><incident_zip>10467</incident_zip><intersection_street_1>JEROME AVENUE</intersection_street_1><intersection_street_2>GUNHILL ROAD</intersection_street_2><address_type>INTERSECTION</address_type><city>BRONX</city><facility_type>N/A</facility_type><status>Closed</status><due_date>2012-05-19T00:00:00</due_date><resolution_action_updated_date year="2012" month="5" day="19">2012-05-19T00:00:00</resolution_action_updated_date><community_board>07 BRONX</community_board><borough>BRONX</borough><x_coordinate_state_plane_>1017088</x_coordinate_state_plane_><y_coordinate_state_plane_>260895</y_coordinate_state_plane_><park_facility_name>Unspecified</park_facility_name><park_borough>BRONX</park_borough><school_name>Unspecified</school_name><school_number>Unspecified</school_number><school_region>Unspecified</school_region><school_code>Unspecified</school_code><school_phone_number>Unspecified</school_phone_number><school_address>Unspecified</school_address><school_city>Unspecified</school_city><school_state>Unspecified</school_state><school_zip>Unspecified</school_zip><school_not_found>N</school_not_found><latitude>40.88270955300674</latitude><longitude>-73.88124583052429</longitude><location latitude="40.88270955300674" longitude="-73.88124583052429"/></row>