<?xml version="1.0" encoding="UTF-8"?>
<row _id="3702475" _uuid="0529E419-DAD3-47B4-86A7-12B59B8E6E2B" _address="http://data.cityofnewyork.us/resource/erm2-nwe9/3702475"><unique_key>22814356</unique_key><created_date year="2012" month="3" day="3">2012-03-03T00:00:00</created_date><closed_date year="2012" month="3" day="6">2012-03-06T00:00:00</closed_date><agency>DPR</agency><agency_name>Department of Parks and Recreation</agency_name><complaint_type>Damaged Tree</complaint_type><descriptor>Tree Leaning/Uprooted</descriptor><incident_zip>11234</incident_zip><incident_address>4623 GLENDALE COURT</incident_address><street_name>GLENDALE COURT</street_name><cross_street_1>EAST 45 STREET</cross_street_1><cross_street_2>SCHENECTADY AVENUE</cross_street_2><address_type>ADDRESS</address_type><city>BROOKLYN</city><facility_type>N/A</facility_type><status>Closed</status><due_date>2012-03-13T00:00:00</due_date><resolution_action_updated_date year="2012" month="3" day="6">2012-03-06T00:00:00</resolution_action_updated_date><community_board>18 BROOKLYN</community_board><borough>BROOKLYN</borough><x_coordinate_state_plane_>1003082</x_coordinate_state_plane_><y_coordinate_state_plane_>170024</y_coordinate_state_plane_><park_facility_name>Unspecified</park_facility_name><park_borough>BROOKLYN</park_borough><school_name>Unspecified</school_name><school_number>Unspecified</school_number><school_region>Unspecified</school_region><school_code>Unspecified</school_code><school_phone_number>Unspecified</school_phone_number><school_address>Unspecified</school_address><school_city>Unspecified</school_city><school_state>Unspecified</school_state><school_zip>Unspecified</school_zip><school_not_found>N</school_not_found><latitude>40.633333149729346</latitude><longitude>-73.93215113663425</longitude><location latitude="40.633333149729346" longitude="-73.93215113663425"/></row>