<?xml version="1.0" encoding="UTF-8"?>
<row _id="542090" _uuid="052A907D-7632-4C6E-8DBD-07745D836944" _address="http://data.cityofnewyork.us/resource/erm2-nwe9/542090"><unique_key>16570799</unique_key><created_date year="2010" month="5" day="3">2010-05-03T00:00:00</created_date><closed_date year="2010" month="5" day="26">2010-05-26T00:00:00</closed_date><agency>DPR</agency><agency_name>Department of Parks and Recreation</agency_name><complaint_type>Illegal Tree Damage</complaint_type><descriptor>Trunk Damaged</descriptor><location_type>Street</location_type><incident_zip>11367</incident_zip><incident_address>139-20 72 ROAD</incident_address><street_name>72 ROAD</street_name><cross_street_1>139 STREET</cross_street_1><cross_street_2>72 CRESCENT</cross_street_2><address_type>ADDRESS</address_type><city>FLUSHING</city><facility_type>N/A</facility_type><status>Closed</status><due_date>2010-05-11T00:00:00</due_date><resolution_action_updated_date year="2010" month="5" day="26">2010-05-26T00:00:00</resolution_action_updated_date><community_board>08 QUEENS</community_board><borough>QUEENS</borough><x_coordinate_state_plane_>1032923</x_coordinate_state_plane_><y_coordinate_state_plane_>203513</y_coordinate_state_plane_><park_facility_name>Unspecified</park_facility_name><park_borough>QUEENS</park_borough><school_name>Unspecified</school_name><school_number>Unspecified</school_number><school_region>Unspecified</school_region><school_code>Unspecified</school_code><school_phone_number>Unspecified</school_phone_number><school_address>Unspecified</school_address><school_city>Unspecified</school_city><school_state>Unspecified</school_state><school_zip>Unspecified</school_zip><school_not_found>N</school_not_found><latitude>40.7251389684936</latitude><longitude>-73.82439682737218</longitude><location latitude="40.7251389684936" longitude="-73.82439682737218"/></row>