<?xml version="1.0" encoding="UTF-8"?>
<row _id="4997191" _uuid="052B0473-4BD9-4A66-A6FD-8317E535DDBD" _address="http://data.cityofnewyork.us/resource/erm2-nwe9/4997191"><unique_key>24708563</unique_key><created_date year="2013" month="1" day="2">2013-01-02T00:00:00</created_date><agency>HPD</agency><agency_name>Department of Housing Preservation and Development</agency_name><complaint_type>NONCONST</complaint_type><descriptor>VERMIN</descriptor><location_type>RESIDENTIAL BUILDING</location_type><incident_zip>11215</incident_zip><incident_address>1112 8 AVENUE</incident_address><street_name>8 AVENUE</street_name><cross_street_1>11 STREET</cross_street_1><cross_street_2>12 STREET</cross_street_2><address_type>ADDRESS</address_type><city>BROOKLYN</city><facility_type>N/A</facility_type><status>Open</status><resolution_action_updated_date year="2013" month="1" day="2">2013-01-02T00:00:00</resolution_action_updated_date><community_board>06 BROOKLYN</community_board><borough>BROOKLYN</borough><x_coordinate_state_plane_>989702</x_coordinate_state_plane_><y_coordinate_state_plane_>181341</y_coordinate_state_plane_><park_facility_name>Unspecified</park_facility_name><park_borough>BROOKLYN</park_borough><school_name>Unspecified</school_name><school_number>Unspecified</school_number><school_region>Unspecified</school_region><school_code>Unspecified</school_code><school_phone_number>Unspecified</school_phone_number><school_address>Unspecified</school_address><school_city>Unspecified</school_city><school_state>Unspecified</school_state><school_zip>Unspecified</school_zip><latitude>40.66441420098187</latitude><longitude>-73.98034811320126</longitude><location latitude="40.66441420098187" longitude="-73.98034811320126"/></row>