<?xml version="1.0" encoding="UTF-8"?>
<row _id="4997756" _uuid="052B3D3B-DB47-4CA7-9415-08BD32C0A145" _address="http://data.cityofnewyork.us/resource/erm2-nwe9/4997756"><unique_key>24706302</unique_key><created_date year="2013" month="1" day="2">2013-01-02T00:00:00</created_date><agency>HPD</agency><agency_name>Department of Housing Preservation and Development</agency_name><complaint_type>PLUMBING</complaint_type><descriptor>WATER-SUPPLY</descriptor><location_type>RESIDENTIAL BUILDING</location_type><incident_zip>11434</incident_zip><incident_address>168-10 127 AVENUE</incident_address><street_name>127 AVENUE</street_name><cross_street_1>DEAD END</cross_street_1><cross_street_2>BEND</cross_street_2><address_type>ADDRESS</address_type><city>Jamaica</city><facility_type>N/A</facility_type><status>Open</status><resolution_action_updated_date year="2013" month="1" day="2">2013-01-02T00:00:00</resolution_action_updated_date><community_board>12 QUEENS</community_board><borough>QUEENS</borough><x_coordinate_state_plane_>1047009</x_coordinate_state_plane_><y_coordinate_state_plane_>186462</y_coordinate_state_plane_><park_facility_name>Unspecified</park_facility_name><park_borough>QUEENS</park_borough><school_name>Unspecified</school_name><school_number>Unspecified</school_number><school_region>Unspecified</school_region><school_code>Unspecified</school_code><school_phone_number>Unspecified</school_phone_number><school_address>Unspecified</school_address><school_city>Unspecified</school_city><school_state>Unspecified</school_state><school_zip>Unspecified</school_zip><latitude>40.67824940460864</latitude><longitude>-73.77373624583474</longitude><location latitude="40.67824940460864" longitude="-73.77373624583474"/></row>