<?xml version="1.0" encoding="UTF-8"?>
<row _id="2313" _uuid="052FA836-CC35-459D-9799-594D5E1BDAF9" _address="http://data.cityofnewyork.us/resource/erm2-nwe9/2313"><unique_key>15636862</unique_key><created_date year="2010" month="1" day="2">2010-01-02T00:00:00</created_date><agency>DOHMH</agency><agency_name>Department of Health and Mental Hygiene</agency_name><complaint_type>Window Guard</complaint_type><descriptor>Inside Apartment</descriptor><location_type>3+ Family Apartment Building</location_type><incident_zip>10473</incident_zip><incident_address>459 COMMONWEALTH AVENUE</incident_address><street_name>COMMONWEALTH AVENUE</street_name><cross_street_1>BRONX RIVER AVENUE</cross_street_1><cross_street_2>LACOMBE AVENUE</cross_street_2><address_type>ADDRESS</address_type><city>BRONX</city><facility_type>N/A</facility_type><status>Pending</status><due_date>2010-02-08T00:00:00</due_date><resolution_action_updated_date year="2010" month="1" day="4">2010-01-04T00:00:00</resolution_action_updated_date><community_board>09 BRONX</community_board><borough>BRONX</borough><x_coordinate_state_plane_>1021871</x_coordinate_state_plane_><y_coordinate_state_plane_>235839</y_coordinate_state_plane_><park_facility_name>Unspecified</park_facility_name><park_borough>BRONX</park_borough><school_name>Unspecified</school_name><school_number>Unspecified</school_number><school_region>Unspecified</school_region><school_code>Unspecified</school_code><school_phone_number>Unspecified</school_phone_number><school_address>Unspecified</school_address><school_city>Unspecified</school_city><school_state>Unspecified</school_state><school_zip>Unspecified</school_zip><latitude>40.8139192198696</latitude><longitude>-73.86408937376865</longitude><location latitude="40.8139192198696" longitude="-73.86408937376865"/></row>