<?xml version="1.0" encoding="UTF-8"?>
<row _id="966480" _uuid="05318A95-DE54-4FE9-B6BF-0D6A709BDE50" _address="http://data.cityofnewyork.us/resource/erm2-nwe9/966480"><unique_key>18888784</unique_key><created_date year="2010" month="10" day="13">2010-10-13T00:00:00</created_date><closed_date year="2010" month="11" day="23">2010-11-23T00:00:00</closed_date><agency>DSNY</agency><agency_name>Department of Sanitation</agency_name><complaint_type>Graffiti</complaint_type><descriptor>Graffiti</descriptor><location_type>Mixed Use</location_type><incident_zip>10034</incident_zip><incident_address>101 SHERMAN AVENUE</incident_address><street_name>SHERMAN AVENUE</street_name><cross_street_1>DYCKMAN STREET</cross_street_1><cross_street_2>ACADEMY STREET</cross_street_2><address_type>ADDRESS</address_type><city>NEW YORK</city><facility_type>N/A</facility_type><status>Closed</status><resolution_action_updated_date year="2010" month="11" day="23">2010-11-23T00:00:00</resolution_action_updated_date><community_board>12 MANHATTAN</community_board><borough>MANHATTAN</borough><x_coordinate_state_plane_>1004931</x_coordinate_state_plane_><y_coordinate_state_plane_>254011</y_coordinate_state_plane_><park_facility_name>Unspecified</park_facility_name><park_borough>MANHATTAN</park_borough><school_name>Unspecified</school_name><school_number>Unspecified</school_number><school_region>Unspecified</school_region><school_code>Unspecified</school_code><school_phone_number>Unspecified</school_phone_number><school_address>Unspecified</school_address><school_city>Unspecified</school_city><school_state>Unspecified</school_state><school_zip>Unspecified</school_zip><latitude>40.863851956918054</latitude><longitude>-73.92523119238143</longitude><location latitude="40.863851956918054" longitude="-73.92523119238143"/></row>