<?xml version="1.0" encoding="UTF-8"?>
<row _id="1084522" _uuid="05343074-7088-4D63-B27B-3734342DF56F" _address="http://data.cityofnewyork.us/resource/erm2-nwe9/1084522"><unique_key>18864198</unique_key><created_date year="2010" month="10" day="10">2010-10-10T00:00:00</created_date><closed_date year="2010" month="11" day="2">2010-11-02T00:00:00</closed_date><agency>TLC</agency><agency_name>Taxi and Limousine Commission</agency_name><complaint_type>Taxi Complaint</complaint_type><descriptor>Driver Complaint</descriptor><location_type>Street</location_type><incident_zip>10027</incident_zip><intersection_street_1>LENOX AVENUE</intersection_street_1><intersection_street_2>WEST  120 STREET</intersection_street_2><address_type>INTERSECTION</address_type><city>NEW YORK</city><facility_type>N/A</facility_type><status>Closed</status><due_date>2010-11-02T00:00:00</due_date><resolution_action_updated_date year="2010" month="11" day="2">2010-11-02T00:00:00</resolution_action_updated_date><community_board>10 MANHATTAN</community_board><borough>MANHATTAN</borough><x_coordinate_state_plane_>998698</x_coordinate_state_plane_><y_coordinate_state_plane_>232414</y_coordinate_state_plane_><park_facility_name>Unspecified</park_facility_name><park_borough>MANHATTAN</park_borough><school_name>Unspecified</school_name><school_number>Unspecified</school_number><school_region>Unspecified</school_region><school_code>Unspecified</school_code><school_phone_number>Unspecified</school_phone_number><school_address>Unspecified</school_address><school_city>Unspecified</school_city><school_state>Unspecified</school_state><school_zip>Unspecified</school_zip><school_not_found>N</school_not_found><taxi_pick_up_location>Other</taxi_pick_up_location><latitude>40.804586836572064</latitude><longitude>-73.94781210645304</longitude><location latitude="40.804586836572064" longitude="-73.94781210645304"/></row>