<?xml version="1.0" encoding="UTF-8"?>
<row _id="257670" _uuid="05358ABD-CAD8-47EA-9806-1E9E3F874EEF" _address="http://data.cityofnewyork.us/resource/erm2-nwe9/257670"><unique_key>16120843</unique_key><created_date year="2010" month="3" day="2">2010-03-02T00:00:00</created_date><closed_date year="2010" month="3" day="4">2010-03-04T00:00:00</closed_date><agency>HPD</agency><agency_name>Department of Housing Preservation and Development</agency_name><complaint_type>HEATING</complaint_type><descriptor>HEAT</descriptor><location_type>RESIDENTIAL BUILDING</location_type><incident_zip>10031</incident_zip><incident_address>630 WEST 136 STREET</incident_address><street_name>WEST 136 STREET</street_name><cross_street_1>BROADWAY</cross_street_1><cross_street_2>RIVERSIDE DRIVE</cross_street_2><address_type>ADDRESS</address_type><city>NEW YORK</city><facility_type>N/A</facility_type><status>Closed</status><resolution_action_updated_date year="2010" month="3" day="4">2010-03-04T00:00:00</resolution_action_updated_date><community_board>0 Unspecified</community_board><borough>Unspecified</borough><x_coordinate_state_plane_>996584</x_coordinate_state_plane_><y_coordinate_state_plane_>238437</y_coordinate_state_plane_><park_facility_name>Unspecified</park_facility_name><park_borough>Unspecified</park_borough><school_name>Unspecified</school_name><school_number>Unspecified</school_number><school_region>Unspecified</school_region><school_code>Unspecified</school_code><school_phone_number>Unspecified</school_phone_number><school_address>Unspecified</school_address><school_city>Unspecified</school_city><school_state>Unspecified</school_state><school_zip>Unspecified</school_zip><latitude>40.82112149460173</latitude><longitude>-73.95543705660589</longitude><location latitude="40.82112149460173" longitude="-73.95543705660589"/></row>