<?xml version="1.0" encoding="UTF-8"?>
<row _id="3074372" _uuid="0537C051-260D-4E87-B58F-151C570D9B58" _address="http://data.cityofnewyork.us/resource/erm2-nwe9/3074372"><unique_key>22371579</unique_key><created_date year="2011" month="12" day="21">2011-12-21T00:00:00</created_date><agency>DPR</agency><agency_name>Department of Parks and Recreation</agency_name><complaint_type>Dead Tree</complaint_type><descriptor>Dead/Dying Tree</descriptor><location_type>Park</location_type><incident_zip>10467</incident_zip><city>BRONX</city><facility_type>N/A</facility_type><status>Open</status><due_date>2011-12-26T00:00:00</due_date><community_board>07 BRONX</community_board><borough>BRONX</borough><park_facility_name>Williamsbridge Oval</park_facility_name><park_borough>BRONX</park_borough><school_name>Williamsbridge Oval</school_name><school_number>X104</school_number><school_phone_number>7184301800</school_phone_number><school_address>Van Cortlandt Avenue East, Bainbridge Avenue, Reservoir Oval</school_address><school_city>BRONX</school_city><school_state>NY</school_state><school_zip>10467</school_zip></row>