<?xml version="1.0" encoding="UTF-8"?>
<row _id="926884" _uuid="05394DF9-FEB4-4169-BB3C-FD0897CCC075" _address="http://data.cityofnewyork.us/resource/erm2-nwe9/926884"><unique_key>18387133</unique_key><created_date year="2010" month="8" day="2">2010-08-02T00:00:00</created_date><closed_date year="2010" month="8" day="2">2010-08-02T00:00:00</closed_date><agency>NYPD</agency><agency_name>New York City Police Department</agency_name><complaint_type>Noise - Commercial</complaint_type><descriptor>Loud Music/Party</descriptor><location_type>Store/Commercial</location_type><incident_zip>11218</incident_zip><incident_address>586 CONEY ISLAND AVENUE</incident_address><street_name>CONEY ISLAND AVENUE</street_name><cross_street_1>LEWIS PLACE</cross_street_1><cross_street_2>MATTHEWS COURT</cross_street_2><address_type>ADDRESS</address_type><city>BROOKLYN</city><facility_type>Precinct</facility_type><status>Closed</status><due_date>2010-08-02T00:00:00</due_date><resolution_action_updated_date year="2010" month="8" day="2">2010-08-02T00:00:00</resolution_action_updated_date><community_board>12 BROOKLYN</community_board><borough>BROOKLYN</borough><x_coordinate_state_plane_>992613</x_coordinate_state_plane_><y_coordinate_state_plane_>173513</y_coordinate_state_plane_><park_facility_name>Unspecified</park_facility_name><park_borough>BROOKLYN</park_borough><school_name>Unspecified</school_name><school_number>Unspecified</school_number><school_region>Unspecified</school_region><school_code>Unspecified</school_code><school_phone_number>Unspecified</school_phone_number><school_address>Unspecified</school_address><school_city>Unspecified</school_city><school_state>Unspecified</school_state><school_zip>Unspecified</school_zip><school_not_found>N</school_not_found><latitude>40.64292577979137</latitude><longitude>-73.9698650396765</longitude><location latitude="40.64292577979137" longitude="-73.9698650396765"/></row>