<?xml version="1.0" encoding="UTF-8"?>
<row _id="4575355" _uuid="053BB78D-B280-4AD8-B4F1-231267305293" _address="http://data.cityofnewyork.us/resource/erm2-nwe9/4575355"><unique_key>24126211</unique_key><created_date year="2012" month="10" day="2">2012-10-02T00:00:00</created_date><closed_date year="2012" month="11" day="1">2012-11-01T00:00:00</closed_date><agency>DOB</agency><agency_name>Department of Buildings</agency_name><complaint_type>Special Enforcement</complaint_type><descriptor>SEP - Professional Certification Compliance Audit</descriptor><incident_zip>11372</incident_zip><incident_address>91-11 ROOSEVELT AVENUE</incident_address><street_name>ROOSEVELT AVENUE</street_name><cross_street_1>BENHAM STREET</cross_street_1><cross_street_2>92 STREET</cross_street_2><address_type>ADDRESS</address_type><city>JACKSON HEIGHTS</city><facility_type>N/A</facility_type><status>Closed</status><resolution_action_updated_date year="2012" month="11" day="1">2012-11-01T00:00:00</resolution_action_updated_date><community_board>03 QUEENS</community_board><borough>QUEENS</borough><x_coordinate_state_plane_>1018814</x_coordinate_state_plane_><y_coordinate_state_plane_>212020</y_coordinate_state_plane_><park_facility_name>Unspecified</park_facility_name><park_borough>QUEENS</park_borough><school_name>Unspecified</school_name><school_number>Unspecified</school_number><school_region>Unspecified</school_region><school_code>Unspecified</school_code><school_phone_number>Unspecified</school_phone_number><school_address>Unspecified</school_address><school_city>Unspecified</school_city><school_state>Unspecified</school_state><school_zip>Unspecified</school_zip><latitude>40.748554937000044</latitude><longitude>-73.87525569740768</longitude><location latitude="40.748554937000044" longitude="-73.87525569740768"/></row>