<?xml version="1.0" encoding="UTF-8"?>
<row _id="932743" _uuid="053C5A8B-1686-445A-ABFB-753EC787C0A1" _address="http://data.cityofnewyork.us/resource/erm2-nwe9/932743"><unique_key>18401688</unique_key><created_date year="2010" month="8" day="3">2010-08-03T00:00:00</created_date><closed_date year="2010" month="8" day="12">2010-08-12T00:00:00</closed_date><agency>DPR</agency><agency_name>Department of Parks and Recreation</agency_name><complaint_type>Damaged Tree</complaint_type><descriptor>Branch or Limb Has Fallen Down</descriptor><location_type>Street</location_type><incident_zip>11201</incident_zip><intersection_street_1>HUDSON AVENUE</intersection_street_1><intersection_street_2>FRONT STREET</intersection_street_2><address_type>INTERSECTION</address_type><city>BROOKLYN</city><facility_type>N/A</facility_type><status>Closed</status><due_date>2010-09-23T00:00:00</due_date><resolution_action_updated_date year="2010" month="8" day="12">2010-08-12T00:00:00</resolution_action_updated_date><community_board>02 BROOKLYN</community_board><borough>BROOKLYN</borough><x_coordinate_state_plane_>989470</x_coordinate_state_plane_><y_coordinate_state_plane_>195119</y_coordinate_state_plane_><park_facility_name>Unspecified</park_facility_name><park_borough>BROOKLYN</park_borough><school_name>Unspecified</school_name><school_number>Unspecified</school_number><school_region>Unspecified</school_region><school_code>Unspecified</school_code><school_phone_number>Unspecified</school_phone_number><school_address>Unspecified</school_address><school_city>Unspecified</school_city><school_state>Unspecified</school_state><school_zip>Unspecified</school_zip><school_not_found>N</school_not_found><latitude>40.702231809032455</latitude><longitude>-73.98117369011425</longitude><location latitude="40.702231809032455" longitude="-73.98117369011425"/></row>