<?xml version="1.0" encoding="UTF-8"?>
<row _id="3422677" _uuid="053D7A84-05E1-403D-A53F-B01901688A7A" _address="http://data.cityofnewyork.us/resource/erm2-nwe9/3422677"><unique_key>22514046</unique_key><created_date year="2012" month="1" day="13">2012-01-13T00:00:00</created_date><agency>HPD</agency><agency_name>Department of Housing Preservation and Development</agency_name><complaint_type>GENERAL CONSTRUCTION</complaint_type><descriptor>CABINETS</descriptor><location_type>RESIDENTIAL BUILDING</location_type><incident_zip>10040</incident_zip><incident_address>4648 BROADWAY</incident_address><street_name>BROADWAY</street_name><cross_street_1>WEST 196 STREET</cross_street_1><cross_street_2>ELLWOOD STREET</cross_street_2><address_type>ADDRESS</address_type><city>NEW YORK</city><facility_type>N/A</facility_type><status>Open</status><resolution_action_updated_date year="2012" month="1" day="20">2012-01-20T00:00:00</resolution_action_updated_date><community_board>12 MANHATTAN</community_board><borough>MANHATTAN</borough><x_coordinate_state_plane_>1003676</x_coordinate_state_plane_><y_coordinate_state_plane_>253359</y_coordinate_state_plane_><park_facility_name>Unspecified</park_facility_name><park_borough>MANHATTAN</park_borough><school_name>Unspecified</school_name><school_number>Unspecified</school_number><school_region>Unspecified</school_region><school_code>Unspecified</school_code><school_phone_number>Unspecified</school_phone_number><school_address>Unspecified</school_address><school_city>Unspecified</school_city><school_state>Unspecified</school_state><school_zip>Unspecified</school_zip><latitude>40.862065265414614</latitude><longitude>-73.92977032955953</longitude><location latitude="40.862065265414614" longitude="-73.92977032955953"/></row>