<?xml version="1.0" encoding="UTF-8"?>
<row _id="4203920" _uuid="0540F39D-3163-4BA0-9746-654E90409BC9" _address="http://data.cityofnewyork.us/resource/erm2-nwe9/4203920"><unique_key>23541760</unique_key><created_date year="2012" month="7" day="2">2012-07-02T00:00:00</created_date><closed_date year="2012" month="7" day="3">2012-07-03T00:00:00</closed_date><agency>FDNY</agency><agency_name>Bureau of Fire Prevention - Highrise Unit - Inspections</agency_name><complaint_type>Fire Safety Director - F58</complaint_type><descriptor>On Site Test</descriptor><location_type>Street Address</location_type><incident_zip>10025</incident_zip><incident_address>891 AMSTERDAM AVENUE</incident_address><street_name>AMSTERDAM AVENUE</street_name><cross_street_1>WEST 103 STREET</cross_street_1><cross_street_2>WEST 104 STREET</cross_street_2><address_type>ADDRESS</address_type><city>NEW YORK</city><facility_type>N/A</facility_type><status>Closed</status><due_date>2012-07-07T00:00:00</due_date><resolution_action_updated_date year="2012" month="7" day="3">2012-07-03T00:00:00</resolution_action_updated_date><community_board>07 MANHATTAN</community_board><borough>MANHATTAN</borough><x_coordinate_state_plane_>993424</x_coordinate_state_plane_><y_coordinate_state_plane_>230317</y_coordinate_state_plane_><park_facility_name>Unspecified</park_facility_name><park_borough>MANHATTAN</park_borough><school_name>Unspecified</school_name><school_number>Unspecified</school_number><school_region>Unspecified</school_region><school_code>Unspecified</school_code><school_phone_number>Unspecified</school_phone_number><school_address>Unspecified</school_address><school_city>Unspecified</school_city><school_state>Unspecified</school_state><school_zip>Unspecified</school_zip><school_not_found>N</school_not_found><latitude>40.798838196283214</latitude><longitude>-73.96686528426434</longitude><location latitude="40.798838196283214" longitude="-73.96686528426434"/></row>