<?xml version="1.0" encoding="UTF-8"?>
<row _id="2722636" _uuid="05449B1D-EFCA-4ABE-87F0-EC066D6B94DD" _address="http://data.cityofnewyork.us/resource/erm2-nwe9/2722636"><unique_key>20961161</unique_key><created_date year="2011" month="8" day="2">2011-08-02T00:00:00</created_date><closed_date year="2011" month="11" day="18">2011-11-18T00:00:00</closed_date><agency>DOB</agency><agency_name>Department of Buildings</agency_name><complaint_type>Building/Use</complaint_type><descriptor>Illegal Conversion Of Residential Building/Space</descriptor><incident_zip>11414</incident_zip><incident_address>164-21 95 STREET</incident_address><street_name>95 STREET</street_name><cross_street_1>164 AVENUE</cross_street_1><cross_street_2>165 AVENUE</cross_street_2><address_type>ADDRESS</address_type><city>HOWARD BEACH</city><facility_type>N/A</facility_type><status>Closed</status><resolution_action_updated_date year="2011" month="11" day="18">2011-11-18T00:00:00</resolution_action_updated_date><community_board>10 QUEENS</community_board><borough>QUEENS</borough><x_coordinate_state_plane_>1029825</x_coordinate_state_plane_><y_coordinate_state_plane_>176349</y_coordinate_state_plane_><park_facility_name>Unspecified</park_facility_name><park_borough>QUEENS</park_borough><school_name>Unspecified</school_name><school_number>Unspecified</school_number><school_region>Unspecified</school_region><school_code>Unspecified</school_code><school_phone_number>Unspecified</school_phone_number><school_address>Unspecified</school_address><school_city>Unspecified</school_city><school_state>Unspecified</school_state><school_zip>Unspecified</school_zip><latitude>40.650596661781755</latitude><longitude>-73.83575756285292</longitude><location latitude="40.650596661781755" longitude="-73.83575756285292"/></row>