<?xml version="1.0" encoding="UTF-8"?>
<row _id="1878598" _uuid="05459FC0-F1AB-4180-9BB0-C7B7A7FADE28" _address="http://data.cityofnewyork.us/resource/erm2-nwe9/1878598"><unique_key>20043497</unique_key><created_date year="2011" month="3" day="15">2011-03-15T00:00:00</created_date><closed_date year="2011" month="3" day="17">2011-03-17T00:00:00</closed_date><agency>DOT</agency><agency_name>Department of Transportation</agency_name><complaint_type>Street Condition</complaint_type><descriptor>Pothole</descriptor><incident_zip>10035</incident_zip><intersection_street_1>EAST 125 STREET</intersection_street_1><intersection_street_2>MADISON AVENUE</intersection_street_2><address_type>INTERSECTION</address_type><city>NEW YORK</city><facility_type>N/A</facility_type><status>Closed</status><resolution_action_updated_date year="2011" month="3" day="17">2011-03-17T00:00:00</resolution_action_updated_date><community_board>11 MANHATTAN</community_board><borough>MANHATTAN</borough><x_coordinate_state_plane_>1000682</x_coordinate_state_plane_><y_coordinate_state_plane_>232834</y_coordinate_state_plane_><park_facility_name>Unspecified</park_facility_name><park_borough>MANHATTAN</park_borough><school_name>Unspecified</school_name><school_number>Unspecified</school_number><school_region>Unspecified</school_region><school_code>Unspecified</school_code><school_phone_number>Unspecified</school_phone_number><school_address>Unspecified</school_address><school_city>Unspecified</school_city><school_state>Unspecified</school_state><school_zip>Unspecified</school_zip><latitude>40.80573615363165</latitude><longitude>-73.94064463668956</longitude><location latitude="40.80573615363165" longitude="-73.94064463668956"/></row>