<?xml version="1.0" encoding="UTF-8"?>
<row _id="794928" _uuid="05507E98-E247-4F39-9FFB-77E1AD4872EF" _address="http://data.cityofnewyork.us/resource/erm2-nwe9/794928"><unique_key>17566426</unique_key><created_date year="2010" month="7" day="2">2010-07-02T00:00:00</created_date><closed_date year="2010" month="7" day="6">2010-07-06T00:00:00</closed_date><agency>DOT</agency><agency_name>Department of Transportation</agency_name><complaint_type>Ferry Inquiry</complaint_type><descriptor>Lost and Found</descriptor><location_type>Terminal</location_type><facility_type>N/A</facility_type><status>Closed</status><due_date>2010-07-29T00:00:00</due_date><resolution_action_updated_date year="2010" month="7" day="6">2010-07-06T00:00:00</resolution_action_updated_date><community_board>0 Unspecified</community_board><borough>Unspecified</borough><park_facility_name>Unspecified</park_facility_name><park_borough>Unspecified</park_borough><school_name>Unspecified</school_name><school_number>Unspecified</school_number><school_region>Unspecified</school_region><school_code>Unspecified</school_code><school_phone_number>Unspecified</school_phone_number><school_address>Unspecified</school_address><school_city>Unspecified</school_city><school_state>Unspecified</school_state><school_zip>Unspecified</school_zip><school_not_found>N</school_not_found><ferry_direction>N/A</ferry_direction><ferry_terminal_name>St. George Terminal (Staten Island)</ferry_terminal_name></row>