<?xml version="1.0" encoding="UTF-8"?>
<row _id="4204118" _uuid="055141BB-B13F-48B9-926E-E95FDF88C421" _address="http://data.cityofnewyork.us/resource/erm2-nwe9/4204118"><unique_key>23538510</unique_key><created_date year="2012" month="7" day="2">2012-07-02T00:00:00</created_date><agency>DOHMH</agency><agency_name>Department of Health and Mental Hygiene</agency_name><complaint_type>Unsanitary Animal Pvt Property</complaint_type><descriptor>Animal Waste</descriptor><location_type>3+ Family Mixed Use Building</location_type><incident_zip>11218</incident_zip><incident_address>135 PROSPECT PARK SOUTHWEST</incident_address><street_name>PROSPECT PARK SOUTHWEST</street_name><cross_street_1>TERRACE PLACE</cross_street_1><cross_street_2>SEELEY STREET</cross_street_2><address_type>ADDRESS</address_type><city>BROOKLYN</city><facility_type>N/A</facility_type><status>Pending</status><due_date>2012-08-01T00:00:00</due_date><resolution_action_updated_date year="2012" month="7" day="2">2012-07-02T00:00:00</resolution_action_updated_date><community_board>07 BROOKLYN</community_board><borough>BROOKLYN</borough><x_coordinate_state_plane_>991552</x_coordinate_state_plane_><y_coordinate_state_plane_>178282</y_coordinate_state_plane_><park_facility_name>Unspecified</park_facility_name><park_borough>BROOKLYN</park_borough><school_name>Unspecified</school_name><school_number>Unspecified</school_number><school_region>Unspecified</school_region><school_code>Unspecified</school_code><school_phone_number>Unspecified</school_phone_number><school_address>Unspecified</school_address><school_city>Unspecified</school_city><school_state>Unspecified</school_state><school_zip>Unspecified</school_zip><school_not_found>N</school_not_found><latitude>40.65601658787386</latitude><longitude>-73.97368304933433</longitude><location latitude="40.65601658787386" longitude="-73.97368304933433"/></row>