<?xml version="1.0" encoding="UTF-8"?>
<row _id="2723341" _uuid="0553198C-608E-4987-BC9B-BA53AABCA2F8" _address="http://data.cityofnewyork.us/resource/erm2-nwe9/2723341"><unique_key>20957041</unique_key><created_date year="2011" month="8" day="2">2011-08-02T00:00:00</created_date><closed_date year="2011" month="8" day="4">2011-08-04T00:00:00</closed_date><agency>FDNY</agency><agency_name>Bureau of Fire Prevention - Highrise Unit - Inspections</agency_name><complaint_type>Fire Safety Director - F58</complaint_type><descriptor>On Site Test</descriptor><location_type>Street Address</location_type><incident_zip>11201</incident_zip><incident_address>90 SANDS STREET</incident_address><street_name>SANDS STREET</street_name><cross_street_1>RAMP</cross_street_1><cross_street_2>JAY STREET</cross_street_2><address_type>ADDRESS</address_type><city>BROOKLYN</city><facility_type>N/A</facility_type><status>Closed</status><due_date>2011-08-07T00:00:00</due_date><resolution_action_updated_date year="2011" month="8" day="4">2011-08-04T00:00:00</resolution_action_updated_date><community_board>02 BROOKLYN</community_board><borough>BROOKLYN</borough><x_coordinate_state_plane_>987786</x_coordinate_state_plane_><y_coordinate_state_plane_>194331</y_coordinate_state_plane_><park_facility_name>Unspecified</park_facility_name><park_borough>BROOKLYN</park_borough><school_name>Unspecified</school_name><school_number>Unspecified</school_number><school_region>Unspecified</school_region><school_code>Unspecified</school_code><school_phone_number>Unspecified</school_phone_number><school_address>Unspecified</school_address><school_city>Unspecified</school_city><school_state>Unspecified</school_state><school_zip>Unspecified</school_zip><school_not_found>N</school_not_found><latitude>40.70006976666661</latitude><longitude>-73.98724757229728</longitude><location latitude="40.70006976666661" longitude="-73.98724757229728"/></row>