<?xml version="1.0" encoding="UTF-8"?>
<row _id="2587580" _uuid="0554DCCE-DDD3-4996-93DD-33384C4973F4" _address="http://data.cityofnewyork.us/resource/erm2-nwe9/2587580"><unique_key>20755759</unique_key><created_date year="2011" month="7" day="2">2011-07-02T00:00:00</created_date><closed_date year="2011" month="7" day="2">2011-07-02T00:00:00</closed_date><agency>NYPD</agency><agency_name>New York City Police Department</agency_name><complaint_type>Noise - Commercial</complaint_type><descriptor>Loud Music/Party</descriptor><location_type>Club/Bar/Restaurant</location_type><incident_zip>10010</incident_zip><incident_address> WEST 26 STREET</incident_address><street_name>WEST 26 STREET</street_name><cross_street_1>BROADWAY</cross_street_1><cross_street_2>6 AVENUE</cross_street_2><address_type>BLOCKFACE</address_type><city>NEW YORK</city><facility_type>Precinct</facility_type><status>Closed</status><due_date>2011-07-02T00:00:00</due_date><resolution_action_updated_date year="2011" month="7" day="2">2011-07-02T00:00:00</resolution_action_updated_date><community_board>05 MANHATTAN</community_board><borough>MANHATTAN</borough><x_coordinate_state_plane_>986961</x_coordinate_state_plane_><y_coordinate_state_plane_>210445</y_coordinate_state_plane_><park_facility_name>Unspecified</park_facility_name><park_borough>MANHATTAN</park_borough><school_name>Unspecified</school_name><school_number>Unspecified</school_number><school_region>Unspecified</school_region><school_code>Unspecified</school_code><school_phone_number>Unspecified</school_phone_number><school_address>Unspecified</school_address><school_city>Unspecified</school_city><school_state>Unspecified</school_state><school_zip>Unspecified</school_zip><school_not_found>N</school_not_found><latitude>40.74429909192673</latitude><longitude>-73.99021640759622</longitude><location latitude="40.74429909192673" longitude="-73.99021640759622"/></row>