<?xml version="1.0" encoding="UTF-8"?>
<row _id="3009685" _uuid="05553118-174D-4130-8D30-ED57A10DE847" _address="http://data.cityofnewyork.us/resource/erm2-nwe9/3009685"><unique_key>21565433</unique_key><created_date year="2011" month="10" day="2">2011-10-02T00:00:00</created_date><closed_date year="2011" month="10" day="11">2011-10-11T00:00:00</closed_date><agency>DOT</agency><agency_name>Department of Transportation</agency_name><complaint_type>Street Sign - Damaged</complaint_type><descriptor>Stop</descriptor><location_type>Street</location_type><incident_zip>11417</incident_zip><intersection_street_1>91 STREET</intersection_street_1><intersection_street_2>LIBERTY AVENUE</intersection_street_2><address_type>INTERSECTION</address_type><city>OZONE PARK</city><facility_type>N/A</facility_type><status>Closed</status><due_date>2011-10-10T00:00:00</due_date><resolution_action_updated_date year="2011" month="10" day="11">2011-10-11T00:00:00</resolution_action_updated_date><community_board>10 QUEENS</community_board><borough>QUEENS</borough><x_coordinate_state_plane_>1026455</x_coordinate_state_plane_><y_coordinate_state_plane_>187079</y_coordinate_state_plane_><park_facility_name>Unspecified</park_facility_name><park_borough>QUEENS</park_borough><school_name>Unspecified</school_name><school_number>Unspecified</school_number><school_region>Unspecified</school_region><school_code>Unspecified</school_code><school_phone_number>Unspecified</school_phone_number><school_address>Unspecified</school_address><school_city>Unspecified</school_city><school_state>Unspecified</school_state><school_zip>Unspecified</school_zip><school_not_found>N</school_not_found><latitude>40.680064787457326</latitude><longitude>-73.8478351171216</longitude><location latitude="40.680064787457326" longitude="-73.8478351171216"/></row>