<?xml version="1.0" encoding="UTF-8"?>
<row _id="791520" _uuid="0556AE45-02C1-42E4-81B0-65C511C315F0" _address="http://data.cityofnewyork.us/resource/erm2-nwe9/791520"><unique_key>17567558</unique_key><created_date year="2010" month="7" day="2">2010-07-02T00:00:00</created_date><closed_date year="2010" month="7" day="3">2010-07-03T00:00:00</closed_date><agency>NYPD</agency><agency_name>New York City Police Department</agency_name><complaint_type>Noise - Vehicle</complaint_type><descriptor>Car/Truck Music</descriptor><location_type>Street/Sidewalk</location_type><incident_zip>10031</incident_zip><intersection_street_1>WEST  142 STREET</intersection_street_1><intersection_street_2>AMSTERDAM AVENUE</intersection_street_2><address_type>INTERSECTION</address_type><city>NEW YORK</city><facility_type>Precinct</facility_type><status>Closed</status><due_date>2010-07-03T00:00:00</due_date><resolution_action_updated_date year="2010" month="7" day="3">2010-07-03T00:00:00</resolution_action_updated_date><community_board>09 MANHATTAN</community_board><borough>MANHATTAN</borough><x_coordinate_state_plane_>998363</x_coordinate_state_plane_><y_coordinate_state_plane_>239237</y_coordinate_state_plane_><park_facility_name>Unspecified</park_facility_name><park_borough>MANHATTAN</park_borough><school_name>Unspecified</school_name><school_number>Unspecified</school_number><school_region>Unspecified</school_region><school_code>Unspecified</school_code><school_phone_number>Unspecified</school_phone_number><school_address>Unspecified</school_address><school_city>Unspecified</school_city><school_state>Unspecified</school_state><school_zip>Unspecified</school_zip><school_not_found>N</school_not_found><latitude>40.823314604706354</latitude><longitude>-73.94900781934847</longitude><location latitude="40.823314604706354" longitude="-73.94900781934847"/></row>