<?xml version="1.0" encoding="UTF-8"?>
<row _id="1154092" _uuid="055D5D9B-F322-479F-ACD8-E690A8A6CD7E" _address="http://data.cityofnewyork.us/resource/erm2-nwe9/1154092"><unique_key>18858176</unique_key><created_date year="2010" month="10" day="8">2010-10-08T00:00:00</created_date><closed_date year="2010" month="10" day="8">2010-10-08T00:00:00</closed_date><agency>DOT</agency><agency_name>Department of Transportation</agency_name><complaint_type>Street Light Condition</complaint_type><descriptor>Street Light Out</descriptor><intersection_street_1>37 ST E</intersection_street_1><intersection_street_2>AVE L</intersection_street_2><address_type>INTERSECTION</address_type><facility_type>N/A</facility_type><status>Closed</status><resolution_action_updated_date year="2010" month="10" day="7">2010-10-07T00:00:00</resolution_action_updated_date><community_board>Unspecified BROOKLYN</community_board><borough>BROOKLYN</borough><park_facility_name>Unspecified</park_facility_name><park_borough>BROOKLYN</park_borough><school_name>Unspecified</school_name><school_number>Unspecified</school_number><school_region>Unspecified</school_region><school_code>Unspecified</school_code><school_phone_number>Unspecified</school_phone_number><school_address>Unspecified</school_address><school_city>Unspecified</school_city><school_state>Unspecified</school_state><school_zip>Unspecified</school_zip></row>