<?xml version="1.0" encoding="UTF-8"?>
<row _id="3010306" _uuid="055FFEE2-A544-4A22-8666-743741D1E4D5" _address="http://data.cityofnewyork.us/resource/erm2-nwe9/3010306"><unique_key>21567323</unique_key><created_date year="2011" month="10" day="2">2011-10-02T00:00:00</created_date><agency>HPD</agency><agency_name>Department of Housing Preservation and Development</agency_name><complaint_type>PLUMBING</complaint_type><descriptor>BASIN/SINK</descriptor><location_type>RESIDENTIAL BUILDING</location_type><incident_zip>11428</incident_zip><incident_address>93-23 218 STREET</incident_address><street_name>218 STREET</street_name><cross_street_1>93 ROAD</cross_street_1><cross_street_2>94 AVENUE</cross_street_2><address_type>ADDRESS</address_type><city>QUEENS VILLAGE</city><facility_type>N/A</facility_type><status>Open</status><resolution_action_updated_date year="2011" month="10" day="10">2011-10-10T00:00:00</resolution_action_updated_date><community_board>13 QUEENS</community_board><borough>QUEENS</borough><x_coordinate_state_plane_>1056583</x_coordinate_state_plane_><y_coordinate_state_plane_>202056</y_coordinate_state_plane_><park_facility_name>Unspecified</park_facility_name><park_borough>QUEENS</park_borough><school_name>Unspecified</school_name><school_number>Unspecified</school_number><school_region>Unspecified</school_region><school_code>Unspecified</school_code><school_phone_number>Unspecified</school_phone_number><school_address>Unspecified</school_address><school_city>Unspecified</school_city><school_state>Unspecified</school_state><school_zip>Unspecified</school_zip><latitude>40.72097804768168</latitude><longitude>-73.73905200932116</longitude><location latitude="40.72097804768168" longitude="-73.73905200932116"/></row>