<?xml version="1.0" encoding="UTF-8"?>
<row _id="2722367" _uuid="0560FF7E-D708-4A3E-8070-E7C0C055E047" _address="http://data.cityofnewyork.us/resource/erm2-nwe9/2722367"><unique_key>20960280</unique_key><created_date year="2011" month="8" day="2">2011-08-02T00:00:00</created_date><closed_date year="2011" month="8" day="3">2011-08-03T00:00:00</closed_date><agency>DEP</agency><agency_name>Department of Environmental Protection</agency_name><complaint_type>Water System</complaint_type><descriptor>Hydrant Running Full (WA4)</descriptor><incident_zip>10460</incident_zip><cross_street_1>MARMION AVE</cross_street_1><cross_street_2>ELSMERE PL</cross_street_2><intersection_street_1>MARMION AVENUE</intersection_street_1><intersection_street_2>ELSMERE PLACE</intersection_street_2><address_type>INTERSECTION</address_type><city>BRONX</city><facility_type>N/A</facility_type><status>Closed</status><resolution_action_updated_date year="2011" month="8" day="3">2011-08-03T00:00:00</resolution_action_updated_date><community_board>Unspecified BRONX</community_board><borough>BRONX</borough><x_coordinate_state_plane_>1015416</x_coordinate_state_plane_><y_coordinate_state_plane_>246313</y_coordinate_state_plane_><park_facility_name>Unspecified</park_facility_name><park_borough>BRONX</park_borough><school_name>Unspecified</school_name><school_number>Unspecified</school_number><school_region>Unspecified</school_region><school_code>Unspecified</school_code><school_phone_number>Unspecified</school_phone_number><school_address>Unspecified</school_address><school_city>Unspecified</school_city><school_state>Unspecified</school_state><school_zip>Unspecified</school_zip><latitude>40.842692463783386</latitude><longitude>-73.88736019421391</longitude><location latitude="40.842692463783386" longitude="-73.88736019421391"/></row>