<?xml version="1.0" encoding="UTF-8"?>
<row _id="3702469" _uuid="056344FA-1797-4AF9-832C-C72A5B7B366E" _address="http://data.cityofnewyork.us/resource/erm2-nwe9/3702469"><unique_key>22822717</unique_key><created_date year="2012" month="3" day="5">2012-03-05T00:00:00</created_date><closed_date year="2012" month="3" day="14">2012-03-14T00:00:00</closed_date><agency>DPR</agency><agency_name>Department of Parks and Recreation</agency_name><complaint_type>Illegal Tree Damage</complaint_type><descriptor>Branches Damaged</descriptor><location_type>Street</location_type><incident_zip>11218</incident_zip><incident_address> TEHAMA STREET</incident_address><street_name>TEHAMA STREET</street_name><cross_street_1>CHESTER AVENUE</cross_street_1><cross_street_2>36 STREET</cross_street_2><address_type>BLOCKFACE</address_type><city>BROOKLYN</city><facility_type>N/A</facility_type><status>Closed</status><due_date>2012-04-22T00:00:00</due_date><resolution_action_updated_date year="2012" month="3" day="14">2012-03-14T00:00:00</resolution_action_updated_date><community_board>12 BROOKLYN</community_board><borough>BROOKLYN</borough><x_coordinate_state_plane_>988430</x_coordinate_state_plane_><y_coordinate_state_plane_>173699</y_coordinate_state_plane_><park_facility_name>Unspecified</park_facility_name><park_borough>BROOKLYN</park_borough><school_name>Unspecified</school_name><school_number>Unspecified</school_number><school_region>Unspecified</school_region><school_code>Unspecified</school_code><school_phone_number>Unspecified</school_phone_number><school_address>Unspecified</school_address><school_city>Unspecified</school_city><school_state>Unspecified</school_state><school_zip>Unspecified</school_zip><school_not_found>N</school_not_found><latitude>40.64343927179698</latitude><longitude>-73.98493780919914</longitude><location latitude="40.64343927179698" longitude="-73.98493780919914"/></row>