<?xml version="1.0" encoding="UTF-8"?>
<row _id="3702583" _uuid="05665164-3CBC-4DA7-9EC3-FA098AC7F2F2" _address="http://data.cityofnewyork.us/resource/erm2-nwe9/3702583"><unique_key>22820872</unique_key><created_date year="2012" month="3" day="5">2012-03-05T00:00:00</created_date><closed_date year="2012" month="3" day="9">2012-03-09T00:00:00</closed_date><agency>DOB</agency><agency_name>Department of Buildings</agency_name><complaint_type>General Construction/Plumbing</complaint_type><descriptor>Sidewalk Shed/Pipe Scafford - Inadequate Defective/None</descriptor><incident_zip>10456</incident_zip><incident_address>1202 CLAY AVENUE</incident_address><street_name>CLAY AVENUE</street_name><cross_street_1>EAST 167 STREET</cross_street_1><cross_street_2>EAST 168 STREET</cross_street_2><address_type>ADDRESS</address_type><city>BRONX</city><facility_type>N/A</facility_type><status>Closed</status><resolution_action_updated_date year="2012" month="3" day="9">2012-03-09T00:00:00</resolution_action_updated_date><community_board>04 BRONX</community_board><borough>BRONX</borough><x_coordinate_state_plane_>1008987</x_coordinate_state_plane_><y_coordinate_state_plane_>242547</y_coordinate_state_plane_><park_facility_name>Unspecified</park_facility_name><park_borough>BRONX</park_borough><school_name>Unspecified</school_name><school_number>Unspecified</school_number><school_region>Unspecified</school_region><school_code>Unspecified</school_code><school_phone_number>Unspecified</school_phone_number><school_address>Unspecified</school_address><school_city>Unspecified</school_city><school_state>Unspecified</school_state><school_zip>Unspecified</school_zip><latitude>40.83237624132905</latitude><longitude>-73.91060968493636</longitude><location latitude="40.83237624132905" longitude="-73.91060968493636"/></row>