<?xml version="1.0" encoding="UTF-8"?>
<row _id="4574945" _uuid="056BB956-7C1C-4BE7-9D8D-DF54920CB8D4" _address="http://data.cityofnewyork.us/resource/erm2-nwe9/4574945"><unique_key>24125783</unique_key><created_date year="2012" month="10" day="2">2012-10-02T00:00:00</created_date><closed_date year="2012" month="10" day="2">2012-10-02T00:00:00</closed_date><agency>NYPD</agency><agency_name>New York City Police Department</agency_name><complaint_type>Blocked Driveway</complaint_type><descriptor>No Access</descriptor><location_type>Street/Sidewalk</location_type><incident_zip>11221</incident_zip><incident_address>1258 DEKALB AVENUE</incident_address><street_name>DEKALB AVENUE</street_name><cross_street_1>EVERGREEN AVENUE</cross_street_1><cross_street_2>MYRTLE AVENUE</cross_street_2><address_type>ADDRESS</address_type><city>BROOKLYN</city><facility_type>Precinct</facility_type><status>Closed</status><due_date>2012-10-02T00:00:00</due_date><resolution_action_updated_date year="2012" month="10" day="2">2012-10-02T00:00:00</resolution_action_updated_date><community_board>04 BROOKLYN</community_board><borough>BROOKLYN</borough><x_coordinate_state_plane_>1004632</x_coordinate_state_plane_><y_coordinate_state_plane_>193184</y_coordinate_state_plane_><park_facility_name>Unspecified</park_facility_name><park_borough>BROOKLYN</park_borough><school_name>Unspecified</school_name><school_number>Unspecified</school_number><school_region>Unspecified</school_region><school_code>Unspecified</school_code><school_phone_number>Unspecified</school_phone_number><school_address>Unspecified</school_address><school_city>Unspecified</school_city><school_state>Unspecified</school_state><school_zip>Unspecified</school_zip><school_not_found>N</school_not_found><latitude>40.69689875415639</latitude><longitude>-73.92649670569887</longitude><location latitude="40.69689875415639" longitude="-73.92649670569887"/></row>