<?xml version="1.0" encoding="UTF-8"?>
<row _id="932374" _uuid="056EC3F8-9E0C-4F07-9213-9656D7E67EBE" _address="http://data.cityofnewyork.us/resource/erm2-nwe9/932374"><unique_key>18390334</unique_key><created_date year="2010" month="8" day="2">2010-08-02T00:00:00</created_date><closed_date year="2010" month="8" day="2">2010-08-02T00:00:00</closed_date><agency>NYPD</agency><agency_name>New York City Police Department</agency_name><complaint_type>Derelict Vehicle</complaint_type><descriptor>With License Plate</descriptor><location_type>Street/Sidewalk</location_type><incident_zip>11212</incident_zip><incident_address>634 OSBORNE STREET</incident_address><street_name>OSBORNE STREET</street_name><cross_street_1>HEGEMAN AVENUE</cross_street_1><cross_street_2>LINDEN BOULEVARD</cross_street_2><address_type>ADDRESS</address_type><city>BROOKLYN</city><facility_type>Precinct</facility_type><status>Closed</status><due_date>2010-08-02T00:00:00</due_date><resolution_action_updated_date year="2010" month="8" day="2">2010-08-02T00:00:00</resolution_action_updated_date><community_board>16 BROOKLYN</community_board><borough>BROOKLYN</borough><x_coordinate_state_plane_>1010511</x_coordinate_state_plane_><y_coordinate_state_plane_>178331</y_coordinate_state_plane_><park_facility_name>Unspecified</park_facility_name><park_borough>BROOKLYN</park_borough><school_name>Unspecified</school_name><school_number>Unspecified</school_number><school_region>Unspecified</school_region><school_code>Unspecified</school_code><school_phone_number>Unspecified</school_phone_number><school_address>Unspecified</school_address><school_city>Unspecified</school_city><school_state>Unspecified</school_state><school_zip>Unspecified</school_zip><school_not_found>N</school_not_found><latitude>40.65611515207032</latitude><longitude>-73.9053532475224</longitude><location latitude="40.65611515207032" longitude="-73.9053532475224"/></row>