<?xml version="1.0" encoding="UTF-8"?>
<row _id="4864586" _uuid="05703ABB-1254-4660-A5ED-BC61F7C88809" _address="http://data.cityofnewyork.us/resource/erm2-nwe9/4864586"><unique_key>24521278</unique_key><created_date year="2012" month="12" day="2">2012-12-02T00:00:00</created_date><closed_date year="2012" month="12" day="6">2012-12-06T00:00:00</closed_date><agency>HPD</agency><agency_name>Department of Housing Preservation and Development</agency_name><complaint_type>HEATING</complaint_type><descriptor>HEAT</descriptor><location_type>RESIDENTIAL BUILDING</location_type><incident_zip>10035</incident_zip><incident_address>320 EAST 126 STREET</incident_address><street_name>EAST 126 STREET</street_name><cross_street_1>HARLEM RIVER DRV NB EN E 126 ST</cross_street_1><cross_street_2>1 AVENUE</cross_street_2><address_type>ADDRESS</address_type><city>NEW YORK</city><facility_type>N/A</facility_type><status>Closed</status><resolution_action_updated_date year="2012" month="12" day="6">2012-12-06T00:00:00</resolution_action_updated_date><community_board>11 MANHATTAN</community_board><borough>MANHATTAN</borough><x_coordinate_state_plane_>1002985</x_coordinate_state_plane_><y_coordinate_state_plane_>231874</y_coordinate_state_plane_><park_facility_name>Unspecified</park_facility_name><park_borough>MANHATTAN</park_borough><school_name>Unspecified</school_name><school_number>Unspecified</school_number><school_region>Unspecified</school_region><school_code>Unspecified</school_code><school_phone_number>Unspecified</school_phone_number><school_address>Unspecified</school_address><school_city>Unspecified</school_city><school_state>Unspecified</school_state><school_zip>Unspecified</school_zip><latitude>40.80309663511574</latitude><longitude>-73.93232846513469</longitude><location latitude="40.80309663511574" longitude="-73.93232846513469"/></row>