<?xml version="1.0" encoding="UTF-8"?>
<row _id="932022" _uuid="0576E092-ED1A-47F4-BB75-7D0A580F31FA" _address="http://data.cityofnewyork.us/resource/erm2-nwe9/932022"><unique_key>18394925</unique_key><created_date year="2010" month="8" day="2">2010-08-02T00:00:00</created_date><closed_date year="2010" month="8" day="23">2010-08-23T00:00:00</closed_date><agency>HPD</agency><agency_name>Department of Housing Preservation and Development</agency_name><complaint_type>PLUMBING</complaint_type><descriptor>SEWER</descriptor><location_type>RESIDENTIAL BUILDING</location_type><incident_zip>11234</incident_zip><incident_address>1045 EAST 56 STREET</incident_address><street_name>EAST 56 STREET</street_name><cross_street_1>AVENUE I</cross_street_1><cross_street_2>FLATLANDS AVENUE</cross_street_2><address_type>ADDRESS</address_type><city>BROOKLYN</city><facility_type>N/A</facility_type><status>Closed</status><resolution_action_updated_date year="2010" month="8" day="23">2010-08-23T00:00:00</resolution_action_updated_date><community_board>0 Unspecified</community_board><borough>Unspecified</borough><x_coordinate_state_plane_>1005818</x_coordinate_state_plane_><y_coordinate_state_plane_>169032</y_coordinate_state_plane_><park_facility_name>Unspecified</park_facility_name><park_borough>Unspecified</park_borough><school_name>Unspecified</school_name><school_number>Unspecified</school_number><school_region>Unspecified</school_region><school_code>Unspecified</school_code><school_phone_number>Unspecified</school_phone_number><school_address>Unspecified</school_address><school_city>Unspecified</school_city><school_state>Unspecified</school_state><school_zip>Unspecified</school_zip><latitude>40.630604081506874</latitude><longitude>-73.92229691535363</longitude><location latitude="40.630604081506874" longitude="-73.92229691535363"/></row>