<?xml version="1.0" encoding="UTF-8"?>
<row _id="932725" _uuid="057BB5A2-DED3-4F1D-85C1-9C87A548C378" _address="http://data.cityofnewyork.us/resource/erm2-nwe9/932725"><unique_key>18399501</unique_key><created_date year="2010" month="8" day="3">2010-08-03T00:00:00</created_date><closed_date year="2010" month="8" day="5">2010-08-05T00:00:00</closed_date><agency>DPR</agency><agency_name>Department of Parks and Recreation</agency_name><complaint_type>Root/Sewer/Sidewalk Condition</complaint_type><descriptor>Trees and Sidewalks Program</descriptor><location_type>Street</location_type><incident_zip>11420</incident_zip><incident_address>135-58 120 STREET</incident_address><street_name>120 STREET</street_name><cross_street_1>135 AVENUE</cross_street_1><cross_street_2>149 AVENUE</cross_street_2><address_type>ADDRESS</address_type><city>SOUTH OZONE PARK</city><facility_type>N/A</facility_type><status>Closed</status><due_date>2010-09-02T00:00:00</due_date><resolution_action_updated_date year="2010" month="8" day="5">2010-08-05T00:00:00</resolution_action_updated_date><community_board>10 QUEENS</community_board><borough>QUEENS</borough><x_coordinate_state_plane_>1034175</x_coordinate_state_plane_><y_coordinate_state_plane_>183462</y_coordinate_state_plane_><park_facility_name>Unspecified</park_facility_name><park_borough>QUEENS</park_borough><school_name>Unspecified</school_name><school_number>Unspecified</school_number><school_region>Unspecified</school_region><school_code>Unspecified</school_code><school_phone_number>Unspecified</school_phone_number><school_address>Unspecified</school_address><school_city>Unspecified</school_city><school_state>Unspecified</school_state><school_zip>Unspecified</school_zip><school_not_found>N</school_not_found><latitude>40.67009678290386</latitude><longitude>-73.82002848114448</longitude><location latitude="40.67009678290386" longitude="-73.82002848114448"/></row>