<?xml version="1.0" encoding="UTF-8"?>
<row _id="135468" _uuid="0582258B-09DD-49D1-B0F7-CFCD5655A8AA" _address="http://data.cityofnewyork.us/resource/erm2-nwe9/135468"><unique_key>18888800</unique_key><created_date year="2010" month="10" day="13">2010-10-13T00:00:00</created_date><closed_date year="2010" month="11" day="24">2010-11-24T00:00:00</closed_date><agency>DSNY</agency><agency_name>Department of Sanitation</agency_name><complaint_type>Graffiti</complaint_type><descriptor>Graffiti</descriptor><location_type>Residential</location_type><incident_zip>11357</incident_zip><incident_address>145-04 17 ROAD</incident_address><street_name>17 ROAD</street_name><cross_street_1>PARSONS BOULEVARD</cross_street_1><cross_street_2>147 STREET</cross_street_2><address_type>ADDRESS</address_type><city>WHITESTONE</city><facility_type>N/A</facility_type><status>Closed</status><resolution_action_updated_date year="2010" month="12" day="13">2010-12-13T00:00:00</resolution_action_updated_date><community_board>07 QUEENS</community_board><borough>QUEENS</borough><x_coordinate_state_plane_>1033848</x_coordinate_state_plane_><y_coordinate_state_plane_>224947</y_coordinate_state_plane_><park_facility_name>Unspecified</park_facility_name><park_borough>QUEENS</park_borough><school_name>Unspecified</school_name><school_number>Unspecified</school_number><school_region>Unspecified</school_region><school_code>Unspecified</school_code><school_phone_number>Unspecified</school_phone_number><school_address>Unspecified</school_address><school_city>Unspecified</school_city><school_state>Unspecified</school_state><school_zip>Unspecified</school_zip><latitude>40.78396458823656</latitude><longitude>-73.82090150180281</longitude><location latitude="40.78396458823656" longitude="-73.82090150180281"/></row>