<?xml version="1.0" encoding="UTF-8"?>
<row _id="4864119" _uuid="0582C96F-CEDF-436A-BC75-CB3EEC57B376" _address="http://data.cityofnewyork.us/resource/erm2-nwe9/4864119"><unique_key>24518785</unique_key><created_date year="2012" month="12" day="2">2012-12-02T00:00:00</created_date><closed_date year="2012" month="12" day="6">2012-12-06T00:00:00</closed_date><agency>HPD</agency><agency_name>Department of Housing Preservation and Development</agency_name><complaint_type>GENERAL CONSTRUCTION</complaint_type><descriptor>MOLD</descriptor><location_type>RESIDENTIAL BUILDING</location_type><incident_zip>11224</incident_zip><incident_address>1718 MERMAID AVENUE</incident_address><street_name>MERMAID AVENUE</street_name><cross_street_1>WEST 17 STREET</cross_street_1><cross_street_2>WEST 19 STREET</cross_street_2><address_type>ADDRESS</address_type><city>BROOKLYN</city><facility_type>N/A</facility_type><status>Closed</status><resolution_action_updated_date year="2012" month="12" day="6">2012-12-06T00:00:00</resolution_action_updated_date><community_board>13 BROOKLYN</community_board><borough>BROOKLYN</borough><x_coordinate_state_plane_>988418</x_coordinate_state_plane_><y_coordinate_state_plane_>149345</y_coordinate_state_plane_><park_facility_name>Unspecified</park_facility_name><park_borough>BROOKLYN</park_borough><school_name>Unspecified</school_name><school_number>Unspecified</school_number><school_region>Unspecified</school_region><school_code>Unspecified</school_code><school_phone_number>Unspecified</school_phone_number><school_address>Unspecified</school_address><school_city>Unspecified</school_city><school_state>Unspecified</school_state><school_zip>Unspecified</school_zip><latitude>40.57659255350895</latitude><longitude>-73.98499608123564</longitude><location latitude="40.57659255350895" longitude="-73.98499608123564"/></row>