<?xml version="1.0" encoding="UTF-8"?>
<row _id="2587142" _uuid="0584F256-AC5B-482C-822D-0BEFF9ACD08C" _address="http://data.cityofnewyork.us/resource/erm2-nwe9/2587142"><unique_key>20757886</unique_key><created_date year="2011" month="7" day="2">2011-07-02T00:00:00</created_date><agency>HPD</agency><agency_name>Department of Housing Preservation and Development</agency_name><complaint_type>GENERAL CONSTRUCTION</complaint_type><descriptor>FLOOR</descriptor><location_type>RESIDENTIAL BUILDING</location_type><incident_zip>10034</incident_zip><incident_address>541 WEST 204 STREET</incident_address><street_name>WEST 204 STREET</street_name><cross_street_1>NAGLE AVENUE</cross_street_1><cross_street_2>POST AVENUE</cross_street_2><address_type>ADDRESS</address_type><city>NEW YORK</city><facility_type>N/A</facility_type><status>Open</status><resolution_action_updated_date year="2011" month="7" day="21">2011-07-21T00:00:00</resolution_action_updated_date><community_board>12 MANHATTAN</community_board><borough>MANHATTAN</borough><x_coordinate_state_plane_>1006112</x_coordinate_state_plane_><y_coordinate_state_plane_>253950</y_coordinate_state_plane_><park_facility_name>Unspecified</park_facility_name><park_borough>MANHATTAN</park_borough><school_name>Unspecified</school_name><school_number>Unspecified</school_number><school_region>Unspecified</school_region><school_code>Unspecified</school_code><school_phone_number>Unspecified</school_phone_number><school_address>Unspecified</school_address><school_city>Unspecified</school_city><school_state>Unspecified</school_state><school_zip>Unspecified</school_zip><latitude>40.86368168466244</latitude><longitude>-73.92096167930647</longitude><location latitude="40.86368168466244" longitude="-73.92096167930647"/></row>