<?xml version="1.0" encoding="UTF-8"?>
<row _id="794955" _uuid="05860727-D904-41E5-A44F-59C98F2B6657" _address="http://data.cityofnewyork.us/resource/erm2-nwe9/794955"><unique_key>17566717</unique_key><created_date year="2010" month="7" day="2">2010-07-02T00:00:00</created_date><closed_date year="2010" month="7" day="8">2010-07-08T00:00:00</closed_date><agency>DOT</agency><agency_name>Department of Transportation</agency_name><complaint_type>Broken Parking Meter</complaint_type><descriptor>Coin or Card Did Not Register</descriptor><location_type>Street</location_type><incident_zip>10025</incident_zip><intersection_street_1>WEST  112 STREET</intersection_street_1><intersection_street_2>BROADWAY</intersection_street_2><address_type>INTERSECTION</address_type><city>NEW YORK</city><facility_type>N/A</facility_type><status>Closed</status><due_date>2010-07-22T00:00:00</due_date><resolution_action_updated_date year="2010" month="7" day="8">2010-07-08T00:00:00</resolution_action_updated_date><community_board>09 MANHATTAN</community_board><borough>MANHATTAN</borough><x_coordinate_state_plane_>993728</x_coordinate_state_plane_><y_coordinate_state_plane_>232727</y_coordinate_state_plane_><park_facility_name>Unspecified</park_facility_name><park_borough>MANHATTAN</park_borough><school_name>Unspecified</school_name><school_number>Unspecified</school_number><school_region>Unspecified</school_region><school_code>Unspecified</school_code><school_phone_number>Unspecified</school_phone_number><school_address>Unspecified</school_address><school_city>Unspecified</school_city><school_state>Unspecified</school_state><school_zip>Unspecified</school_zip><school_not_found>N</school_not_found><latitude>40.805452664607266</latitude><longitude>-73.9657638930925</longitude><location latitude="40.805452664607266" longitude="-73.9657638930925"/></row>