<?xml version="1.0" encoding="UTF-8"?>
<row _id="1890595" _uuid="05958B2F-9A25-4C35-BE1C-A9B23B459037" _address="http://data.cityofnewyork.us/resource/erm2-nwe9/1890595"><unique_key>20043755</unique_key><created_date year="2011" month="3" day="16">2011-03-16T00:00:00</created_date><closed_date year="2011" month="3" day="16">2011-03-16T00:00:00</closed_date><agency>DOT</agency><agency_name>Department of Transportation</agency_name><complaint_type>Traffic Signal Condition</complaint_type><descriptor>Veh Signal Head</descriptor><incident_zip>11428</incident_zip><intersection_street_1>BRADDOCK AVENUE</intersection_street_1><intersection_street_2>RANSOM STREET</intersection_street_2><address_type>INTERSECTION</address_type><city>QUEENS VILLAGE</city><facility_type>N/A</facility_type><status>Closed</status><resolution_action_updated_date year="2011" month="3" day="16">2011-03-16T00:00:00</resolution_action_updated_date><community_board>13 QUEENS</community_board><borough>QUEENS</borough><x_coordinate_state_plane_>1057572</x_coordinate_state_plane_><y_coordinate_state_plane_>204743</y_coordinate_state_plane_><park_facility_name>Unspecified</park_facility_name><park_borough>QUEENS</park_borough><school_name>Unspecified</school_name><school_number>Unspecified</school_number><school_region>Unspecified</school_region><school_code>Unspecified</school_code><school_phone_number>Unspecified</school_phone_number><school_address>Unspecified</school_address><school_city>Unspecified</school_city><school_state>Unspecified</school_state><school_zip>Unspecified</school_zip><latitude>40.72834503532593</latitude><longitude>-73.73545484709715</longitude><location latitude="40.72834503532593" longitude="-73.73545484709715"/></row>