<?xml version="1.0" encoding="UTF-8"?>
<row _id="2227497" _uuid="0598F73B-48DD-479D-BDBD-BED39AA78C47" _address="http://data.cityofnewyork.us/resource/erm2-nwe9/2227497"><unique_key>20454396</unique_key><created_date year="2011" month="5" day="17">2011-05-17T00:00:00</created_date><closed_date year="2011" month="5" day="17">2011-05-17T00:00:00</closed_date><agency>DOT</agency><agency_name>Department of Transportation</agency_name><complaint_type>Street Light Condition</complaint_type><descriptor>Street Light Out</descriptor><incident_address> HUTCH RVR PKWY</incident_address><street_name>HUTCH RVR PKWY</street_name><cross_street_1>EINSTEIN LOOP N</cross_street_1><facility_type>N/A</facility_type><status>Closed</status><resolution_action_updated_date year="2011" month="5" day="16">2011-05-16T00:00:00</resolution_action_updated_date><community_board>Unspecified BRONX</community_board><borough>BRONX</borough><park_facility_name>Unspecified</park_facility_name><park_borough>BRONX</park_borough><school_name>Unspecified</school_name><school_number>Unspecified</school_number><school_region>Unspecified</school_region><school_code>Unspecified</school_code><school_phone_number>Unspecified</school_phone_number><school_address>Unspecified</school_address><school_city>Unspecified</school_city><school_state>Unspecified</school_state><school_zip>Unspecified</school_zip></row>