<?xml version="1.0" encoding="UTF-8"?>
<row _id="2588878" _uuid="059A7EF9-C7D9-4526-96C7-0C19DB384737" _address="http://data.cityofnewyork.us/resource/erm2-nwe9/2588878"><unique_key>20755516</unique_key><created_date year="2011" month="7" day="2">2011-07-02T00:00:00</created_date><closed_date year="2011" month="7" day="2">2011-07-02T00:00:00</closed_date><agency>NYPD</agency><agency_name>New York City Police Department</agency_name><complaint_type>Illegal Parking</complaint_type><descriptor>Double Parked Blocking Vehicle</descriptor><location_type>Street/Sidewalk</location_type><incident_zip>10075</incident_zip><intersection_street_1>EAST   77 STREET</intersection_street_1><intersection_street_2>1 AVENUE</intersection_street_2><address_type>INTERSECTION</address_type><city>NEW YORK</city><facility_type>Precinct</facility_type><status>Closed</status><due_date>2011-07-02T00:00:00</due_date><resolution_action_updated_date year="2011" month="7" day="2">2011-07-02T00:00:00</resolution_action_updated_date><community_board>08 MANHATTAN</community_board><borough>MANHATTAN</borough><x_coordinate_state_plane_>997089</x_coordinate_state_plane_><y_coordinate_state_plane_>220185</y_coordinate_state_plane_><park_facility_name>Unspecified</park_facility_name><park_borough>MANHATTAN</park_borough><school_name>Unspecified</school_name><school_number>Unspecified</school_number><school_region>Unspecified</school_region><school_code>Unspecified</school_code><school_phone_number>Unspecified</school_phone_number><school_address>Unspecified</school_address><school_city>Unspecified</school_city><school_state>Unspecified</school_state><school_zip>Unspecified</school_zip><school_not_found>N</school_not_found><latitude>40.77102399632221</latitude><longitude>-73.95364737877979</longitude><location latitude="40.77102399632221" longitude="-73.95364737877979"/></row>