<?xml version="1.0" encoding="UTF-8"?>
<row _id="1127089" _uuid="059A734E-E05F-4255-96D1-CDB9FB6DA338" _address="http://data.cityofnewyork.us/resource/erm2-nwe9/1127089"><unique_key>20153333</unique_key><created_date year="2011" month="3" day="22">2011-03-22T00:00:00</created_date><closed_date year="2011" month="4" day="1">2011-04-01T00:00:00</closed_date><agency>DOB</agency><agency_name>Department of Buildings</agency_name><complaint_type>Building/Use</complaint_type><descriptor>Illegal Conversion Of Residential Building/Space</descriptor><incident_zip>10305</incident_zip><incident_address>27 RAILROAD AVENUE</incident_address><street_name>RAILROAD AVENUE</street_name><cross_street_1>MC CLEAN AVENUE</cross_street_1><cross_street_2>CEDAR AVENUE</cross_street_2><address_type>ADDRESS</address_type><city>STATEN ISLAND</city><facility_type>N/A</facility_type><status>Closed</status><resolution_action_updated_date year="2011" month="4" day="1">2011-04-01T00:00:00</resolution_action_updated_date><community_board>02 STATEN ISLAND</community_board><borough>STATEN ISLAND</borough><x_coordinate_state_plane_>966044</x_coordinate_state_plane_><y_coordinate_state_plane_>156972</y_coordinate_state_plane_><park_facility_name>Unspecified</park_facility_name><park_borough>STATEN ISLAND</park_borough><school_name>Unspecified</school_name><school_number>Unspecified</school_number><school_region>Unspecified</school_region><school_code>Unspecified</school_code><school_phone_number>Unspecified</school_phone_number><school_address>Unspecified</school_address><school_city>Unspecified</school_city><school_state>Unspecified</school_state><school_zip>Unspecified</school_zip><latitude>40.5975094291527</latitude><longitude>-74.0655582870552</longitude><location latitude="40.5975094291527" longitude="-74.0655582870552"/></row>