<?xml version="1.0" encoding="UTF-8"?>
<row _id="3951822" _uuid="059BC8FD-FA82-4D73-8D9A-2492E267EB5D" _address="http://data.cityofnewyork.us/resource/erm2-nwe9/3951822"><unique_key>23162954</unique_key><created_date year="2012" month="5" day="2">2012-05-02T00:00:00</created_date><closed_date year="2012" month="5" day="3">2012-05-03T00:00:00</closed_date><agency>DEP</agency><agency_name>Department of Environmental Protection</agency_name><complaint_type>Water System</complaint_type><descriptor>Dirty Water (WE)</descriptor><incident_zip>11385</incident_zip><incident_address>78-04 74 STREET</incident_address><street_name>74 STREET</street_name><cross_street_1>78 AVENUE</cross_street_1><cross_street_2>MYRTLE AVENUE</cross_street_2><address_type>ADDRESS</address_type><city>RIDGEWOOD</city><facility_type>N/A</facility_type><status>Closed</status><resolution_action_updated_date year="2012" month="5" day="3">2012-05-03T00:00:00</resolution_action_updated_date><community_board>05 QUEENS</community_board><borough>QUEENS</borough><x_coordinate_state_plane_>1018874</x_coordinate_state_plane_><y_coordinate_state_plane_>195803</y_coordinate_state_plane_><park_facility_name>Unspecified</park_facility_name><park_borough>QUEENS</park_borough><school_name>Unspecified</school_name><school_number>Unspecified</school_number><school_region>Unspecified</school_region><school_code>Unspecified</school_code><school_phone_number>Unspecified</school_phone_number><school_address>Unspecified</school_address><school_city>Unspecified</school_city><school_state>Unspecified</school_state><school_zip>Unspecified</school_zip><latitude>40.704043027957184</latitude><longitude>-73.8751225901349</longitude><location latitude="40.704043027957184" longitude="-73.8751225901349"/></row>