<?xml version="1.0" encoding="UTF-8"?>
<row _id="3951681" _uuid="059C8990-2D07-4E9A-A090-F3DD969FF844" _address="http://data.cityofnewyork.us/resource/erm2-nwe9/3951681"><unique_key>23163355</unique_key><created_date year="2012" month="5" day="2">2012-05-02T00:00:00</created_date><closed_date year="2012" month="5" day="2">2012-05-02T00:00:00</closed_date><agency>NYPD</agency><agency_name>New York City Police Department</agency_name><complaint_type>Noise - Street/Sidewalk</complaint_type><descriptor>Loud Talking</descriptor><location_type>Street/Sidewalk</location_type><incident_zip>10003</incident_zip><incident_address>145 EAST 17 STREET</incident_address><street_name>EAST 17 STREET</street_name><cross_street_1>IRVING PLACE</cross_street_1><cross_street_2>3 AVENUE</cross_street_2><address_type>ADDRESS</address_type><city>NEW YORK</city><facility_type>Precinct</facility_type><status>Closed</status><due_date>2012-05-02T00:00:00</due_date><resolution_action_updated_date year="2012" month="5" day="2">2012-05-02T00:00:00</resolution_action_updated_date><community_board>06 MANHATTAN</community_board><borough>MANHATTAN</borough><x_coordinate_state_plane_>987907</x_coordinate_state_plane_><y_coordinate_state_plane_>207291</y_coordinate_state_plane_><park_facility_name>Unspecified</park_facility_name><park_borough>MANHATTAN</park_borough><school_name>Unspecified</school_name><school_number>Unspecified</school_number><school_region>Unspecified</school_region><school_code>Unspecified</school_code><school_phone_number>Unspecified</school_phone_number><school_address>Unspecified</school_address><school_city>Unspecified</school_city><school_state>Unspecified</school_state><school_zip>Unspecified</school_zip><school_not_found>N</school_not_found><latitude>40.73564180492475</latitude><longitude>-73.98680415018042</longitude><location latitude="40.73564180492475" longitude="-73.98680415018042"/></row>