<?xml version="1.0" encoding="UTF-8"?>
<row _id="1152447" _uuid="059D50B4-7EED-4215-9F15-85008BA7378D" _address="http://data.cityofnewyork.us/resource/erm2-nwe9/1152447"><unique_key>18858214</unique_key><created_date year="2010" month="10" day="8">2010-10-08T00:00:00</created_date><closed_date year="2011" month="3" day="23">2011-03-23T00:00:00</closed_date><agency>DOT</agency><agency_name>Department of Transportation</agency_name><complaint_type>Street Light Condition</complaint_type><descriptor>Street Light Out</descriptor><intersection_street_1>19 ST E</intersection_street_1><intersection_street_2>AVE O</intersection_street_2><address_type>INTERSECTION</address_type><facility_type>N/A</facility_type><status>Closed</status><resolution_action_updated_date year="2010" month="10" day="26">2010-10-26T00:00:00</resolution_action_updated_date><community_board>Unspecified BROOKLYN</community_board><borough>BROOKLYN</borough><park_facility_name>Unspecified</park_facility_name><park_borough>BROOKLYN</park_borough><school_name>Unspecified</school_name><school_number>Unspecified</school_number><school_region>Unspecified</school_region><school_code>Unspecified</school_code><school_phone_number>Unspecified</school_phone_number><school_address>Unspecified</school_address><school_city>Unspecified</school_city><school_state>Unspecified</school_state><school_zip>Unspecified</school_zip></row>