<?xml version="1.0" encoding="UTF-8"?>
<row _id="2588651" _uuid="059F4F4B-01F2-44B1-A6B5-3DDE8F109994" _address="http://data.cityofnewyork.us/resource/erm2-nwe9/2588651"><unique_key>20757082</unique_key><created_date year="2011" month="7" day="2">2011-07-02T00:00:00</created_date><closed_date year="2011" month="4" day="8">2011-04-08T00:00:00</closed_date><agency>DOHMH</agency><agency_name>Department of Health and Mental Hygiene</agency_name><complaint_type>Rodent</complaint_type><descriptor>Rat Sighting</descriptor><location_type>3+ Family Mixed Use Building</location_type><incident_zip>10463</incident_zip><incident_address>3024 KINGSBRIDGE AVENUE</incident_address><street_name>KINGSBRIDGE AVENUE</street_name><cross_street_1>MARBLE HILL AVENUE</cross_street_1><cross_street_2>WEST 231 STREET</cross_street_2><address_type>ADDRESS</address_type><city>BRONX</city><facility_type>N/A</facility_type><status>Pending</status><due_date>2011-08-01T00:00:00</due_date><resolution_action_updated_date year="2011" month="7" day="2">2011-07-02T00:00:00</resolution_action_updated_date><community_board>08 BRONX</community_board><borough>BRONX</borough><x_coordinate_state_plane_>1009816</x_coordinate_state_plane_><y_coordinate_state_plane_>259451</y_coordinate_state_plane_><park_facility_name>Unspecified</park_facility_name><park_borough>BRONX</park_borough><school_name>Unspecified</school_name><school_number>Unspecified</school_number><school_region>Unspecified</school_region><school_code>Unspecified</school_code><school_phone_number>Unspecified</school_phone_number><school_address>Unspecified</school_address><school_city>Unspecified</school_city><school_state>Unspecified</school_state><school_zip>Unspecified</school_zip><school_not_found>N</school_not_found><latitude>40.87877028674815</latitude><longitude>-73.90754952044485</longitude><location latitude="40.87877028674815" longitude="-73.90754952044485"/></row>