<?xml version="1.0" encoding="UTF-8"?>
<row _id="2365" _uuid="05A2D714-98CA-41C0-9ACC-4EC249932221" _address="http://data.cityofnewyork.us/resource/erm2-nwe9/2365"><unique_key>15637939</unique_key><created_date year="2010" month="1" day="2">2010-01-02T00:00:00</created_date><agency>DPR</agency><agency_name>Department of Parks and Recreation</agency_name><complaint_type>Dead Tree</complaint_type><descriptor>Dead/Dying Tree</descriptor><location_type>Street</location_type><incident_zip>11234</incident_zip><incident_address>1517 EAST 56 STREET</incident_address><street_name>EAST 56 STREET</street_name><cross_street_1>AVENUE N</cross_street_1><cross_street_2>MILL LANE</cross_street_2><address_type>ADDRESS</address_type><city>BROOKLYN</city><facility_type>N/A</facility_type><status>Assigned</status><due_date>2010-01-29T00:00:00</due_date><resolution_action_updated_date year="2010" month="1" day="6">2010-01-06T00:00:00</resolution_action_updated_date><community_board>18 BROOKLYN</community_board><borough>BROOKLYN</borough><x_coordinate_state_plane_>1006180</x_coordinate_state_plane_><y_coordinate_state_plane_>164637</y_coordinate_state_plane_><park_facility_name>Unspecified</park_facility_name><park_borough>BROOKLYN</park_borough><school_name>Unspecified</school_name><school_number>Unspecified</school_number><school_region>Unspecified</school_region><school_code>Unspecified</school_code><school_phone_number>Unspecified</school_phone_number><school_address>Unspecified</school_address><school_city>Unspecified</school_city><school_state>Unspecified</school_state><school_zip>Unspecified</school_zip><latitude>40.61853984332338</latitude><longitude>-73.92100701638712</longitude><location latitude="40.61853984332338" longitude="-73.92100701638712"/></row>