<?xml version="1.0" encoding="UTF-8"?>
<row _id="3422630" _uuid="05A42CD2-3D69-4D45-968D-4664B4A2C4FF" _address="http://data.cityofnewyork.us/resource/erm2-nwe9/3422630"><unique_key>22511898</unique_key><created_date year="2012" month="1" day="13">2012-01-13T00:00:00</created_date><closed_date year="2012" month="1" day="13">2012-01-13T00:00:00</closed_date><agency>NYPD</agency><agency_name>New York City Police Department</agency_name><complaint_type>Noise - Street/Sidewalk</complaint_type><descriptor>Loud Talking</descriptor><location_type>Street/Sidewalk</location_type><incident_zip>11221</incident_zip><incident_address>1356 DEKALB AVENUE</incident_address><street_name>DEKALB AVENUE</street_name><cross_street_1>CENTRAL AVENUE</cross_street_1><cross_street_2>WILSON AVENUE</cross_street_2><address_type>ADDRESS</address_type><city>BROOKLYN</city><facility_type>Precinct</facility_type><status>Closed</status><due_date>2012-01-13T00:00:00</due_date><resolution_action_updated_date year="2012" month="1" day="13">2012-01-13T00:00:00</resolution_action_updated_date><community_board>04 BROOKLYN</community_board><borough>BROOKLYN</borough><x_coordinate_state_plane_>1005150</x_coordinate_state_plane_><y_coordinate_state_plane_>193879</y_coordinate_state_plane_><park_facility_name>Unspecified</park_facility_name><park_borough>BROOKLYN</park_borough><school_name>Unspecified</school_name><school_number>Unspecified</school_number><school_region>Unspecified</school_region><school_code>Unspecified</school_code><school_phone_number>Unspecified</school_phone_number><school_address>Unspecified</school_address><school_city>Unspecified</school_city><school_state>Unspecified</school_state><school_zip>Unspecified</school_zip><school_not_found>N</school_not_found><latitude>40.69880515838186</latitude><longitude>-73.9246264945293</longitude><location latitude="40.69880515838186" longitude="-73.9246264945293"/></row>