<?xml version="1.0" encoding="UTF-8"?>
<row _id="932337" _uuid="05A5AACF-A37C-4054-A96C-4B8969B18FE3" _address="http://data.cityofnewyork.us/resource/erm2-nwe9/932337"><unique_key>18404600</unique_key><created_date year="2010" month="8" day="3">2010-08-03T00:00:00</created_date><closed_date year="2010" month="8" day="20">2010-08-20T00:00:00</closed_date><agency>HPD</agency><agency_name>Department of Housing Preservation and Development</agency_name><complaint_type>ELECTRIC</complaint_type><descriptor>ELECTRIC-WIRING</descriptor><location_type>RESIDENTIAL BUILDING</location_type><incident_zip>10065</incident_zip><incident_address>408 EAST 64 STREET</incident_address><street_name>EAST 64 STREET</street_name><cross_street_1>1 AVENUE</cross_street_1><cross_street_2>YORK AVENUE</cross_street_2><address_type>ADDRESS</address_type><city>NEW YORK</city><facility_type>N/A</facility_type><status>Closed</status><resolution_action_updated_date year="2010" month="8" day="20">2010-08-20T00:00:00</resolution_action_updated_date><community_board>0 Unspecified</community_board><borough>Unspecified</borough><x_coordinate_state_plane_>995641</x_coordinate_state_plane_><y_coordinate_state_plane_>217038</y_coordinate_state_plane_><park_facility_name>Unspecified</park_facility_name><park_borough>Unspecified</park_borough><school_name>Unspecified</school_name><school_number>Unspecified</school_number><school_region>Unspecified</school_region><school_code>Unspecified</school_code><school_phone_number>Unspecified</school_phone_number><school_address>Unspecified</school_address><school_city>Unspecified</school_city><school_state>Unspecified</school_state><school_zip>Unspecified</school_zip><latitude>40.762388281881954</latitude><longitude>-73.95888042337846</longitude><location latitude="40.762388281881954" longitude="-73.95888042337846"/></row>