<?xml version="1.0" encoding="UTF-8"?>
<row _id="1869492" _uuid="05A620C7-E481-4242-B414-6724C775298D" _address="http://data.cityofnewyork.us/resource/erm2-nwe9/1869492"><unique_key>20043501</unique_key><created_date year="2011" month="3" day="15">2011-03-15T00:00:00</created_date><closed_date year="2011" month="4" day="13">2011-04-13T00:00:00</closed_date><agency>DOT</agency><agency_name>Department of Transportation</agency_name><complaint_type>Street Condition</complaint_type><descriptor>Pothole</descriptor><incident_zip>10016</incident_zip><incident_address> EAST   35 STREET</incident_address><street_name>EAST   35 STREET</street_name><cross_street_1>1 AVENUE</cross_street_1><cross_street_2>F D R DRIVE</cross_street_2><address_type>BLOCKFACE</address_type><city>NEW YORK</city><facility_type>N/A</facility_type><status>Closed</status><resolution_action_updated_date year="2011" month="4" day="13">2011-04-13T00:00:00</resolution_action_updated_date><community_board>06 MANHATTAN</community_board><borough>MANHATTAN</borough><x_coordinate_state_plane_>991911</x_coordinate_state_plane_><y_coordinate_state_plane_>210399</y_coordinate_state_plane_><park_facility_name>Unspecified</park_facility_name><park_borough>MANHATTAN</park_borough><school_name>Unspecified</school_name><school_number>Unspecified</school_number><school_region>Unspecified</school_region><school_code>Unspecified</school_code><school_phone_number>Unspecified</school_phone_number><school_address>Unspecified</school_address><school_city>Unspecified</school_city><school_state>Unspecified</school_state><school_zip>Unspecified</school_zip><latitude>40.744169930623706</latitude><longitude>-73.97235265319607</longitude><location latitude="40.744169930623706" longitude="-73.97235265319607"/></row>