<?xml version="1.0" encoding="UTF-8"?>
<row _id="2722682" _uuid="05A62E89-22E9-411B-99DC-E58A94E46C00" _address="http://data.cityofnewyork.us/resource/erm2-nwe9/2722682"><unique_key>20961207</unique_key><created_date year="2011" month="8" day="2">2011-08-02T00:00:00</created_date><closed_date year="2011" month="8" day="10">2011-08-10T00:00:00</closed_date><agency>DSNY</agency><agency_name>Department of Sanitation</agency_name><complaint_type>Graffiti</complaint_type><descriptor>Graffiti</descriptor><location_type>Residential</location_type><incident_zip>11218</incident_zip><incident_address>1111 CHURCH AVENUE</incident_address><street_name>CHURCH AVENUE</street_name><cross_street_1>EAST 11 STREET</cross_street_1><cross_street_2>EAST 12 STREET</cross_street_2><address_type>ADDRESS</address_type><city>BROOKLYN</city><facility_type>N/A</facility_type><status>Closed</status><resolution_action_updated_date year="2011" month="8" day="24">2011-08-24T00:00:00</resolution_action_updated_date><community_board>14 BROOKLYN</community_board><borough>BROOKLYN</borough><x_coordinate_state_plane_>992820</x_coordinate_state_plane_><y_coordinate_state_plane_>175025</y_coordinate_state_plane_><park_facility_name>Unspecified</park_facility_name><park_borough>BROOKLYN</park_borough><school_name>Unspecified</school_name><school_number>Unspecified</school_number><school_region>Unspecified</school_region><school_code>Unspecified</school_code><school_phone_number>Unspecified</school_phone_number><school_address>Unspecified</school_address><school_city>Unspecified</school_city><school_state>Unspecified</school_state><school_zip>Unspecified</school_zip><latitude>40.64707569571899</latitude><longitude>-73.96911722189822</longitude><location latitude="40.64707569571899" longitude="-73.96911722189822"/></row>