<?xml version="1.0" encoding="UTF-8"?>
<row _id="4203981" _uuid="05A75838-85D6-44CD-9DA9-D49C8A98CDF5" _address="http://data.cityofnewyork.us/resource/erm2-nwe9/4203981"><unique_key>23535360</unique_key><created_date year="2012" month="7" day="2">2012-07-02T00:00:00</created_date><closed_date year="2012" month="7" day="20">2012-07-20T00:00:00</closed_date><agency>DPR</agency><agency_name>Department of Parks and Recreation</agency_name><complaint_type>Maintenance or Facility</complaint_type><descriptor>Grass/Weeds</descriptor><location_type>Park</location_type><incident_zip>10461</incident_zip><intersection_street_1>MAYFLOWER AVENUE</intersection_street_1><intersection_street_2>WILKINSON AVENUE</intersection_street_2><address_type>INTERSECTION</address_type><city>BRONX</city><facility_type>N/A</facility_type><status>Closed</status><due_date>2012-07-16T00:00:00</due_date><resolution_action_updated_date year="2012" month="7" day="20">2012-07-20T00:00:00</resolution_action_updated_date><community_board>10 BRONX</community_board><borough>BRONX</borough><x_coordinate_state_plane_>1030241</x_coordinate_state_plane_><y_coordinate_state_plane_>249675</y_coordinate_state_plane_><park_facility_name>Unspecified</park_facility_name><park_borough>BRONX</park_borough><school_name>Unspecified</school_name><school_number>Unspecified</school_number><school_region>Unspecified</school_region><school_code>Unspecified</school_code><school_phone_number>Unspecified</school_phone_number><school_address>Unspecified</school_address><school_city>Unspecified</school_city><school_state>Unspecified</school_state><school_zip>Unspecified</school_zip><school_not_found>N</school_not_found><latitude>40.851855379474934</latitude><longitude>-73.83375689417164</longitude><location latitude="40.851855379474934" longitude="-73.83375689417164"/></row>