<?xml version="1.0" encoding="UTF-8"?>
<row _id="1635453" _uuid="05A9FCF5-10D9-4129-9F7D-D1CF19411B77" _address="http://data.cityofnewyork.us/resource/erm2-nwe9/1635453"><unique_key>19512764</unique_key><created_date year="2011" month="1" day="2">2011-01-02T00:00:00</created_date><closed_date year="2011" month="1" day="27">2011-01-27T00:00:00</closed_date><agency>TLC</agency><agency_name>Taxi and Limousine Commission</agency_name><complaint_type>Taxi Complaint</complaint_type><descriptor>Driver Complaint</descriptor><incident_zip>10016</incident_zip><intersection_street_1>EAST   34 STREET</intersection_street_1><intersection_street_2>1 AVENUE</intersection_street_2><address_type>INTERSECTION</address_type><city>NEW YORK</city><facility_type>N/A</facility_type><status>Closed</status><due_date>2011-01-27T00:00:00</due_date><resolution_action_updated_date year="2011" month="1" day="27">2011-01-27T00:00:00</resolution_action_updated_date><community_board>06 MANHATTAN</community_board><borough>MANHATTAN</borough><x_coordinate_state_plane_>991590</x_coordinate_state_plane_><y_coordinate_state_plane_>210258</y_coordinate_state_plane_><park_facility_name>Unspecified</park_facility_name><park_borough>MANHATTAN</park_borough><school_name>Unspecified</school_name><school_number>Unspecified</school_number><school_region>Unspecified</school_region><school_code>Unspecified</school_code><school_phone_number>Unspecified</school_phone_number><school_address>Unspecified</school_address><school_city>Unspecified</school_city><school_state>Unspecified</school_state><school_zip>Unspecified</school_zip><school_not_found>N</school_not_found><taxi_pick_up_location>Other</taxi_pick_up_location><latitude>40.74378319314109</latitude><longitude>-73.97351124562276</longitude><location latitude="40.74378319314109" longitude="-73.97351124562276"/></row>