<?xml version="1.0" encoding="UTF-8"?>
<row _id="259428" _uuid="05AAE2AC-0133-4075-91E0-05BB336F700A" _address="http://data.cityofnewyork.us/resource/erm2-nwe9/259428"><unique_key>16120602</unique_key><created_date year="2010" month="3" day="2">2010-03-02T00:00:00</created_date><closed_date year="2010" month="3" day="15">2010-03-15T00:00:00</closed_date><agency>HPD</agency><agency_name>Department of Housing Preservation and Development</agency_name><complaint_type>GENERAL CONSTRUCTION</complaint_type><descriptor>MOLD</descriptor><location_type>RESIDENTIAL BUILDING</location_type><incident_zip>10024</incident_zip><incident_address>153 WEST 80 STREET</incident_address><street_name>WEST 80 STREET</street_name><cross_street_1>COLUMBUS AVENUE</cross_street_1><cross_street_2>AMSTERDAM AVENUE</cross_street_2><address_type>ADDRESS</address_type><city>NEW YORK</city><facility_type>N/A</facility_type><status>Closed</status><resolution_action_updated_date year="2010" month="3" day="15">2010-03-15T00:00:00</resolution_action_updated_date><community_board>0 Unspecified</community_board><borough>Unspecified</borough><x_coordinate_state_plane_>990769</x_coordinate_state_plane_><y_coordinate_state_plane_>224641</y_coordinate_state_plane_><park_facility_name>Unspecified</park_facility_name><park_borough>Unspecified</park_borough><school_name>Unspecified</school_name><school_number>Unspecified</school_number><school_region>Unspecified</school_region><school_code>Unspecified</school_code><school_phone_number>Unspecified</school_phone_number><school_address>Unspecified</school_address><school_city>Unspecified</school_city><school_state>Unspecified</school_state><school_zip>Unspecified</school_zip><latitude>40.783261462435995</latitude><longitude>-73.97646013990332</longitude><location latitude="40.783261462435995" longitude="-73.97646013990332"/></row>