<?xml version="1.0" encoding="UTF-8"?>
<row _id="2325473" _uuid="05AC2A49-8B74-4653-B82F-A71548AAAC0D" _address="http://data.cityofnewyork.us/resource/erm2-nwe9/2325473"><unique_key>20343227</unique_key><created_date year="2011" month="5" day="2">2011-05-02T00:00:00</created_date><closed_date year="2011" month="7" day="14">2011-07-14T00:00:00</closed_date><agency>DOHMH</agency><agency_name>Department of Health and Mental Hygiene</agency_name><complaint_type>Indoor Air Quality</complaint_type><descriptor>Other (Explain Below)</descriptor><location_type>1-2 Family Dwelling</location_type><incident_zip>10463</incident_zip><incident_address>699 WEST 239 STREET</incident_address><street_name>WEST 239 STREET</street_name><cross_street_1>INDEPENDENCE AVENUE</cross_street_1><cross_street_2>HUDSON MANOR TERRACE</cross_street_2><address_type>ADDRESS</address_type><city>BRONX</city><facility_type>N/A</facility_type><status>Closed</status><due_date>2011-06-16T00:00:00</due_date><resolution_action_updated_date year="2011" month="7" day="14">2011-07-14T00:00:00</resolution_action_updated_date><community_board>08 BRONX</community_board><borough>BRONX</borough><x_coordinate_state_plane_>1007762</x_coordinate_state_plane_><y_coordinate_state_plane_>263509</y_coordinate_state_plane_><park_facility_name>Unspecified</park_facility_name><park_borough>BRONX</park_borough><school_name>Unspecified</school_name><school_number>Unspecified</school_number><school_region>Unspecified</school_region><school_code>Unspecified</school_code><school_phone_number>Unspecified</school_phone_number><school_address>Unspecified</school_address><school_city>Unspecified</school_city><school_state>Unspecified</school_state><school_zip>Unspecified</school_zip><latitude>40.88991393322937</latitude><longitude>-73.91496284129799</longitude><location latitude="40.88991393322937" longitude="-73.91496284129799"/></row>