<?xml version="1.0" encoding="UTF-8"?>
<row _id="2320508" _uuid="05B05256-8C71-4FFD-A807-3D6A74D20870" _address="http://data.cityofnewyork.us/resource/erm2-nwe9/2320508"><unique_key>20343443</unique_key><created_date year="2011" month="5" day="2">2011-05-02T00:00:00</created_date><closed_date year="2011" month="5" day="2">2011-05-02T00:00:00</closed_date><agency>DOT</agency><agency_name>Department of Transportation</agency_name><complaint_type>Broken Muni Meter</complaint_type><descriptor>No Receipt</descriptor><location_type>Street</location_type><incident_zip>11215</incident_zip><intersection_street_1>7 AVENUE</intersection_street_1><intersection_street_2>UNION STREET</intersection_street_2><address_type>INTERSECTION</address_type><city>BROOKLYN</city><facility_type>N/A</facility_type><status>Closed</status><due_date>2011-05-16T00:00:00</due_date><resolution_action_updated_date year="2011" month="5" day="2">2011-05-02T00:00:00</resolution_action_updated_date><community_board>06 BROOKLYN</community_board><borough>BROOKLYN</borough><x_coordinate_state_plane_>991055</x_coordinate_state_plane_><y_coordinate_state_plane_>185004</y_coordinate_state_plane_><park_facility_name>Unspecified</park_facility_name><park_borough>BROOKLYN</park_borough><school_name>Unspecified</school_name><school_number>Unspecified</school_number><school_region>Unspecified</school_region><school_code>Unspecified</school_code><school_phone_number>Unspecified</school_phone_number><school_address>Unspecified</school_address><school_city>Unspecified</school_city><school_state>Unspecified</school_state><school_zip>Unspecified</school_zip><school_not_found>N</school_not_found><latitude>40.674467381107625</latitude><longitude>-73.97546748926666</longitude><location latitude="40.674467381107625" longitude="-73.97546748926666"/></row>