<?xml version="1.0" encoding="UTF-8"?>
<row _id="542126" _uuid="05BFAAD3-CBC8-4B64-9C43-43F9BA7853E3" _address="http://data.cityofnewyork.us/resource/erm2-nwe9/542126"><unique_key>16571201</unique_key><created_date year="2010" month="5" day="3">2010-05-03T00:00:00</created_date><closed_date year="2010" month="5" day="5">2010-05-05T00:00:00</closed_date><agency>HPD</agency><agency_name>Department of Housing Preservation and Development</agency_name><complaint_type>NONCONST</complaint_type><descriptor>VERMIN</descriptor><location_type>RESIDENTIAL BUILDING</location_type><incident_zip>11206</incident_zip><incident_address>334 HART STREET</incident_address><street_name>HART STREET</street_name><cross_street_1>MARCUS GARVEY BOULEVARD</cross_street_1><cross_street_2>LEWIS AVENUE</cross_street_2><address_type>ADDRESS</address_type><city>BROOKLYN</city><facility_type>N/A</facility_type><status>Closed</status><resolution_action_updated_date year="2010" month="5" day="5">2010-05-05T00:00:00</resolution_action_updated_date><community_board>0 Unspecified</community_board><borough>Unspecified</borough><x_coordinate_state_plane_>1001376</x_coordinate_state_plane_><y_coordinate_state_plane_>192261</y_coordinate_state_plane_><park_facility_name>Unspecified</park_facility_name><park_borough>Unspecified</park_borough><school_name>Unspecified</school_name><school_number>Unspecified</school_number><school_region>Unspecified</school_region><school_code>Unspecified</school_code><school_phone_number>Unspecified</school_phone_number><school_address>Unspecified</school_address><school_city>Unspecified</school_city><school_state>Unspecified</school_state><school_zip>Unspecified</school_zip><latitude>40.6943722341244</latitude><longitude>-73.93824111111948</longitude><location latitude="40.6943722341244" longitude="-73.93824111111948"/></row>