<?xml version="1.0" encoding="UTF-8"?>
<row _id="4340965" _uuid="05C4B35C-03FF-4D30-A2E4-95A21CCEAE87" _address="http://data.cityofnewyork.us/resource/erm2-nwe9/4340965"><unique_key>23735263</unique_key><created_date year="2012" month="8" day="2">2012-08-02T00:00:00</created_date><closed_date year="2012" month="8" day="7">2012-08-07T00:00:00</closed_date><agency>HPD</agency><agency_name>Department of Housing Preservation and Development</agency_name><complaint_type>NONCONST</complaint_type><descriptor>VERMIN</descriptor><location_type>RESIDENTIAL BUILDING</location_type><incident_zip>11104</incident_zip><incident_address>43-18 44 STREET</incident_address><street_name>44 STREET</street_name><cross_street_1>43 AVENUE</cross_street_1><cross_street_2>QUEENS BOULEVARD</cross_street_2><address_type>ADDRESS</address_type><city>SUNNYSIDE</city><facility_type>N/A</facility_type><status>Closed</status><resolution_action_updated_date year="2012" month="8" day="7">2012-08-07T00:00:00</resolution_action_updated_date><community_board>02 QUEENS</community_board><borough>QUEENS</borough><x_coordinate_state_plane_>1006333</x_coordinate_state_plane_><y_coordinate_state_plane_>210591</y_coordinate_state_plane_><park_facility_name>Unspecified</park_facility_name><park_borough>QUEENS</park_borough><school_name>Unspecified</school_name><school_number>Unspecified</school_number><school_region>Unspecified</school_region><school_code>Unspecified</school_code><school_phone_number>Unspecified</school_phone_number><school_address>Unspecified</school_address><school_city>Unspecified</school_city><school_state>Unspecified</school_state><school_zip>Unspecified</school_zip><latitude>40.74467266883714</latitude><longitude>-73.92030530730959</longitude><location latitude="40.74467266883714" longitude="-73.92030530730959"/></row>