<?xml version="1.0" encoding="UTF-8"?>
<row _id="932295" _uuid="05C7613A-7CF1-462C-A50C-81DAE06CF451" _address="http://data.cityofnewyork.us/resource/erm2-nwe9/932295"><unique_key>18403735</unique_key><created_date year="2010" month="8" day="3">2010-08-03T00:00:00</created_date><closed_date year="2010" month="8" day="30">2010-08-30T00:00:00</closed_date><agency>DOT</agency><agency_name>Department of Transportation</agency_name><complaint_type>Street Condition</complaint_type><descriptor>Pothole</descriptor><incident_zip>10475</incident_zip><incident_address>100 DONIZETTI PLACE</incident_address><street_name>DONIZETTI PLACE</street_name><cross_street_1>DEAD END</cross_street_1><cross_street_2>BEND</cross_street_2><address_type>ADDRESS</address_type><city>BRONX</city><facility_type>N/A</facility_type><status>Closed</status><resolution_action_updated_date year="2010" month="8" day="30">2010-08-30T00:00:00</resolution_action_updated_date><community_board>10 BRONX</community_board><borough>BRONX</borough><x_coordinate_state_plane_>1030580</x_coordinate_state_plane_><y_coordinate_state_plane_>258377</y_coordinate_state_plane_><park_facility_name>Unspecified</park_facility_name><park_borough>BRONX</park_borough><school_name>Unspecified</school_name><school_number>Unspecified</school_number><school_region>Unspecified</school_region><school_code>Unspecified</school_code><school_phone_number>Unspecified</school_phone_number><school_address>Unspecified</school_address><school_city>Unspecified</school_city><school_state>Unspecified</school_state><school_zip>Unspecified</school_zip><latitude>40.87573792060997</latitude><longitude>-73.83247136073184</longitude><location latitude="40.87573792060997" longitude="-73.83247136073184"/></row>