<?xml version="1.0" encoding="UTF-8"?>
<row _id="1481848" _uuid="05CD65D3-FECB-466E-8A2F-52FEC5ACCCC1" _address="http://data.cityofnewyork.us/resource/erm2-nwe9/1481848"><unique_key>19248272</unique_key><created_date year="2010" month="12" day="2">2010-12-02T00:00:00</created_date><agency>HPD</agency><agency_name>Department of Housing Preservation and Development</agency_name><complaint_type>PLUMBING</complaint_type><descriptor>BASIN/SINK</descriptor><location_type>RESIDENTIAL BUILDING</location_type><incident_zip>11234</incident_zip><incident_address>2032 EAST 60 STREET</incident_address><street_name>EAST 60 STREET</street_name><cross_street_1>AVENUE T</cross_street_1><cross_street_2>AVENUE U</cross_street_2><address_type>ADDRESS</address_type><city>BROOKLYN</city><facility_type>N/A</facility_type><status>Open</status><resolution_action_updated_date year="2010" month="12" day="2">2010-12-02T00:00:00</resolution_action_updated_date><community_board>0 Unspecified</community_board><borough>Unspecified</borough><x_coordinate_state_plane_>1007427</x_coordinate_state_plane_><y_coordinate_state_plane_>163519</y_coordinate_state_plane_><park_facility_name>Unspecified</park_facility_name><park_borough>Unspecified</park_borough><school_name>Unspecified</school_name><school_number>Unspecified</school_number><school_region>Unspecified</school_region><school_code>Unspecified</school_code><school_phone_number>Unspecified</school_phone_number><school_address>Unspecified</school_address><school_city>Unspecified</school_city><school_state>Unspecified</school_state><school_zip>Unspecified</school_zip><latitude>40.61546799218589</latitude><longitude>-73.91651909899481</longitude><location latitude="40.61546799218589" longitude="-73.91651909899481"/></row>