<?xml version="1.0" encoding="UTF-8"?>
<row _id="4203968" _uuid="05CDE2D4-779A-4C88-9C26-740A3BB22650" _address="http://data.cityofnewyork.us/resource/erm2-nwe9/4203968"><unique_key>23537312</unique_key><created_date year="2012" month="7" day="2">2012-07-02T00:00:00</created_date><closed_date year="2012" month="7" day="5">2012-07-05T00:00:00</closed_date><agency>DPR</agency><agency_name>Department of Parks and Recreation</agency_name><complaint_type>Maintenance or Facility</complaint_type><descriptor>Structure - Outdoors</descriptor><location_type>Park</location_type><incident_zip>11229</incident_zip><intersection_street_1>AVENUE X</intersection_street_1><intersection_street_2>GERRITSEN AVENUE</intersection_street_2><address_type>INTERSECTION</address_type><city>BROOKLYN</city><facility_type>N/A</facility_type><status>Closed</status><due_date>2012-07-16T00:00:00</due_date><resolution_action_updated_date year="2012" month="7" day="5">2012-07-05T00:00:00</resolution_action_updated_date><community_board>15 BROOKLYN</community_board><borough>BROOKLYN</borough><x_coordinate_state_plane_>1003810</x_coordinate_state_plane_><y_coordinate_state_plane_>156722</y_coordinate_state_plane_><park_facility_name>Unspecified</park_facility_name><park_borough>BROOKLYN</park_borough><school_name>Unspecified</school_name><school_number>Unspecified</school_number><school_region>Unspecified</school_region><school_code>Unspecified</school_code><school_phone_number>Unspecified</school_phone_number><school_address>Unspecified</school_address><school_city>Unspecified</school_city><school_state>Unspecified</school_state><school_zip>Unspecified</school_zip><school_not_found>N</school_not_found><latitude>40.596820344994356</latitude><longitude>-73.92956679777487</longitude><location latitude="40.596820344994356" longitude="-73.92956679777487"/></row>