<?xml version="1.0" encoding="UTF-8"?>
<row _id="1630575" _uuid="05D9F294-0A86-4FA9-9E94-7658BB4C5206" _address="http://data.cityofnewyork.us/resource/erm2-nwe9/1630575"><unique_key>19511621</unique_key><created_date year="2011" month="1" day="2">2011-01-02T00:00:00</created_date><closed_date year="2011" month="1" day="2">2011-01-02T00:00:00</closed_date><agency>NYPD</agency><agency_name>New York City Police Department</agency_name><complaint_type>Illegal Parking</complaint_type><descriptor>Blocked Sidewalk</descriptor><location_type>Street/Sidewalk</location_type><incident_zip>11213</incident_zip><incident_address> EASTERN PARKWAY</incident_address><street_name>EASTERN PARKWAY</street_name><cross_street_1>ROCHESTER AVENUE</cross_street_1><cross_street_2>BUFFALO AVENUE</cross_street_2><address_type>BLOCKFACE</address_type><city>BROOKLYN</city><facility_type>Precinct</facility_type><status>Closed</status><due_date>2011-01-02T00:00:00</due_date><resolution_action_updated_date year="2011" month="1" day="2">2011-01-02T00:00:00</resolution_action_updated_date><community_board>08 BROOKLYN</community_board><borough>BROOKLYN</borough><x_coordinate_state_plane_>1004507</x_coordinate_state_plane_><y_coordinate_state_plane_>182865</y_coordinate_state_plane_><park_facility_name>Unspecified</park_facility_name><park_borough>BROOKLYN</park_borough><school_name>Unspecified</school_name><school_number>Unspecified</school_number><school_region>Unspecified</school_region><school_code>Unspecified</school_code><school_phone_number>Unspecified</school_phone_number><school_address>Unspecified</school_address><school_city>Unspecified</school_city><school_state>Unspecified</school_state><school_zip>Unspecified</school_zip><school_not_found>N</school_not_found><latitude>40.66857574611136</latitude><longitude>-73.92697851221885</longitude><location latitude="40.66857574611136" longitude="-73.92697851221885"/></row>