<?xml version="1.0" encoding="UTF-8"?>
<row _id="4204673" _uuid="05DB41D9-BEB8-43C2-9F28-10E853BFF7AC" _address="http://data.cityofnewyork.us/resource/erm2-nwe9/4204673"><unique_key>23537083</unique_key><created_date year="2012" month="7" day="2">2012-07-02T00:00:00</created_date><closed_date year="2012" month="7" day="26">2012-07-26T00:00:00</closed_date><agency>HPD</agency><agency_name>Department of Housing Preservation and Development</agency_name><complaint_type>PAINT - PLASTER</complaint_type><descriptor>WALLS</descriptor><location_type>RESIDENTIAL BUILDING</location_type><incident_zip>10456</incident_zip><incident_address>1259 COLLEGE AVENUE</incident_address><street_name>COLLEGE AVENUE</street_name><cross_street_1>EAST 168 STREET</cross_street_1><cross_street_2>EAST 169 STREET</cross_street_2><address_type>ADDRESS</address_type><city>BRONX</city><facility_type>N/A</facility_type><status>Closed</status><resolution_action_updated_date year="2012" month="7" day="26">2012-07-26T00:00:00</resolution_action_updated_date><community_board>04 BRONX</community_board><borough>BRONX</borough><x_coordinate_state_plane_>1008458</x_coordinate_state_plane_><y_coordinate_state_plane_>243229</y_coordinate_state_plane_><park_facility_name>Unspecified</park_facility_name><park_borough>BRONX</park_borough><school_name>Unspecified</school_name><school_number>Unspecified</school_number><school_region>Unspecified</school_region><school_code>Unspecified</school_code><school_phone_number>Unspecified</school_phone_number><school_address>Unspecified</school_address><school_city>Unspecified</school_city><school_state>Unspecified</school_state><school_zip>Unspecified</school_zip><latitude>40.834249599792024</latitude><longitude>-73.91251883161884</longitude><location latitude="40.834249599792024" longitude="-73.91251883161884"/></row>