<?xml version="1.0" encoding="UTF-8"?>
<row _id="792504" _uuid="05E69A66-0943-4AB3-B2EB-DB10B053C6DF" _address="http://data.cityofnewyork.us/resource/erm2-nwe9/792504"><unique_key>17567687</unique_key><created_date year="2010" month="7" day="2">2010-07-02T00:00:00</created_date><closed_date year="2010" month="7" day="2">2010-07-02T00:00:00</closed_date><agency>NYPD</agency><agency_name>New York City Police Department</agency_name><complaint_type>Noise - House of Worship</complaint_type><descriptor>Loud Music/Party</descriptor><location_type>House of Worship</location_type><incident_zip>10472</incident_zip><incident_address>2065 POWELL AVENUE</incident_address><street_name>POWELL AVENUE</street_name><cross_street_1>PUGSLEY AVENUE</cross_street_1><cross_street_2>OLMSTEAD AVENUE</cross_street_2><address_type>ADDRESS</address_type><city>BRONX</city><facility_type>Precinct</facility_type><status>Closed</status><due_date>2010-07-03T00:00:00</due_date><resolution_action_updated_date year="2010" month="7" day="2">2010-07-02T00:00:00</resolution_action_updated_date><community_board>09 BRONX</community_board><borough>BRONX</borough><x_coordinate_state_plane_>1024339</x_coordinate_state_plane_><y_coordinate_state_plane_>241936</y_coordinate_state_plane_><park_facility_name>Unspecified</park_facility_name><park_borough>BRONX</park_borough><school_name>Unspecified</school_name><school_number>Unspecified</school_number><school_region>Unspecified</school_region><school_code>Unspecified</school_code><school_phone_number>Unspecified</school_phone_number><school_address>Unspecified</school_address><school_city>Unspecified</school_city><school_state>Unspecified</school_state><school_zip>Unspecified</school_zip><school_not_found>N</school_not_found><latitude>40.83064288188332</latitude><longitude>-73.85513700147364</longitude><location latitude="40.83064288188332" longitude="-73.85513700147364"/></row>