<?xml version="1.0" encoding="UTF-8"?>
<row _id="3423093" _uuid="05E6FE45-1486-498A-9B85-EF1E74856C84" _address="http://data.cityofnewyork.us/resource/erm2-nwe9/3423093"><unique_key>22520099</unique_key><created_date year="2012" month="1" day="14">2012-01-14T00:00:00</created_date><closed_date year="2012" month="1" day="18">2012-01-18T00:00:00</closed_date><agency>DEP</agency><agency_name>Department of Environmental Protection</agency_name><complaint_type>Noise</complaint_type><descriptor>Noise, Barking Dog (NR5)</descriptor><incident_zip>10029</incident_zip><incident_address>1259 PARK AVENUE</incident_address><street_name>PARK AVENUE</street_name><cross_street_1>EAST 97 STREET</cross_street_1><cross_street_2>EAST 98 STREET</cross_street_2><address_type>ADDRESS</address_type><city>NEW YORK</city><facility_type>N/A</facility_type><status>Closed</status><resolution_action_updated_date year="2012" month="1" day="18">2012-01-18T00:00:00</resolution_action_updated_date><community_board>11 MANHATTAN</community_board><borough>MANHATTAN</borough><x_coordinate_state_plane_>997572</x_coordinate_state_plane_><y_coordinate_state_plane_>226167</y_coordinate_state_plane_><park_facility_name>Unspecified</park_facility_name><park_borough>MANHATTAN</park_borough><school_name>Unspecified</school_name><school_number>Unspecified</school_number><school_region>Unspecified</school_region><school_code>Unspecified</school_code><school_phone_number>Unspecified</school_phone_number><school_address>Unspecified</school_address><school_city>Unspecified</school_city><school_state>Unspecified</school_state><school_zip>Unspecified</school_zip><latitude>40.787442288708746</latitude><longitude>-73.95189174406553</longitude><location latitude="40.787442288708746" longitude="-73.95189174406553"/></row>