<?xml version="1.0" encoding="UTF-8"?>
<row _id="791432" _uuid="05EA956E-8240-4246-9934-D34CB319FC0D" _address="http://data.cityofnewyork.us/resource/erm2-nwe9/791432"><unique_key>17566562</unique_key><created_date year="2010" month="7" day="2">2010-07-02T00:00:00</created_date><closed_date year="2010" month="7" day="15">2010-07-15T00:00:00</closed_date><agency>DOHMH</agency><agency_name>Department of Health and Mental Hygiene</agency_name><complaint_type>Indoor Air Quality</complaint_type><descriptor>Chemical Vapors/Gases/Odors</descriptor><location_type>3+ Family Apartment Building</location_type><incident_zip>10065</incident_zip><incident_address>420 EAST 64 STREET</incident_address><street_name>EAST 64 STREET</street_name><cross_street_1>1 AVENUE</cross_street_1><cross_street_2>YORK AVENUE</cross_street_2><address_type>ADDRESS</address_type><city>NEW YORK</city><facility_type>N/A</facility_type><status>Closed</status><due_date>2010-08-01T00:00:00</due_date><resolution_action_updated_date year="2010" month="7" day="15">2010-07-15T00:00:00</resolution_action_updated_date><community_board>08 MANHATTAN</community_board><borough>MANHATTAN</borough><x_coordinate_state_plane_>995684</x_coordinate_state_plane_><y_coordinate_state_plane_>217014</y_coordinate_state_plane_><park_facility_name>Unspecified</park_facility_name><park_borough>MANHATTAN</park_borough><school_name>Unspecified</school_name><school_number>Unspecified</school_number><school_region>Unspecified</school_region><school_code>Unspecified</school_code><school_phone_number>Unspecified</school_phone_number><school_address>Unspecified</school_address><school_city>Unspecified</school_city><school_state>Unspecified</school_state><school_zip>Unspecified</school_zip><school_not_found>N</school_not_found><latitude>40.76232235255632</latitude><longitude>-73.95872524152152</longitude><location latitude="40.76232235255632" longitude="-73.95872524152152"/></row>