<?xml version="1.0" encoding="UTF-8"?>
<row _id="3950845" _uuid="05ED1A27-B783-4E0C-A1B3-F8B2B2954AC6" _address="http://data.cityofnewyork.us/resource/erm2-nwe9/3950845"><unique_key>23157885</unique_key><created_date year="2012" month="5" day="2">2012-05-02T00:00:00</created_date><closed_date year="2012" month="5" day="2">2012-05-02T00:00:00</closed_date><agency>3-1-1</agency><agency_name>3-1-1 Call Center</agency_name><complaint_type>Noise Survey</complaint_type><descriptor>People Created Noise</descriptor><location_type>Street/Sidewalk</location_type><incident_zip>10452</incident_zip><incident_address>1115 JEROME AVENUE</incident_address><street_name>JEROME AVENUE</street_name><cross_street_1>WEST 166 STREET</cross_street_1><cross_street_2>SHAKESPEARE AVENUE</cross_street_2><address_type>ADDRESS</address_type><city>BRONX</city><facility_type>N/A</facility_type><status>Closed</status><community_board>04 BRONX</community_board><borough>BRONX</borough><x_coordinate_state_plane_>1005198</x_coordinate_state_plane_><y_coordinate_state_plane_>243367</y_coordinate_state_plane_><park_facility_name>Unspecified</park_facility_name><park_borough>BRONX</park_borough><school_name>Unspecified</school_name><school_number>Unspecified</school_number><school_region>Unspecified</school_region><school_code>Unspecified</school_code><school_phone_number>Unspecified</school_phone_number><school_address>Unspecified</school_address><school_city>Unspecified</school_city><school_state>Unspecified</school_state><school_zip>Unspecified</school_zip><school_not_found>N</school_not_found><latitude>40.834636704051505</latitude><longitude>-73.92429915312455</longitude><location latitude="40.834636704051505" longitude="-73.92429915312455"/></row>