<?xml version="1.0" encoding="UTF-8"?>
<row _id="542315" _uuid="05F42B1D-AFE1-4512-939C-124228EB95E9" _address="http://data.cityofnewyork.us/resource/erm2-nwe9/542315"><unique_key>16573245</unique_key><created_date year="2010" month="5" day="3">2010-05-03T00:00:00</created_date><closed_date year="2010" month="5" day="3">2010-05-03T00:00:00</closed_date><agency>DOB</agency><agency_name>Department of Buildings</agency_name><complaint_type>General Construction/Plumbing</complaint_type><descriptor>Working Contrary To Stop Work Order</descriptor><incident_zip>11220</incident_zip><incident_address>247 46 STREET</incident_address><street_name>46 STREET</street_name><cross_street_1>2 AVENUE</cross_street_1><cross_street_2>3 AVENUE</cross_street_2><address_type>ADDRESS</address_type><city>BROOKLYN</city><facility_type>N/A</facility_type><status>Closed</status><resolution_action_updated_date year="2010" month="5" day="3">2010-05-03T00:00:00</resolution_action_updated_date><community_board>07 BROOKLYN</community_board><borough>BROOKLYN</borough><x_coordinate_state_plane_>980493</x_coordinate_state_plane_><y_coordinate_state_plane_>176348</y_coordinate_state_plane_><park_facility_name>Unspecified</park_facility_name><park_borough>BROOKLYN</park_borough><school_name>Unspecified</school_name><school_number>Unspecified</school_number><school_region>Unspecified</school_region><school_code>Unspecified</school_code><school_phone_number>Unspecified</school_phone_number><school_address>Unspecified</school_address><school_city>Unspecified</school_city><school_state>Unspecified</school_state><school_zip>Unspecified</school_zip><latitude>40.65071039352419</latitude><longitude>-74.01353943015158</longitude><location latitude="40.65071039352419" longitude="-74.01353943015158"/></row>