<?xml version="1.0" encoding="UTF-8"?>
<row _id="3209518" _uuid="05F69F9A-AFD7-4E1F-B6FF-C15D130F77B7" _address="http://data.cityofnewyork.us/resource/erm2-nwe9/3209518"><unique_key>22244992</unique_key><created_date year="2011" month="12" day="2">2011-12-02T00:00:00</created_date><closed_date year="2011" month="12" day="6">2011-12-06T00:00:00</closed_date><agency>DOT</agency><agency_name>Department of Transportation</agency_name><complaint_type>Street Condition</complaint_type><descriptor>Pothole</descriptor><incident_zip>10466</incident_zip><incident_address>4014 WICKHAM AVENUE</incident_address><street_name>WICKHAM AVENUE</street_name><cross_street_1>EAST 233 STREET</cross_street_1><cross_street_2>EDENWALD AVENUE</cross_street_2><address_type>ADDRESS</address_type><city>BRONX</city><facility_type>N/A</facility_type><status>Closed</status><resolution_action_updated_date year="2011" month="12" day="6">2011-12-06T00:00:00</resolution_action_updated_date><community_board>12 BRONX</community_board><borough>BRONX</borough><x_coordinate_state_plane_>1026396</x_coordinate_state_plane_><y_coordinate_state_plane_>263803</y_coordinate_state_plane_><park_facility_name>Unspecified</park_facility_name><park_borough>BRONX</park_borough><school_name>Unspecified</school_name><school_number>Unspecified</school_number><school_region>Unspecified</school_region><school_code>Unspecified</school_code><school_phone_number>Unspecified</school_phone_number><school_address>Unspecified</school_address><school_city>Unspecified</school_city><school_state>Unspecified</school_state><school_zip>Unspecified</school_zip><latitude>40.89065154500632</latitude><longitude>-73.84756647224432</longitude><location latitude="40.89065154500632" longitude="-73.84756647224432"/></row>