<?xml version="1.0" encoding="UTF-8"?>
<row _id="1095696" _uuid="05FF1034-9553-4516-996E-ABA98AC86921" _address="http://data.cityofnewyork.us/resource/erm2-nwe9/1095696"><unique_key>18863646</unique_key><created_date year="2010" month="10" day="9">2010-10-09T00:00:00</created_date><closed_date year="2010" month="10" day="9">2010-10-09T00:00:00</closed_date><agency>DOB</agency><agency_name>Department of Buildings</agency_name><complaint_type>General Construction/Plumbing</complaint_type><descriptor>Building - Vacant, Open And Unguarded</descriptor><incident_zip>11236</incident_zip><incident_address>9720 FARRAGUT ROAD</incident_address><street_name>FARRAGUT ROAD</street_name><cross_street_1>ROCKAWAY PARKWAY</cross_street_1><cross_street_2>EAST 98 STREET</cross_street_2><address_type>ADDRESS</address_type><city>BROOKLYN</city><facility_type>N/A</facility_type><status>Closed</status><resolution_action_updated_date year="2010" month="10" day="9">2010-10-09T00:00:00</resolution_action_updated_date><community_board>Unspecified BROOKLYN</community_board><borough>BROOKLYN</borough><x_coordinate_state_plane_>1010968</x_coordinate_state_plane_><y_coordinate_state_plane_>174934</y_coordinate_state_plane_><park_facility_name>Unspecified</park_facility_name><park_borough>BROOKLYN</park_borough><school_name>Unspecified</school_name><school_number>Unspecified</school_number><school_region>Unspecified</school_region><school_code>Unspecified</school_code><school_phone_number>Unspecified</school_phone_number><school_address>Unspecified</school_address><school_city>Unspecified</school_city><school_state>Unspecified</school_state><school_zip>Unspecified</school_zip><latitude>40.646789764654415</latitude><longitude>-73.90371964080175</longitude><location latitude="40.646789764654415" longitude="-73.90371964080175"/></row>