<?xml version="1.0" encoding="UTF-8"?>
<row _id="257771" _uuid="06014557-F49A-43B8-88A5-FFDDE412B799" _address="http://data.cityofnewyork.us/resource/erm2-nwe9/257771"><unique_key>16121508</unique_key><created_date year="2010" month="3" day="2">2010-03-02T00:00:00</created_date><closed_date year="2010" month="3" day="25">2010-03-25T00:00:00</closed_date><agency>HPD</agency><agency_name>Department of Housing Preservation and Development</agency_name><complaint_type>ELECTRIC</complaint_type><descriptor>LIGHTING</descriptor><location_type>RESIDENTIAL BUILDING</location_type><incident_zip>11204</incident_zip><incident_address>298 AVENUE P</incident_address><street_name>AVENUE P</street_name><cross_street_1>WEST 3 STREET</cross_street_1><cross_street_2>WEST 2 STREET</cross_street_2><address_type>ADDRESS</address_type><city>BROOKLYN</city><facility_type>N/A</facility_type><status>Closed</status><resolution_action_updated_date year="2010" month="3" day="25">2010-03-25T00:00:00</resolution_action_updated_date><community_board>0 Unspecified</community_board><borough>Unspecified</borough><x_coordinate_state_plane_>990718</x_coordinate_state_plane_><y_coordinate_state_plane_>160934</y_coordinate_state_plane_><park_facility_name>Unspecified</park_facility_name><park_borough>Unspecified</park_borough><school_name>Unspecified</school_name><school_number>Unspecified</school_number><school_region>Unspecified</school_region><school_code>Unspecified</school_code><school_phone_number>Unspecified</school_phone_number><school_address>Unspecified</school_address><school_city>Unspecified</school_city><school_state>Unspecified</school_state><school_zip>Unspecified</school_zip><latitude>40.608400652209525</latitude><longitude>-73.97670547388653</longitude><location latitude="40.608400652209525" longitude="-73.97670547388653"/></row>