<?xml version="1.0" encoding="UTF-8"?>
<row _id="3009725" _uuid="0603CFF8-5E46-4E5A-9294-4FAB0BEB1866" _address="http://data.cityofnewyork.us/resource/erm2-nwe9/3009725"><unique_key>21565201</unique_key><created_date year="2011" month="10" day="2">2011-10-02T00:00:00</created_date><closed_date year="2011" month="11" day="17">2011-11-17T00:00:00</closed_date><agency>DOB</agency><agency_name>Department of Buildings</agency_name><complaint_type>Elevator</complaint_type><descriptor>Elevator - Defective/Not Working</descriptor><incident_zip>11230</incident_zip><incident_address>1360 OCEAN AVENUE</incident_address><street_name>OCEAN AVENUE</street_name><cross_street_1>LONG ISLAND RAILROAD</cross_street_1><cross_street_2>AVENUE I</cross_street_2><address_type>ADDRESS</address_type><city>BROOKLYN</city><facility_type>N/A</facility_type><status>Closed</status><resolution_action_updated_date year="2011" month="11" day="17">2011-11-17T00:00:00</resolution_action_updated_date><community_board>14 BROOKLYN</community_board><borough>BROOKLYN</borough><x_coordinate_state_plane_>996179</x_coordinate_state_plane_><y_coordinate_state_plane_>168440</y_coordinate_state_plane_><park_facility_name>Unspecified</park_facility_name><park_borough>BROOKLYN</park_borough><school_name>Unspecified</school_name><school_number>Unspecified</school_number><school_region>Unspecified</school_region><school_code>Unspecified</school_code><school_phone_number>Unspecified</school_phone_number><school_address>Unspecified</school_address><school_city>Unspecified</school_city><school_state>Unspecified</school_state><school_zip>Unspecified</school_zip><latitude>40.62899739108625</latitude><longitude>-73.9570244020043</longitude><location latitude="40.62899739108625" longitude="-73.9570244020043"/></row>