<?xml version="1.0" encoding="UTF-8"?>
<row _id="3702463" _uuid="0607ED65-FC0E-48FB-9A18-9E8AF8783C5A" _address="http://data.cityofnewyork.us/resource/erm2-nwe9/3702463"><unique_key>22823577</unique_key><created_date year="2012" month="3" day="5">2012-03-05T00:00:00</created_date><closed_date year="2012" month="10" day="19">2012-10-19T00:00:00</closed_date><agency>DPR</agency><agency_name>Department of Parks and Recreation</agency_name><complaint_type>Root/Sewer/Sidewalk Condition</complaint_type><descriptor>Trees and Sidewalks Program</descriptor><location_type>Street</location_type><incident_zip>11217</incident_zip><incident_address>95 ST MARKS PLACE</incident_address><street_name>ST MARKS PLACE</street_name><cross_street_1>4 AVENUE</cross_street_1><cross_street_2>5 AVENUE</cross_street_2><address_type>ADDRESS</address_type><city>BROOKLYN</city><facility_type>N/A</facility_type><status>Closed</status><due_date>2012-04-04T00:00:00</due_date><resolution_action_updated_date year="2012" month="10" day="19">2012-10-19T00:00:00</resolution_action_updated_date><community_board>06 BROOKLYN</community_board><borough>BROOKLYN</borough><x_coordinate_state_plane_>990087</x_coordinate_state_plane_><y_coordinate_state_plane_>187545</y_coordinate_state_plane_><park_facility_name>Unspecified</park_facility_name><park_borough>BROOKLYN</park_borough><school_name>Unspecified</school_name><school_number>Unspecified</school_number><school_region>Unspecified</school_region><school_code>Unspecified</school_code><school_phone_number>Unspecified</school_phone_number><school_address>Unspecified</school_address><school_city>Unspecified</school_city><school_state>Unspecified</school_state><school_zip>Unspecified</school_zip><school_not_found>N</school_not_found><latitude>40.68144254253337</latitude><longitude>-73.97895499743348</longitude><location latitude="40.68144254253337" longitude="-73.97895499743348"/></row>