<?xml version="1.0" encoding="UTF-8"?>
<row _id="2245967" _uuid="060DACF2-4662-4E86-9A77-2DF1DC233193" _address="http://data.cityofnewyork.us/resource/erm2-nwe9/2245967"><unique_key>20464574</unique_key><created_date year="2011" month="5" day="19">2011-05-19T00:00:00</created_date><agency>DPR</agency><agency_name>Department of Parks and Recreation</agency_name><complaint_type>Root/Sewer/Sidewalk Condition</complaint_type><descriptor>Trees and Sidewalks Program</descriptor><location_type>Street</location_type><incident_zip>11204</incident_zip><incident_address>5418 18 AVENUE</incident_address><street_name>18 AVENUE</street_name><cross_street_1>54 STREET</cross_street_1><cross_street_2>55 STREET</cross_street_2><address_type>ADDRESS</address_type><city>BROOKLYN</city><facility_type>N/A</facility_type><status>Open</status><due_date>2011-06-18T00:00:00</due_date><community_board>12 BROOKLYN</community_board><borough>BROOKLYN</borough><x_coordinate_state_plane_>988692</x_coordinate_state_plane_><y_coordinate_state_plane_>167094</y_coordinate_state_plane_><park_facility_name>Unspecified</park_facility_name><park_borough>BROOKLYN</park_borough><school_name>Unspecified</school_name><school_number>Unspecified</school_number><school_region>Unspecified</school_region><school_code>Unspecified</school_code><school_phone_number>Unspecified</school_phone_number><school_address>Unspecified</school_address><school_city>Unspecified</school_city><school_state>Unspecified</school_state><school_zip>Unspecified</school_zip><school_not_found>N</school_not_found><latitude>40.62530982226414</latitude><longitude>-73.98399806752006</longitude><location latitude="40.62530982226414" longitude="-73.98399806752006"/></row>