<?xml version="1.0" encoding="UTF-8"?>
<row _id="257210" _uuid="060F7C08-FDB3-4653-9E5A-44F8D7BC2D26" _address="http://data.cityofnewyork.us/resource/erm2-nwe9/257210"><unique_key>16118739</unique_key><created_date year="2010" month="3" day="2">2010-03-02T00:00:00</created_date><closed_date year="2010" month="3" day="3">2010-03-03T00:00:00</closed_date><agency>TLC</agency><agency_name>Taxi and Limousine Commission</agency_name><complaint_type>For Hire Vehicle Complaint</complaint_type><descriptor>Car Service Company Complaint</descriptor><location_type>Street</location_type><incident_zip>11206</incident_zip><incident_address>586 BUSHWICK AVENUE</incident_address><street_name>BUSHWICK AVENUE</street_name><cross_street_1>ARION PLACE</cross_street_1><cross_street_2>MELROSE STREET</cross_street_2><address_type>ADDRESS</address_type><city>BROOKLYN</city><facility_type>N/A</facility_type><status>Closed</status><resolution_action_updated_date year="2010" month="3" day="3">2010-03-03T00:00:00</resolution_action_updated_date><community_board>04 BROOKLYN</community_board><borough>BROOKLYN</borough><x_coordinate_state_plane_>1002281</x_coordinate_state_plane_><y_coordinate_state_plane_>193875</y_coordinate_state_plane_><park_facility_name>Unspecified</park_facility_name><park_borough>BROOKLYN</park_borough><school_name>Unspecified</school_name><school_number>Unspecified</school_number><school_region>Unspecified</school_region><school_code>Unspecified</school_code><school_phone_number>Unspecified</school_phone_number><school_address>Unspecified</school_address><school_city>Unspecified</school_city><school_state>Unspecified</school_state><school_zip>Unspecified</school_zip><school_not_found>N</school_not_found><taxi_company_borough>BROOKLYN</taxi_company_borough><latitude>40.69880049010568</latitude><longitude>-73.93497322779446</longitude><location latitude="40.69880049010568" longitude="-73.93497322779446"/></row>