<?xml version="1.0" encoding="UTF-8"?>
<row _id="942" _uuid="0611788F-6A69-488E-B54C-9CA9E894D312" _address="http://data.cityofnewyork.us/resource/erm2-nwe9/942"><unique_key>15638302</unique_key><created_date year="2010" month="1" day="2">2010-01-02T00:00:00</created_date><closed_date year="2010" month="1" day="6">2010-01-06T00:00:00</closed_date><agency>HPD</agency><agency_name>Department of Housing Preservation and Development</agency_name><complaint_type>HEATING</complaint_type><descriptor>HEAT</descriptor><location_type>RESIDENTIAL BUILDING</location_type><incident_zip>11222</incident_zip><incident_address>954 MANHATTAN AVENUE</incident_address><street_name>MANHATTAN AVENUE</street_name><cross_street_1>JAVA STREET</cross_street_1><cross_street_2>INDIA STREET</cross_street_2><address_type>ADDRESS</address_type><city>BROOKLYN</city><facility_type>N/A</facility_type><status>Closed</status><resolution_action_updated_date year="2010" month="1" day="6">2010-01-06T00:00:00</resolution_action_updated_date><community_board>0 Unspecified</community_board><borough>Unspecified</borough><x_coordinate_state_plane_>996854</x_coordinate_state_plane_><y_coordinate_state_plane_>205915</y_coordinate_state_plane_><park_facility_name>Unspecified</park_facility_name><park_borough>Unspecified</park_borough><school_name>Unspecified</school_name><school_number>Unspecified</school_number><school_region>Unspecified</school_region><school_code>Unspecified</school_code><school_phone_number>Unspecified</school_phone_number><school_address>Unspecified</school_address><school_city>Unspecified</school_city><school_state>Unspecified</school_state><school_zip>Unspecified</school_zip><latitude>40.7318567992714</latitude><longitude>-73.9545225456111</longitude><location latitude="40.7318567992714" longitude="-73.9545225456111"/></row>