<?xml version="1.0" encoding="UTF-8"?>
<row _id="1185" _uuid="06123195-2B0E-41D0-8312-F7C3B0760835" _address="http://data.cityofnewyork.us/resource/erm2-nwe9/1185"><unique_key>15639099</unique_key><created_date year="2010" month="1" day="2">2010-01-02T00:00:00</created_date><closed_date year="2010" month="1" day="6">2010-01-06T00:00:00</closed_date><agency>HPD</agency><agency_name>Department of Housing Preservation and Development</agency_name><complaint_type>HEATING</complaint_type><descriptor>HEAT</descriptor><location_type>RESIDENTIAL BUILDING</location_type><incident_zip>10301</incident_zip><incident_address>119 WESTERVELT AVENUE</incident_address><street_name>WESTERVELT AVENUE</street_name><cross_street_1>HAMILTON AVENUE</cross_street_1><cross_street_2>CLEVELAND STREET</cross_street_2><address_type>ADDRESS</address_type><city>STATEN ISLAND</city><facility_type>N/A</facility_type><status>Closed</status><resolution_action_updated_date year="2010" month="1" day="6">2010-01-06T00:00:00</resolution_action_updated_date><community_board>0 Unspecified</community_board><borough>Unspecified</borough><x_coordinate_state_plane_>960569</x_coordinate_state_plane_><y_coordinate_state_plane_>174287</y_coordinate_state_plane_><park_facility_name>Unspecified</park_facility_name><park_borough>Unspecified</park_borough><school_name>Unspecified</school_name><school_number>Unspecified</school_number><school_region>Unspecified</school_region><school_code>Unspecified</school_code><school_phone_number>Unspecified</school_phone_number><school_address>Unspecified</school_address><school_city>Unspecified</school_city><school_state>Unspecified</school_state><school_zip>Unspecified</school_zip><latitude>40.64502253162945</latitude><longitude>-74.08533403320226</longitude><location latitude="40.64502253162945" longitude="-74.08533403320226"/></row>