<?xml version="1.0" encoding="UTF-8"?>
<row _id="932338" _uuid="06129AD1-A408-4C17-AF0A-649671F82D64" _address="http://data.cityofnewyork.us/resource/erm2-nwe9/932338"><unique_key>18404601</unique_key><created_date year="2010" month="8" day="3">2010-08-03T00:00:00</created_date><closed_date year="2010" month="8" day="10">2010-08-10T00:00:00</closed_date><agency>HPD</agency><agency_name>Department of Housing Preservation and Development</agency_name><complaint_type>ELECTRIC</complaint_type><descriptor>ELECTRIC-WIRING</descriptor><location_type>RESIDENTIAL BUILDING</location_type><incident_zip>10306</incident_zip><incident_address>419 FLINT STREET</incident_address><street_name>FLINT STREET</street_name><cross_street_1>OAK AVENUE</cross_street_1><cross_street_2>ISABELLA AVENUE</cross_street_2><address_type>ADDRESS</address_type><city>STATEN ISLAND</city><facility_type>N/A</facility_type><status>Closed</status><resolution_action_updated_date year="2010" month="8" day="10">2010-08-10T00:00:00</resolution_action_updated_date><community_board>0 Unspecified</community_board><borough>Unspecified</borough><x_coordinate_state_plane_>950631</x_coordinate_state_plane_><y_coordinate_state_plane_>144414</y_coordinate_state_plane_><park_facility_name>Unspecified</park_facility_name><park_borough>Unspecified</park_borough><school_name>Unspecified</school_name><school_number>Unspecified</school_number><school_region>Unspecified</school_region><school_code>Unspecified</school_code><school_phone_number>Unspecified</school_phone_number><school_address>Unspecified</school_address><school_city>Unspecified</school_city><school_state>Unspecified</school_state><school_zip>Unspecified</school_zip><latitude>40.56299516845602</latitude><longitude>-74.12099669761784</longitude><location latitude="40.56299516845602" longitude="-74.12099669761784"/></row>