<?xml version="1.0" encoding="UTF-8"?>
<row _id="3951663" _uuid="0614395A-A462-4AB9-8E7C-17DA9BEAEB47" _address="http://data.cityofnewyork.us/resource/erm2-nwe9/3951663"><unique_key>23162362</unique_key><created_date year="2012" month="5" day="2">2012-05-02T00:00:00</created_date><closed_date year="2012" month="5" day="2">2012-05-02T00:00:00</closed_date><agency>NYPD</agency><agency_name>New York City Police Department</agency_name><complaint_type>Blocked Driveway</complaint_type><descriptor>Partial Access</descriptor><location_type>Street/Sidewalk</location_type><incident_zip>11201</incident_zip><intersection_street_1>FRONT STREET</intersection_street_1><intersection_street_2>MAIN STREET</intersection_street_2><address_type>INTERSECTION</address_type><city>BROOKLYN</city><facility_type>Precinct</facility_type><status>Closed</status><due_date>2012-05-03T00:00:00</due_date><resolution_action_updated_date year="2012" month="5" day="2">2012-05-02T00:00:00</resolution_action_updated_date><community_board>02 BROOKLYN</community_board><borough>BROOKLYN</borough><x_coordinate_state_plane_>986829</x_coordinate_state_plane_><y_coordinate_state_plane_>195231</y_coordinate_state_plane_><park_facility_name>Unspecified</park_facility_name><park_borough>BROOKLYN</park_borough><school_name>Unspecified</school_name><school_number>Unspecified</school_number><school_region>Unspecified</school_region><school_code>Unspecified</school_code><school_phone_number>Unspecified</school_phone_number><school_address>Unspecified</school_address><school_city>Unspecified</school_city><school_state>Unspecified</school_state><school_zip>Unspecified</school_zip><school_not_found>N</school_not_found><latitude>40.702540386588026</latitude><longitude>-73.99069860581349</longitude><location latitude="40.702540386588026" longitude="-73.99069860581349"/></row>